"fiba.com";[83.221.236.154:80];1;16103770;[];0;0
"flta3lam.com";[34.102.136.180:80];1;3969708;[];0;0
"flyjo.com";[89.44.47.219:80];1;0;[];0;0
"foshia.net";[35.226.33.186:80];1;107107894;[];0;0
"frafet.com";[104.21.3.43:80, 172.67.130.57:80];2;1339879;[[2606:4700:3031::6815:32b]:80, [2606:4700:3034::ac43:8239]:80];2;2443960
"gag-lachayot.co.il";[88.218.116.119:80];1;83423534;[];0;0
"games-free.xyz";[198.54.120.50:80];1;154616925;[];0;0
"geek-share.com";[211.149.244.190:80];1;233196347;[];0;0
"gimoka.com";[164.90.172.23:80];1;1302024;[];0;0
"golinkcn.com";[104.27.146.139:80];1;0;[];0;0
"goodtyping.com";[217.182.172.193:80];1;10107576;[];0;0
"h-o-ev.blogspot.com";[142.250.186.65:80];1;1328064;[[2a00:1450:4001:827::2001]:80];1;2464079
"hanamdpi.gov.vn";[103.1.208.194:80];1;280088615;[];0;0
"hayatechsa.com";[157.90.48.124:80];1;6344510;[];0;0
"hdr-kora.xyz";[216.239.32.21:80, 216.239.34.21:80, 216.239.36.21:80, 216.239.38.21:80];4;2555505;[];0;0
"hixjen.com";[93.89.224.117:80];1;38815346;[];0;0
"hungyenbusiness.gov.vn";[103.1.208.194:80];1;338219389;[];0;0
"infoedro.net";[144.76.49.242:80];1;6301300;[];0;0
"iosdesignkit.io";[34.255.141.168:80];1;25332738;[];0;0
"jezantv.com";[136.243.51.231:80];1;5845635;[];0;0
"jobs-tunisia.blogspot.com";[142.250.186.65:80];1;1198171;[[2a00:1450:4001:827::2001]:80];1;2598335
"justmepal.blogspot.com";[142.250.186.65:80];1;1536111;[[2a00:1450:4001:827::2001]:80];1;2130404
"kanannews.net";[104.26.2.155:80, 104.26.3.155:80, 172.67.75.215:80];3;2087372;[[2606:4700:20::681a:29b]:80, [2606:4700:20::681a:39b]:80, [2606:4700:20::ac43:4bd7]:80];3;3675473
"khdamti.com";[];0;0;[];0;0
"khleji.com";[104.21.58.77:80, 172.67.157.245:80];2;1160323;[[2606:4700:3033::ac43:9df5]:80, [2606:4700:3037::6815:3a4d]:80];2;2583132
"kixeye.com";[52.10.184.151:80, 52.27.239.236:80, 54.71.176.65:80];3;145131852;[];0;0
"koat.com";[151.101.1.114:80, 151.101.65.114:80, 151.101.129.114:80, 151.101.193.114:80];4;2478383;[];0;0
"konuz.net";[104.21.38.143:80, 172.67.223.164:80];2;1135457;[[2606:4700:3031::6815:268f]:80, [2606:4700:3031::ac43:dfa4]:80];2;2493367
"kooora2day.online";[104.21.66.102:80, 172.67.159.7:80];2;1768843;[[2606:4700:3032::ac43:9f07]:80, [2606:4700:3035::6815:4266]:80];2;2816007
"labour.gov.ls";[41.203.191.124:80];1;180975172;[];0;0
"likeitviral.com";[104.21.94.47:80, 172.67.219.162:80];2;1759392;[];0;0
"luxurycode.qa";[74.220.219.222:80];1;154721507;[];0;0
"maimai.cn";[106.75.23.100:80];1;233881529;[];0;0
"manukahoneyherbs.com";[104.21.31.65:80, 172.67.175.59:80];2;2031622;[[2606:4700:3035::ac43:af3b]:80, [2606:4700:3036::6815:1f41]:80];2;2870383
"marstranslation.com";[54.211.200.20:80, 107.20.69.4:80];2;89338070;[];0;0
"mashreqins.com";[82.213.33.100:80];1;64355659;[];0;0
"mcihost.ml";[152.44.37.46:80];1;101021093;[[2605:7380:1000:1310:485c:5eff:fe23:6f93]:80];1;104696559
"medannws.com";[162.55.92.17:80];1;6610872;[];0;0
"medanps.com";[162.55.92.17:80];1;7210612;[];0;0
"mixbanat.com";[104.21.39.157:80, 172.67.146.184:80];2;1945290;[[2606:4700:3030::6815:279d]:80, [2606:4700:3037::ac43:92b8]:80];2;2954033
"mobtkr.com";[104.21.55.3:80, 172.67.143.194:80];2;1989501;[[2606:4700:3033::ac43:8fc2]:80, [2606:4700:3035::6815:3703]:80];2;2953606
"mosa.gov.ps";[213.244.86.35:80];1;67592237;[];0;0
"mot.gov.ps";[82.213.34.50:80];1;68032457;[];0;0
"mpiads.com";[104.21.4.176:80, 172.67.132.80:80];2;2449374;[[2606:4700:3031::6815:4b0]:80, [2606:4700:3032::ac43:8450]:80];2;2976263
"mshaweer.net";[144.91.72.77:80];1;7149930;[];0;0
"myfreshforex.herokuapp.com";[18.211.231.38:80, 54.205.8.205:80, 54.235.77.118:80, 174.129.128.48:80];4;90103494;[];0;0
"mystore.com.sa";[13.248.211.117:80, 76.223.91.164:80];2;2052891;[];0;0
"mytext.ga";[185.27.134.137:80];1;23134761;[];0;0
"nasmat.cam";[104.21.18.135:80, 172.67.181.231:80];2;2110996;[[2606:4700:3030::6815:1287]:80, [2606:4700:3033::ac43:b5e7]:80];2;3981869
"nawaculture.org";[159.69.84.181:80];1;6763064;[];0;0
"nedcoent.ps";[];0;0;[];0;0
"newnext.eu";[92.204.217.96:80];1;6579351;[];0;0
"newsmartmachine.com";[205.144.171.7:80];1;154847136;[];0;0
"nicolewalkerbailbonds.com";[35.173.162.147:80];1;89683039;[];0;0
"nongki.my.id";[45.64.97.106:80];1;175901637;[];0;0
"nongphue-kw.go.th";[119.59.103.203:80];1;234159989;[];0;0
"nortonlewis.com";[104.21.3.205:80, 172.67.131.45:80];2;3250800;[[2606:4700:3032::6815:3cd]:80, [2606:4700:3034::ac43:832d]:80];2;3060274
"nowtornado.blogspot.com";[142.250.186.65:80];1;2795123;[[2a00:1450:4001:827::2001]:80];1;2365050
"ofeq-sa.com";[213.32.11.15:80];1;10541748;[];0;0
"official-quicklink-app.herokuapp.com";[34.201.81.34:80, 54.208.186.182:80, 54.224.34.30:80, 54.243.129.215:80];4;89821350;[];0;0
"omegafi.com";[148.66.202.132:80];1;125827683;[];0;0
"orealbeauty.com";[192.64.118.49:80];1;157595057;[];0;0
"osarh.com";[95.216.115.240:80];1;23445881;[];0;0
"paledue.com";[104.21.61.168:80, 172.67.212.45:80];2;2547186;[[2606:4700:3030::ac43:d42d]:80, [2606:4700:3031::6815:3da8]:80];2;3945828
"palgooal-my.sharepoint.com";[13.107.136.9:80, 13.107.138.9:80];2;12535569;[];0;0
"parthpatel.net";[104.198.14.52:80];1;146409559;[];0;0
"partowpandi.com";[87.107.27.12:80];1;84151517;[];0;0
"pastenote.net";[104.21.78.12:80, 172.67.214.110:80];2;2913805;[[2606:4700:3031::ac43:d66e]:80, [2606:4700:3033::6815:4e0c]:80];2;3203969
"pazaaar.com";[164.68.127.248:80];1;9981791;[];0;0
"pdn.ps";[185.61.154.214:80];1;33642862;[];0;0
"perfectostyles.com";[23.227.38.32:80];1;2741192;[];0;0
"petcall.co.il";[91.198.70.50:80];1;61566973;[];0;0
"petglevha.com";[80.93.216.53:80];1;55346764;[];0;0
"phiture.com";[77.74.51.165:80];1;11517150;[];0;0
"preissmurphylms.com";[104.21.91.48:80, 172.67.166.187:80];2;3033231;[[2606:4700:3034::ac43:a6bb]:80, [2606:4700:3035::6815:5b30]:80];2;3554454
"ramallah.news";[104.21.5.32:80, 172.67.132.219:80];2;2683003;[[2606:4700:3034::ac43:84db]:80, [2606:4700:3037::6815:520]:80];2;3793568
"rapidfile.net";[104.21.82.111:80, 172.67.200.173:80];2;2989390;[[2606:4700:3033::6815:526f]:80, [2606:4700:3033::ac43:c8ad]:80];2;3153734
"razzahshop.com";[104.21.16.140:80, 172.67.212.244:80];2;2383616;[[2606:4700:3032::ac43:d4f4]:80, [2606:4700:3036::6815:108c]:80];2;4034095
"rcomlive.com";[151.106.117.1:80];1;241356697;[];0;0
"rechoftv.com";[104.21.93.138:80, 172.67.210.219:80];2;2539121;[[2606:4700:3031::ac43:d2db]:80, [2606:4700:3033::6815:5d8a]:80];2;4072034
"responda.app";[44.195.193.219:80, 52.6.19.214:80, 52.45.146.208:80, 54.210.174.63:80, 67.202.20.224:80, 107.23.111.45:80];6;89490411;[];0;0
"reviewsandbuyingguide.com";[104.21.58.239:80, 172.67.166.67:80];2;2231755;[[2606:4700:3033::6815:3aef]:80, [2606:4700:3035::ac43:a643]:80];2;3572337
"rexfeatures.com";[52.51.19.104:80, 54.155.113.210:80, 63.34.237.162:80];3;25777426;[];0;0
"ricawebdesign.com";[104.21.83.80:80, 172.67.217.156:80];2;2557563;[[2606:4700:3030::ac43:d99c]:80, [2606:4700:3033::6815:5350]:80];2;3884638
"richverse.com";[104.18.20.65:80, 104.18.21.65:80];2;2438394;[[2606:4700::6812:1441]:80, [2606:4700::6812:1541]:80];2;3047119
"sczg.hr";[161.53.174.9:80];1;22408341;[];0;0
"sd-gorjanci.com";[149.255.58.58:80];1;21148464;[];0;0
"seo-forall.com";[104.21.12.189:80, 172.67.132.86:80];2;2838203;[[2606:4700:3036::ac43:8456]:80, [2606:4700:3037::6815:cbd]:80];2;3532321
"shclean2.com";[54.76.177.85:80];1;25476491;[];0;0
"shehab.tv";[144.76.111.116:80];1;8272049;[];0;0
"shemale.taxi";[195.154.43.35:80, 195.154.43.41:80, 195.154.43.108:80];3;11494045;[];0;0
"sho7orhamly.com";[];0;0;[];0;0
"sigorta123.com";[93.89.224.117:80];1;40029061;[];0;0
"slikhaarshop.com";[23.227.38.65:80];1;3797304;[];0;0
"snaf1.blogspot.com";[142.250.186.65:80];1;3877675;[[2a00:1450:4001:827::2001]:80];1;4263789
"sora-rtl-soratemplates.blogspot.com";[142.250.186.65:80];1;3882938;[[2a00:1450:4001:827::2001]:80];1;4491905
"souidea.net";[194.163.133.58:80];1;8011139;[];0;0
"specs1.com";[139.162.173.76:80];1;3853434;[];0;0
"speedog.co.il";[62.90.75.172:80];1;58659660;[];0;0
"stitchfiddle.com";[89.41.169.144:80];1;8883815;[[2a01:7c8:e001:11f::1dee]:80];1;10768353
"talkify.net";[52.232.79.166:80];1;9987188;[];0;0
"techtutorialsx.com";[192.0.78.157:80, 192.0.78.222:80];2;4429202;[];0;0
"tedxmilehigh.com";[104.21.8.158:80, 172.67.130.141:80];2;4470926;[[2606:4700:3034::6815:89e]:80, [2606:4700:3036::ac43:828d]:80];2;3102234
"teejangold.com";[104.21.30.80:80, 172.67.172.129:80];2;4474802;[[2606:4700:3030::ac43:ac81]:80, [2606:4700:3037::6815:1e50]:80];2;3232570
"templateside.com";[162.0.209.37:80];1;156610795;[];0;0
"tflink.buzz";[141.136.0.149:80];1;31174508;[];0;0
"theimaginationtree.com";[38.29.223.43:80];1;139407454;[];0;0
"thepdcafe.com";[104.21.11.192:80, 172.67.150.55:80];2;4449685;[[2606:4700:3031::ac43:9637]:80, [2606:4700:3037::6815:bc0]:80];2;3149046
"thermographicwellness.com";[132.148.16.109:80];1;149791122;[];0;0
"tic-ly.com";[173.201.179.107:80];1;149149022;[];0;0
"top5downlo.blogspot.com";[142.250.186.65:80];1;3999716;[[2a00:1450:4001:827::2001]:80];1;3877488
"totaldermatology.com";[104.21.8.59:80, 172.67.138.154:80];2;3975816;[[2606:4700:3036::6815:83b]:80, [2606:4700:3036::ac43:8a9a]:80];2;3220891
"tradenet.sa";[104.21.89.252:80, 172.67.166.190:80];2;3966667;[[2606:4700:3030::ac43:a6be]:80, [2606:4700:3034::6815:59fc]:80];2;3232113
"tremmel-andersontrucking.com";[137.239.10.119:80];1;108068264;[];0;0
"trinityhumanitarianworks.org";[137.239.10.124:80];1;103173442;[];0;0
"trkeb.com";[104.21.61.105:80, 172.67.208.244:80];2;3948821;[[2606:4700:3033::6815:3d69]:80, [2606:4700:3033::ac43:d0f4]:80];2;2651292
"uibakery.io";[104.21.48.168:80, 172.67.154.98:80];2;3937293;[[2606:4700:3035::ac43:9a62]:80, [2606:4700:3037::6815:30a8]:80];2;3272179
"uniquestyle.store";[23.227.38.65:80];1;3490788;[];0;0
"urbanunit.gov.pk";[144.76.139.14:80];1;8068594;[];0;0
"urquiz.me";[104.21.58.41:80, 172.67.200.51:80];2;4059326;[[2606:4700:3031::6815:3a29]:80, [2606:4700:3035::ac43:c833]:80];2;2844784
"vpjbv.org";[141.136.0.149:80];1;31314254;[];0;0
"wafaicloud.com";[172.66.40.199:80, 172.66.43.57:80];2;3642632;[[2606:4700:3108::ac42:28c7]:80, [2606:4700:3108::ac42:2b39]:80];2;3284076
"wajbati.online";[168.119.43.70:80];1;7149971;[];0;0
"wavetransit.com";[155.138.160.136:80, 184.172.2.133:80];2;102292350;[];0;0
"wessex.ac.uk";[213.175.208.175:80];1;22308076;[];0;0
"wponeapp.com";[172.66.40.112:80, 172.66.43.144:80];2;3610456;[[2606:4700:3108::ac42:2870]:80, [2606:4700:3108::ac42:2b90]:80];2;3321336
"wxii12.com";[151.101.1.114:80, 151.101.65.114:80, 151.101.129.114:80, 151.101.193.114:80];4;3481255;[];0;0
"xynisteri.com";[35.71.131.223:80, 52.223.29.154:80];2;3607408;[];0;0
"y4lo.blogspot.com";[142.250.186.65:80];1;3607090;[[2a00:1450:4001:827::2001]:80];1;3670006
"ymamh.com";[104.167.221.2:80];1;115185367;[];0;0
"zerodayinitiative.com";[52.89.240.103:80];1;143860800;[];0;0
"zumawire.com";[70.168.152.102:80];1;191637963;[];0;0
"ariffurniture.co.id";[85.187.128.38:80];1;175428110;[];0;0
"clinicasvicario.es";[162.159.135.42:80];1;3502420;[];0;0
"gemu-group.com";[91.196.145.42:80];1;7775221;[];0;0
"models.lk";[104.21.13.189:80, 172.67.133.16:80];2;3979640;[[2606:4700:3033::6815:dbd]:80, [2606:4700:3033::ac43:8510]:80];2;3031408
"magichenotti.com";[159.69.105.164:80];1;7840151;[];0;0
"counselingwashington.com";[97.74.233.43:80];1;153979815;[];0;0
"mobiblip.com";[192.124.249.61:80];1;5053403;[];0;0
"mobilityex.com";[3.230.67.141:80, 23.20.216.216:80, 34.232.88.233:80, 35.171.109.27:80, 54.173.165.79:80, 100.24.225.183:80];6;89741321;[];0;0
"hudin.com";[185.17.255.46:80];1;4500271;[];0;0
"presisi.co";[45.80.181.53:80];1;320025014;[];0;0
"gwtechparts.com";[35.227.241.56:80];1;4526265;[];0;0
"cimcor.com";[104.26.8.249:80, 104.26.9.249:80, 172.67.70.228:80];3;3486688;[[2606:4700:20::681a:8f9]:80, [2606:4700:20::681a:9f9]:80, [2606:4700:20::ac43:46e4]:80];3;1840100
"spineandscoliosis.com";[35.208.220.158:80];1;114264381;[];0;0
"zegofoods.com";[151.101.66.159:80];1;5712887;[];0;0
"zunzunta.com";[185.230.63.107:80, 185.230.63.171:80, 185.230.63.186:80];3;26725448;[];0;0
"daphnewilde.com";[23.227.38.65:80];1;5754779;[];0;0
"bosswallet.io";[104.21.62.241:80, 172.67.140.161:80];2;5235503;[[2606:4700:3031::6815:3ef1]:80, [2606:4700:3031::ac43:8ca1]:80];2;1550402
"adhesiveplatform.com";[37.97.228.198:80];1;10349053;[];0;0
"articlebasement.com";[34.125.215.230:80];1;148657555;[];0;0
"atmospheremovers.com";[35.209.103.91:80];1;115061515;[];0;0
"egyptfwd.org";[104.21.44.43:80, 172.67.194.207:80];2;5201940;[[2606:4700:3031::6815:2c2b]:80, [2606:4700:3036::ac43:c2cf]:80];2;2110992
"meblehm.pl";[51.68.135.68:80];1;21392450;[];0;0
"skyorium.com";[23.227.38.32:80];1;6218805;[];0;0
"newslooks.com";[104.21.68.105:80, 172.67.194.70:80];2;5177850;[[2606:4700:3031::ac43:c246]:80, [2606:4700:3035::6815:4469]:80];2;1582573
"skylake.com";[23.185.0.3:80];1;6370019;[];0;0
"baoventd.org";[104.21.81.109:80, 172.67.159.87:80];2;2125862;[[2606:4700:3032::6815:516d]:80, [2606:4700:3033::ac43:9f57]:80];2;2154861
"koreorganic.com";[104.26.14.213:80, 104.26.15.213:80, 172.67.71.168:80];3;2366527;[[2606:4700:20::681a:ed5]:80, [2606:4700:20::681a:fd5]:80, [2606:4700:20::ac43:47a8]:80];3;2015478
"siciliarurale.eu";[51.75.130.31:80];1;10431904;[];0;0
"0day.today";[104.21.62.99:80, 172.67.222.209:80];2;2585017;[[2606:4700:3032::ac43:ded1]:80, [2606:4700:3036::6815:3e63]:80];2;2093047
"1.ps";[];0;0;[];0;0
"1111111111g11111111.blogspot.com";[142.250.186.65:80];1;3349219;[[2a00:1450:4001:827::2001]:80];1;1491094
"1and1.ae";[77.111.240.164:80];1;22821747;[[2a02:2350:5:102:8023:6a9:d37e:9747]:80];1;20889705
"1xkora.online";[104.21.58.144:80, 172.67.160.93:80];2;2329723;[[2606:4700:3032::ac43:a05d]:80, [2606:4700:3034::6815:3a90]:80];2;2122767
"3bqebda3.blogspot.com";[142.250.186.65:80];1;3322778;[[2a00:1450:4001:827::2001]:80];1;1824312
"3oloum.com";[87.98.188.44:80, 87.98.250.104:80, 87.98.254.183:80, 94.23.154.108:80, 94.23.154.120:80];5;10391500;[];0;0
"3rab.pw";[104.21.25.173:80, 172.67.134.107:80];2;2598799;[[2606:4700:3032::ac43:866b]:80, [2606:4700:3034::6815:19ad]:80];2;2856618
"48shops.com";[205.144.171.103:80];1;158283710;[];0;0
"5aen.net";[104.21.16.127:80, 172.67.212.180:80];2;2256421;[[2606:4700:3031::6815:107f]:80, [2606:4700:3037::ac43:d4b4]:80];2;2514743
"5jle.com";[65.108.16.99:80];1;24712742;[];0;0
"5souq.com";[199.188.206.25:80];1;156611138;[];0;0
"7esba.com";[184.168.131.241:80, 216.239.32.21:80, 216.239.34.21:80, 216.239.36.21:80, 216.239.38.21:80];5;32089723;[[2001:4860:4802:32::15]:80, [2001:4860:4802:34::15]:80, [2001:4860:4802:36::15]:80, [2001:4860:4802:38::15]:80];4;1060779
"abacademies.org";[104.21.40.216:80, 172.67.139.9:80];2;2327627;[[2606:4700:3030::ac43:8b09]:80, [2606:4700:3037::6815:28d8]:80];2;2496513
"abadystore.com";[104.21.83.239:80, 172.67.183.117:80];2;2419026;[[2606:4700:3032::6815:53ef]:80, [2606:4700:3037::ac43:b775]:80];2;2186367
"abmindworks.com";[5.134.13.214:80];1;16505837;[];0;0
"abukaram-adisone.netlify.app";[138.197.188.142:80, 167.99.246.105:80];2;2501506;[[2a03:b0c0:3:d0::1440:1]:80, [2a05:d014:275:cb02:7bc2:ee46:f4f6:be94]:80];2;2894867
"abukaram-sms.netlify.app";[159.65.118.56:80, 161.35.218.98:80];2;2783967;[[2a03:b0c0:3:d0::d22:8001]:80, [2a03:b0c0:3:d0::d23:e001]:80];2;2759790
"abyanpost.com";[35.208.93.124:80];1;117568309;[];0;0
"activexsoftwares.com";[188.40.217.123:80];1;6203373;[];0;0
"adelbahmim.com";[95.216.115.240:80];1;24541835;[];0;0
"affiliate-point.com";[184.168.131.241:80, 216.239.32.21:80, 216.239.34.21:80, 216.239.36.21:80, 216.239.38.21:80];5;31857329;[];0;0
"affiliateninjaclub.com";[104.26.10.17:80, 104.26.11.17:80, 172.67.74.184:80];3;2472839;[[2606:4700:20::681a:a11]:80, [2606:4700:20::681a:b11]:80, [2606:4700:20::ac43:4ab8]:80];3;1827511
"afrohair10.com";[104.21.89.29:80, 172.67.136.143:80];2;3084170;[[2606:4700:3034::6815:591d]:80, [2606:4700:3037::ac43:888f]:80];2;2534775
"aghandoura.com";[54.39.68.75:80];1;88863899;[];0;0
"agirlsguidetocars.com";[104.21.2.38:80, 172.67.128.174:80];2;2386248;[[2606:4700:3033::ac43:80ae]:80, [2606:4700:3035::6815:226]:80];2;2934027
"agronegocioscr.com";[205.144.171.29:80];1;156334930;[];0;0
"ahmadghali22.blogspot.com";[142.250.186.65:80];1;2917783;[[2a00:1450:4001:827::2001]:80];1;1817003
"aib.ps";[82.102.216.223:80];1;64012382;[];0;0
"airboxr.com";[99.83.198.148:80];1;91545315;[];0;0
"ajeeb.net";[23.227.38.32:80];1;2160780;[];0;0
"akka.ps";[104.21.95.138:80, 172.67.145.2:80];2;3332464;[[2606:4700:3032::6815:5f8a]:80, [2606:4700:3037::ac43:9102]:80];2;1333100
"akleel.com";[104.21.68.252:80, 172.67.200.136:80];2;3030056;[[2606:4700:3030::ac43:c888]:80, [2606:4700:3034::6815:44fc]:80];2;2170589
"akoanhome.com";[216.239.32.21:80, 216.239.34.21:80, 216.239.36.21:80, 216.239.38.21:80];4;2624586;[];0;0
"al-aela.com";[143.95.237.92:80];1;121918065;[];0;0
"al-karma.com";[46.16.186.67:80];1;9129148;[];0;0
"al-wa3d.com";[168.119.238.45:80];1;6014154;[];0;0
"al2la.com";[51.255.77.53:80];1;10764280;[];0;0
"alberlive.net";[104.21.89.81:80, 172.67.139.16:80];2;3042940;[[2606:4700:3031::6815:5951]:80, [2606:4700:3035::ac43:8b10]:80];2;1642024
"aldaqeq.com";[104.21.31.200:80, 172.67.179.238:80];2;3036491;[[2606:4700:3034::6815:1fc8]:80, [2606:4700:3036::ac43:b3ee]:80];2;1787884
"alemny.net";[104.21.10.146:80, 172.67.190.124:80];2;3037374;[[2606:4700:3031::6815:a92]:80, [2606:4700:3033::ac43:be7c]:80];2;1825982
"algeria7.yoo7.com";[94.23.73.212:80, 94.23.76.111:80, 94.23.150.222:80, 94.23.159.185:80, 178.33.43.150:80, 178.33.43.178:80, 178.33.44.177:80, 178.33.115.32:80, 188.165.2.137:80];9;10192864;[];0;0
"alglaah.com";[104.21.68.218:80, 172.67.198.247:80];2;3012212;[[2606:4700:3031::6815:44da]:80, [2606:4700:3037::ac43:c6f7]:80];2;1979443
"algooal.com";[81.16.28.62:80];1;10675707;[];0;0
"alimaanonline.com";[199.188.201.148:80];1;156569272;[];0;0
"aljblan.com";[66.7.221.70:80];1;127894292;[];0;0
"aljblan.net";[66.7.221.70:80];1;129799331;[];0;0
"alkahf.com";[103.224.182.227:80];1;142747575;[];0;0
"allthingsmamma.com";[104.26.0.189:80, 104.26.1.189:80, 172.67.69.239:80];3;2571485;[[2606:4700:20::681a:bd]:80, [2606:4700:20::681a:1bd]:80, [2606:4700:20::ac43:45ef]:80];3;1295182
"alm3lm.net";[104.21.23.150:80, 172.67.211.173:80];2;2915626;[[2606:4700:3033::6815:1796]:80, [2606:4700:3037::ac43:d3ad]:80];2;1411896
"almrj3-com.translate.goog";[142.250.181.225:80];1;5026600;[[2a00:1450:4001:802::2001]:80];1;976816
"almutahidah.com";[185.230.211.78:80];1;88969517;[];0;0
"alnadawi.com";[178.162.218.195:80];1;3911003;[];0;0
"alnahw.com";[104.21.33.200:80, 172.67.149.29:80];2;2486894;[[2606:4700:3033::6815:21c8]:80, [2606:4700:3037::ac43:951d]:80];2;1391200
"alqemanew.com";[81.19.215.4:80];1;17051267;[];0;0
"alsahiha.com";[213.227.129.195:80];1;8394241;[];0;0
"alsannat.com";[104.26.6.135:80, 104.26.7.135:80, 172.67.72.179:80];3;2308405;[[2606:4700:20::681a:687]:80, [2606:4700:20::681a:787]:80, [2606:4700:20::ac43:48b3]:80];3;1490623
"amanahelp.com";[198.54.120.244:80];1;156292468;[];0;0
"amazonservices.com";[72.21.203.216:80, 207.171.162.62:80, 207.171.162.187:80];3;0;[];0;0
"amikamoda.ru";[104.21.25.191:80, 172.67.134.125:80];2;2699710;[[2606:4700:3031::6815:19bf]:80, [2606:4700:3031::ac43:867d]:80];2;1773200
"anamalika.com";[51.210.25.137:80];1;10272189;[];0;0
"anassouq.blogspot.com";[142.250.186.65:80];1;3851504;[[2a00:1450:4001:827::2001]:80];1;1518350
"android-market-kefak.com";[];0;0;[];0;0
"androidhow.eu";[104.21.46.51:80, 172.67.223.223:80];2;3836227;[[2606:4700:3033::6815:2e33]:80, [2606:4700:3037::ac43:dfdf]:80];2;1270997
"ansani2.com";[34.102.136.180:80];1;3757708;[];0;0
"ansar1.com";[103.224.212.219:80];1;142939865;[];0;0
"anwersenan.com";[216.239.32.21:80, 216.239.34.21:80, 216.239.36.21:80, 216.239.38.21:80];4;2430001;[];0;0
"aoad.org";[209.237.151.17:80];1;119899069;[];0;0
"apawire.com";[184.168.131.241:80];1;158797359;[];0;0
"apk-dawn.com";[66.29.141.34:80];1;156424432;[];0;0
"apk10.net";[188.40.217.123:80];1;6737454;[];0;0
"aplus.ps";[178.63.103.183:80];1;6613513;[];0;0
"appetitt.no";[31.24.129.104:80];1;29144991;[];0;0
"appscenic.com";[104.26.14.147:80, 104.26.15.147:80, 172.67.69.136:80];3;2813037;[[2606:4700:20::681a:e93]:80, [2606:4700:20::681a:f93]:80, [2606:4700:20::ac43:4588]:80];3;1302211
"arab.co";[];0;0;[];0;0
"arab.com";[91.195.240.135:80];1;7542053;[];0;0
"arabic-quotes.com";[104.21.38.134:80, 172.67.222.245:80];2;2941921;[[2606:4700:3035::6815:2686]:80, [2606:4700:3036::ac43:def5]:80];2;1394418
"arabp2p.net";[66.37.7.67:80];1;134130705;[];0;0
"arabpure.com";[104.21.21.154:80, 172.67.199.83:80];2;2628709;[[2606:4700:3031::6815:159a]:80, [2606:4700:3037::ac43:c753]:80];2;1899551
"arabworld.online";[];0;0;[];0;0
"arakhne.org";[212.85.158.4:80];1;18912318;[];0;0
"aras-tr.com";[94.73.147.156:80];1;35724317;[];0;0
"arb.best";[161.97.186.74:80];1;8419328;[];0;0
"arctic-action.no";[31.24.129.104:80];1;30790005;[];0;0
"areaaperta.com";[162.253.54.78:80];1;88452310;[];0;0
"ariansen.com";[52.58.78.16:80];1;1116029;[];0;0
"arin.as";[31.24.129.104:80];1;30552418;[];0;0
"arn.ps";[185.17.234.234:80];1;58689005;[];0;0
"around009.com";[216.239.32.21:80, 216.239.34.21:80, 216.239.36.21:80, 216.239.38.21:80];4;2514679;[];0;0
"arrajolshop.com";[209.182.194.197:80];1;149278896;[];0;0
"artiusglobal.com";[101.100.211.51:80];1;174770039;[];0;0
"asdnova.com";[88.165.7.5:80];1;0;[];0;0
"ashourbattery.wordpress.com";[192.0.78.12:80, 192.0.78.13:80];2;1832033;[];0;0
"athronline.com";[192.124.249.104:80];1;1732337;[];0;0
"atomizedobjects.com";[3.66.136.156:80, 18.158.98.109:80, 18.159.80.129:80];3;2422318;[];0;0
"audionetwork.com";[18.200.66.174:80, 52.214.123.228:80];2;24155241;[];0;0
"autojini.com";[64.34.22.62:80];1;95211024;[];0;0
"autoleadstar.com";[18.211.84.43:80, 34.196.240.75:80, 35.168.205.135:80];3;90096567;[];0;0
"avclabs.com";[104.26.8.89:80, 104.26.9.89:80, 172.67.69.55:80];3;2294353;[[2606:4700:20::681a:859]:80, [2606:4700:20::681a:959]:80, [2606:4700:20::ac43:4537]:80];3;2077660
"awdaanws.com";[104.21.20.36:80, 172.67.191.76:80];2;2250220;[[2606:4700:3031::ac43:bf4c]:80, [2606:4700:3034::6815:1424]:80];2;2163781
"az5muji.com";[104.21.11.234:80, 172.67.131.213:80];2;1421278;[[2606:4700:3033::6815:bea]:80, [2606:4700:3035::ac43:83d5]:80];2;2516267
"azu.edu.eg";[193.227.44.250:80];1;53173882;[];0;0
"b7rk.com";[31.170.160.7:80];1;107860183;[];0;0
"b7st.com";[91.121.113.109:80];1;9596464;[];0;0
"baja.com.sa";[178.20.144.74:80];1;93431347;[];0;0
"baladnaps.com";[104.21.81.136:80, 172.67.189.156:80];2;2068758;[[2606:4700:3034::6815:5188]:80, [2606:4700:3034::ac43:bd9c]:80];2;1873362
"bank74785291companye3mrg.com";[184.168.131.241:80];1;152490007;[];0;0
"banswr.com";[162.0.209.121:80];1;156028281;[];0;0
"basmaty.com";[13.32.121.50:80, 13.32.121.86:80, 13.32.121.89:80, 13.32.121.92:80];4;1272269;[];0;0
"bazilstore.com";[104.21.1.15:80, 172.67.151.216:80];2;1293849;[[2606:4700:3030::ac43:97d8]:80, [2606:4700:3037::6815:10f]:80];2;2711253
"be-an-intl-digital-transformation-course-ok.live";[104.21.82.5:80, 172.67.167.88:80];2;1252415;[[2606:4700:3030::ac43:a758]:80, [2606:4700:3034::6815:5205]:80];2;2847800
"beauteouslenses.com";[104.21.81.80:80, 172.67.140.228:80];2;2139616;[[2606:4700:3030::ac43:8ce4]:80, [2606:4700:3036::6815:5150]:80];2;2895957
"beautykhana.com";[3.66.136.156:80, 18.158.98.109:80, 18.159.80.129:80];3;2456973;[];0;0
"beetvapp.me";[104.21.80.110:80, 172.67.179.104:80];2;2690123;[[2606:4700:3036::6815:506e]:80, [2606:4700:3037::ac43:b368]:80];2;2111371
"benchmarkfurniture.com";[185.119.173.248:80];1;17264602;[];0;0
"best1bestgames1.blogspot.com";[142.250.186.65:80];1;2717791;[[2a00:1450:4001:827::2001]:80];1;2178633
"bestiona.com";[104.21.26.239:80, 172.67.168.155:80];2;2399947;[[2606:4700:3030::ac43:a89b]:80, [2606:4700:3031::6815:1aef]:80];2;2113171
"blackbox.be";[93.92.100.101:80];1;10799715;[];0;0
"blend97.com";[104.21.50.121:80, 172.67.163.5:80];2;2740253;[[2606:4700:3037::6815:3279]:80, [2606:4700:3037::ac43:a305]:80];2;2285756
"blommenholmbatforening.no";[13.74.156.193:80];1;25032256;[];0;0
"blueguardme.com";[67.225.190.234:80];1;112330694;[];0;0
"bluehost-info.blogspot.com";[142.250.186.65:80];1;3085049;[[2a00:1450:4001:827::2001]:80];1;2281145
"bluehostinfo.co";[162.241.226.70:80];1;123357852;[];0;0
"bmg-arabic.com";[67.227.226.240:80];1;110527880;[[2600:3c02::f03c:91ff:fee2:5b0f]:80];1;102226455
"bnafsajia2.com";[104.21.65.10:80, 172.67.157.21:80];2;2445942;[[2606:4700:3034::6815:410a]:80, [2606:4700:3037::ac43:9d15]:80];2;1628556
"bnfsj.net";[95.217.92.194:80];1;24647871;[];0;0
"bodycarepharmacy.com";[104.21.10.117:80, 172.67.163.39:80];2;2453554;[[2606:4700:3030::ac43:a327]:80, [2606:4700:3034::6815:a75]:80];2;1983089
"bodysculptor.com";[104.21.22.150:80, 172.67.205.88:80];2;2364315;[[2606:4700:3030::6815:1696]:80, [2606:4700:3032::ac43:cd58]:80];2;2356214
"bondegaard.net";[31.24.129.104:80, 172.65.232.115:80];2;16861628;[];0;0
"book1blogger.blogspot.com";[142.250.186.65:80];1;2985288;[[2a00:1450:4001:827::2001]:80];1;1913671
"booksjadid.org";[37.48.65.143:80];1;9212342;[];0;0
"boston25news.com";[52.45.245.196:80, 107.23.1.152:80];2;91783807;[];0;0
"bqworks.com";[72.52.178.23:80];1;3139017460;[[2607:fad0:3801:4::1]:80];1;110155038
"bride.ahlamontada.com";[94.23.73.212:80, 94.23.76.111:80, 94.23.150.222:80, 94.23.159.185:80, 178.33.43.150:80, 178.33.43.178:80, 178.33.44.177:80, 178.33.115.32:80, 188.165.2.137:80];9;10680035;[];0;0
"bright-flashes.com";[67.211.218.75:80];1;80488038;[];0;0
"cad.ae";[207.198.106.166:80];1;147316419;[];0;0
"cafejug.com";[104.21.65.94:80, 172.67.189.185:80];2;2440074;[[2606:4700:3031::ac43:bdb9]:80, [2606:4700:3036::6815:415e]:80];2;2810687
"calgraf.com";[104.21.62.125:80, 172.67.223.198:80];2;2805440;[];0;0
"cam2love.com";[94.199.255.244:80];1;8847730;[];0;0
"cambridge.college";[66.235.200.146:80];1;3319065;[];0;0
"campeggiodeans.it";[176.9.247.51:80];1;6803512;[];0;0
"capwoodproducts.com";[98.137.244.37:80];1;154294028;[];0;0
"careuhealth.net";[104.21.82.144:80, 172.67.202.185:80];2;2687315;[[2606:4700:3036::6815:5290]:80, [2606:4700:3036::ac43:cab9]:80];2;2640697
"cdrama.live";[212.107.18.15:80];1;111153291;[];0;0
"charlesproxy.com";[206.190.140.68:80];1;128966662;[[2606:2e00:0:15::4]:80];1;128694959
"chefhyve.ca";[51.222.210.64:80];1;92556800;[];0;0
"chinaautomaticdoor.org";[13.91.227.29:80];1;158273982;[];0;0
"chroniclet.com";[74.205.59.68:80];1;120951295;[];0;0
"cima4film.org";[67.227.226.240:80];1;107510450;[];0;0
"civilsociety-centre.org";[172.104.145.120:80];1;2344607;[[2a01:7e01::f03c:92ff:fedc:9053]:80];1;0
"cleanlife-sa.com";[5.9.165.171:80];1;6966686;[];0;0
"clipart-best.com";[49.12.15.225:80];1;6886249;[];0;0
"cloudimagesb.com";[104.26.8.52:80, 104.26.9.52:80, 172.67.70.251:80];3;1966664;[[2606:4700:20::681a:834]:80, [2606:4700:20::681a:934]:80, [2606:4700:20::ac43:46fb]:80];3;2837625
"cmkcellphones.com";[104.17.22.109:80, 104.17.23.109:80, 104.17.24.109:80, 104.17.25.109:80, 104.17.26.109:80];5;2273113;[[2606:4700::6811:166d]:80, [2606:4700::6811:176d]:80, [2606:4700::6811:186d]:80, [2606:4700::6811:196d]:80, [2606:4700::6811:1a6d]:80];5;3272963
"code-flow.club";[3.66.136.156:80, 18.158.98.109:80, 18.159.80.129:80];3;2791044;[];0;0
"codebox.net";[54.71.95.91:80];1;139893933;[];0;0
"codesta.xyz";[104.21.71.195:80, 172.67.148.42:80];2;1954048;[[2606:4700:3030::ac43:942a]:80, [2606:4700:3034::6815:47c3]:80];2;2165874
"coffe-supplies.com";[104.21.91.192:80, 172.67.178.94:80];2;2075036;[[2606:4700:3034::6815:5bc0]:80, [2606:4700:3036::ac43:b25e]:80];2;2744194
"coffeecapital.sa";[104.18.30.207:80, 104.18.31.207:80];2;2641765;[[2606:4700::6812:1ecf]:80, [2606:4700::6812:1fcf]:80];2;2865152
"comdurav.com";[104.21.233.205:80, 104.21.233.206:80];2;2025138;[[2606:4700:3038::6815:e9cd]:80, [2606:4700:3038::6815:e9ce]:80];2;9614209
"connectherfilmfest.org";[205.186.187.190:80];1;151467520;[];0;0
"corridar.com";[34.207.9.84:80];1;90541206;[];0;0
"cppapps.herokuapp.com";[34.201.81.34:80, 54.208.186.182:80, 54.224.34.30:80, 54.243.129.215:80];4;90723411;[];0;0
"cssdemystified.com";[3.67.153.12:80, 18.192.76.182:80];2;1990740;[[2a05:d014:275:cb00:ec0d:12e2:df27:aa60]:80, [2a05:d014:275:cb02:66df:50b:6e56:a6bf]:80];2;2268773
"customanthems.com";[172.65.232.115:80];1;2978450;[[2606:4700:90:0:b518:199c:8a1f:d33b]:80];1;2311068
"cuttles.io";[216.239.32.21:80, 216.239.34.21:80, 216.239.36.21:80, 216.239.38.21:80];4;2809754;[[2001:4860:4802:32::15]:80, [2001:4860:4802:34::15]:80, [2001:4860:4802:36::15]:80, [2001:4860:4802:38::15]:80];4;3334506
"cuturl.net";[104.21.67.238:80, 172.67.182.248:80];2;2702356;[[2606:4700:3033::6815:43ee]:80, [2606:4700:3036::ac43:b6f8]:80];2;2923295
"cwwindowcoverings.com.au";[27.50.95.97:80];1;250872170;[];0;0
"dainiksongbad.com";[];0;0;[];0;0
"danielserinmills.com";[35.197.68.64:80];1;148542579;[];0;0
"darelzokora.com";[194.59.164.121:80];1;236993201;[];0;0
"darpa.mil";[192.5.18.231:80];1;92896387;[];0;0
"data.gov.qa";[];0;0;[];0;0
"davidbaumgold.com";[18.66.139.6:80, 18.66.139.13:80, 18.66.139.53:80, 18.66.139.75:80];4;2397750;[];0;0
"dazzlepod.com";[88.99.167.175:80];1;6462247;[];0;0
"dciwww.com";[46.101.24.233:80];1;16213080;[];0;0
"dennyscott.io";[3.125.252.47:80, 159.65.118.56:80];2;2555838;[];0;0
"diabemmy.over-blog.com";[185.128.239.39:80, 185.128.239.66:80];2;12524145;[];0;0
"diamidos.weebly.com";[199.34.228.53:80, 199.34.228.54:80];2;151751677;[];0;0
"dmcatlanta.com";[35.173.162.147:80];1;90636311;[];0;0
"dodgycoder.net";[216.239.32.21:80, 216.239.34.21:80, 216.239.36.21:80, 216.239.38.21:80];4;2875153;[];0;0
"downloadmygames.co";[104.21.9.141:80, 172.67.160.132:80];2;2602622;[[2606:4700:3030::6815:98d]:80, [2606:4700:3034::ac43:a084]:80];2;2786396
"downtoload-com.translate.goog";[142.250.186.33:80];1;3175769;[[2a00:1450:4001:830::2001]:80];1;2540326
"drbalmarfa.com";[104.21.16.243:80, 172.67.217.24:80];2;2808658;[[2606:4700:3031::6815:10f3]:80, [2606:4700:3031::ac43:d918]:80];2;3144159
"drhebahariri.com";[67.20.76.92:80];1;151392603;[];0;0
"dropship.me";[83.149.100.11:80];1;9662204;[];0;0
"dulux.co.nz";[13.54.93.207:80];1;251379073;[];0;0
"duomediaproductions.com";[104.21.56.11:80, 172.67.175.172:80];2;2621674;[[2606:4700:3034::6815:380b]:80, [2606:4700:3034::ac43:afac]:80];2;3521665
"duoyi.com";[112.73.64.77:80, 119.96.196.45:80, 119.96.196.46:80, 121.201.64.130:80, 121.201.64.217:80, 122.190.108.145:80, 122.190.108.146:80];7;245204041;[];0;0
"dwrc.org";[185.140.180.140:80];1;62232078;[];0;0
"dx6ialiyev.pw";[];0;0;[];0;0
"e-businesspoint.com";[66.235.200.147:80];1;2836755;[];0;0
"e4uhu.com";[31.22.4.44:80];1;23289380;[];0;0
"eamira.com";[45.93.125.141:80];1;11224659;[];0;0
"eatwheat.org";[151.101.2.159:80];1;3200180;[];0;0
"ebda3weeb.blogspot.com";[142.250.186.65:80];1;4206290;[[2a00:1450:4001:827::2001]:80];1;3346693
"ed3mni.net";[104.21.63.212:80, 172.67.150.96:80];2;3159121;[[2606:4700:3032::ac43:9660]:80, [2606:4700:3034::6815:3fd4]:80];2;3435542
"eda.no";[35.197.215.229:80];1;18340431;[];0;0
"egystar2020.com";[184.168.131.241:80];1;153887968;[];0;0
"ehotporno.com";[46.229.163.231:80];1;90988086;[];0;0
"ejaba.org";[194.163.133.58:80];1;6556446;[];0;0
"el-emarat.com";[195.201.241.198:80];1;8368503;[];0;0
"el7all.com";[104.21.78.89:80, 172.67.219.18:80];2;3109921;[[2606:4700:3032::6815:4e59]:80, [2606:4700:3035::ac43:db12]:80];2;2865081
"elbadel.com";[];0;0;[];0;0
"elgmalnews.com";[198.54.125.211:80];1;157140639;[];0;0
"elitetrans.com.cn";[];0;0;[];0;0
"elmagdclean.com";[107.189.3.218:80];1;143740100;[];0;0
"elmasa-security.net";[108.179.235.108:80];1;123528411;[];0;0
"elokab.ch";[103.224.182.250:80];1;145017059;[];0;0
"elsalam-eg.com";[46.16.186.67:80];1;10106217;[];0;0
"em-maring.blogspot.com";[142.250.186.65:80];1;3181191;[[2a00:1450:4001:827::2001]:80];1;4103830
"emiratesleaks.com";[104.26.0.149:80, 104.26.1.149:80, 172.67.68.185:80];3;3038801;[[2606:4700:20::681a:95]:80, [2606:4700:20::681a:195]:80, [2606:4700:20::ac43:44b9]:80];3;3533449
"emojilo.com";[104.21.23.59:80, 172.67.209.113:80];2;2805600;[[2606:4700:3037::6815:173b]:80, [2606:4700:3037::ac43:d171]:80];2;2956328
"enreach.com";[104.18.30.82:80, 104.18.31.82:80];2;3179714;[[2606:4700::6812:1e52]:80, [2606:4700::6812:1f52]:80];2;3925709
"epassively.com";[63.250.43.1:80, 63.250.43.2:80];2;155835295;[];0;0
"eportal.gov.ps";[213.244.86.35:80];1;67741493;[];0;0
"ergonassociates.net";[104.21.9.134:80, 172.67.160.14:80];2;3046518;[[2606:4700:3032::ac43:a00e]:80, [2606:4700:3033::6815:986]:80];2;3470415
"ersincaki.net";[178.157.15.30:80];1;46288802;[];0;0
"esensesoftware.com";[104.40.219.208:80];1;9142856;[];0;0
"eslnee.com";[104.26.14.168:80, 104.26.15.168:80, 172.67.75.248:80];3;3127750;[[2606:4700:20::681a:ea8]:80, [2606:4700:20::681a:fa8]:80, [2606:4700:20::ac43:4bf8]:80];3;3560716
"esloganmagazine.com";[94.23.86.104:80];1;10853188;[];0;0
"eucerin-me.com";[20.105.139.158:80];1;10561339;[];0;0
"exchangewar.info";[104.21.68.112:80, 172.67.195.4:80];2;3256463;[[2606:4700:3035::6815:4470]:80, [2606:4700:3035::ac43:c304]:80];2;3318111
"falakcard.com";[104.21.68.117:80, 172.67.195.9:80];2;3128668;[[2606:4700:3031::6815:4475]:80, [2606:4700:3032::ac43:c309]:80];2;3338259
"familyibdis.com";[194.36.189.62:80];1;10323635;[];0;0
"fanplus.co.kr";[104.21.9.86:80, 172.67.189.49:80];2;3124568;[[2606:4700:3031::6815:956]:80, [2606:4700:3034::ac43:bd31]:80];2;3408130
"fateh-voice.net";[104.21.48.224:80, 172.67.188.60:80];2;3061954;[[2606:4700:3030::ac43:bc3c]:80, [2606:4700:3032::6815:30e0]:80];2;4140935
"faxlibqxabi.web.app";[199.36.158.100:80];1;2832456;[[2620:0:890::100]:80];1;3462661
"feet-to-meters.appspot.com";[216.58.212.180:80];1;3240427;[[2a00:1450:4001:80f::2014]:80];1;3107658
"fegfaucet.com";[18.66.139.11:80, 18.66.139.68:80, 18.66.139.69:80, 18.66.139.79:80];4;3197017;[];0;0
"film1k.com";[104.21.233.143:80, 104.21.233.144:80];2;3058129;[[2606:4700:3038::6815:e98f]:80, [2606:4700:3038::6815:e990]:80];2;9093758
"fionkahstore.com";[104.21.27.128:80, 172.67.142.154:80];2;3152493;[[2606:4700:3033::ac43:8e9a]:80, [2606:4700:3034::6815:1b80]:80];2;4109068
"firasothman.com";[185.146.22.228:80];1;9974766;[];0;0
"first-window.com";[104.21.39.145:80, 172.67.170.206:80];2;3117101;[[2606:4700:3033::6815:2791]:80, [2606:4700:3033::ac43:aace]:80];2;3483353
"fjr-book.com";[104.21.49.43:80, 172.67.158.207:80];2;3978341;[[2606:4700:3030::6815:312b]:80, [2606:4700:3033::ac43:9ecf]:80];2;3007867
"flarefiles.com";[104.21.20.133:80, 172.67.192.235:80];2;3839610;[[2606:4700:3030::ac43:c0eb]:80, [2606:4700:3031::6815:1485]:80];2;2947610
"flirtogram.app";[176.99.0.196:80];1;44612688;[];0;0
"flutterflow.io";[151.101.1.195:80, 151.101.65.195:80];2;3946606;[];0;0
"flyjordan.com.jo";[174.129.39.161:80, 193.108.135.244:80];2;91771260;[];0;0
"flyjordanairlines.com";[178.20.188.49:80];1;66209029;[];0;0
"foootballsport.com";[184.107.100.84:80];1;91625430;[];0;0
"forumalaska.ro";[188.212.101.242:80];1;34493784;[];0;0
"foxmail.com";[183.57.48.35:80];1;204410359;[];0;0
"freepsdtemplateblogger.blogspot.com";[142.250.186.65:80];1;4007393;[[2a00:1450:4001:827::2001]:80];1;3899480
"fxsolve.com";[93.90.146.105:80];1;27768188;[[2a06:1002::5d5a:9269]:80];1;25731767
"gaaiho.com";[211.72.207.248:80];1;283628219;[];0;0
"gaca.gov.ps";[213.244.81.37:80];1;68820872;[];0;0
"gameslife.info";[94.130.134.171:80, 168.119.150.125:80];2;8186441;[];0;0
"gaminplay.com";[67.23.238.26:80];1;128348114;[];0;0
"gazagame.club";[184.168.131.241:80];1;150848575;[];0;0
"gazanws.com";[];0;0;[];0;0
"gecrasbackend.herokuapp.com";[3.210.192.5:80, 3.229.186.102:80, 54.83.6.65:80, 54.146.248.82:80];4;90875448;[];0;0
"geekinfoo-v2.blogspot.com";[142.250.186.65:80];1;3650523;[[2a00:1450:4001:827::2001]:80];1;4578032
"genuine-lamps.com";[104.21.34.124:80, 172.67.205.4:80];2;3829513;[[2606:4700:3031::6815:227c]:80, [2606:4700:3037::ac43:cd04]:80];2;2935649
"germanshepherd-training.net";[173.237.137.99:80];1;124691828;[];0;0
"getpornhot.com";[94.130.134.137:80, 157.90.107.242:80];2;8094370;[];0;0
"gisha.org";[62.128.51.110:80];1;62969743;[];0;0
"givaway219.blogspot.com";[142.250.186.65:80];1;4654862;[[2a00:1450:4001:827::2001]:80];1;3347198
"graaam.com";[104.21.24.32:80, 172.67.216.131:80];2;4049298;[[2606:4700:3030::ac43:d883]:80, [2606:4700:3032::6815:1820]:80];2;2179907
"grawi.com";[137.239.10.112:80];1;105094947;[];0;0
"greeningz.com";[143.204.98.54:80, 143.204.98.55:80, 143.204.98.86:80, 143.204.98.103:80];4;2911418;[];0;0
"greenlifeksa.com";[198.20.127.137:80];1;10457626;[];0;0
"gturls.com";[67.227.226.241:80];1;109650474;[[2600:3c02::f03c:91ff:fee2:5b0f]:80];1;101202575
"gulfoodmanufacturing.com";[104.26.4.9:80, 104.26.5.9:80, 172.67.71.130:80];3;3646852;[[2606:4700:20::681a:409]:80, [2606:4700:20::681a:509]:80, [2606:4700:20::ac43:4782]:80];3;2183900
"gulfson.com";[52.128.23.153:80];1;143125142;[];0;0
"gulfupload.com";[185.53.177.52:80];1;8997639;[];0;0
"gulfupp.com";[5.196.77.148:80];1;13893886;[];0;0
"hair-care.cc";[104.21.82.228:80, 172.67.164.154:80];2;3519157;[[2606:4700:3031::ac43:a49a]:80, [2606:4700:3033::6815:52e4]:80];2;3079991
"hammoudih.wordpress.com";[192.0.78.12:80, 192.0.78.13:80];2;4012923;[];0;0
"hanslucas.com";[51.91.74.193:80];1;13030014;[[2001:41d0:303:c9c1::]:80];1;12399653
"hawwastyle.com";[];0;0;[];0;0
"healthpoortal.com";[];0;0;[];0;0
"herbandoil1.com";[104.21.61.49:80, 172.67.206.122:80];2;4195461;[[2606:4700:3030::ac43:ce7a]:80, [2606:4700:3034::6815:3d31]:80];2;3069071
"herzallah.ps";[95.217.92.194:80];1;26006882;[];0;0
"hiproficiency.net";[66.96.162.133:80];1;89079095;[];0;0
"historisches-festmahl.de";[212.77.234.20:80];1;16652542;[];0;0
"historyculture.my.id";[104.21.54.199:80, 172.67.169.2:80];2;4124327;[[2606:4700:3031::ac43:a902]:80, [2606:4700:3037::6815:36c7]:80];2;2552242
"hivepro.com";[35.162.55.40:80];1;147569582;[];0;0
"hlshowdz.com";[213.186.33.5:80];1;12373949;[];0;0
"hlthqafi-com.translate.goog";[142.250.186.97:80];1;4918750;[[2a00:1450:4001:808::2001]:80];1;3653603
"hona-kuwait.com";[74.208.236.188:80];1;118282197;[[2607:f1c0:100f:f000::251]:80];1;113946102
"honamusicans.com";[216.239.32.21:80, 216.239.34.21:80, 216.239.36.21:80, 216.239.38.21:80];4;3452277;[];0;0
"horentek.it";[81.88.52.86:80];1;15564149;[];0;0
"hostguid.com";[104.21.79.106:80, 172.67.144.178:80];2;3993980;[[2606:4700:3033::6815:4f6a]:80, [2606:4700:3035::ac43:90b2]:80];2;2567842
"hostiper.com";[199.16.172.240:80, 199.16.173.20:80];2;4043931;[];0;0
"hotel2thai.com";[119.59.97.13:80];1;219083927;[];0;0
"hoteltropicomonteverde.com";[208.118.63.139:80];1;157380514;[];0;0
"houstontomorrow.org";[192.185.24.19:80];1;123576125;[];0;0
"hr.ps";[82.102.216.157:80];1;66687531;[];0;0
"html5test.com";[37.230.96.101:80];1;10740757;[];0;0
"hyat.ws";[34.102.136.180:80, 216.239.32.21:80, 216.239.34.21:80, 216.239.36.21:80, 216.239.38.21:80];5;2857163;[];0;0
"ibe.ma";[159.8.122.149:80];1;20380934;[];0;0
"ibn3.com";[192.158.224.20:80];1;95463861;[];0;0
"ibrand.sa";[104.21.50.195:80, 172.67.210.8:80];2;3221489;[[2606:4700:3031::ac43:d208]:80, [2606:4700:3036::6815:32c3]:80];2;2824982
"ikca.org.uk";[104.21.58.71:80, 172.67.157.121:80];2;3006166;[[2606:4700:3034::6815:3a47]:80, [2606:4700:3034::ac43:9d79]:80];2;2509880
"iman5j.blogspot.com";[142.250.186.65:80];1;3774848;[[2a00:1450:4001:827::2001]:80];1;2659559
"imejl.sk";[37.9.175.6:80];1;20420539;[];0;0
"infb.ml";[151.101.1.195:80, 151.101.65.195:80];2;3423777;[];0;0
"infinityfolder.com";[204.93.174.136:80];1;103428819;[];0;0
"iselect.store";[104.21.31.66:80, 172.67.175.60:80];2;2959647;[[2606:4700:3030::ac43:af3c]:80, [2606:4700:3035::6815:1f42]:80];2;2563028
"israa.edu.ps";[135.181.3.160:80];1;24400430;[];0;0
"iwgia.org";[207.180.219.44:80];1;8322999;[];0;0
"izuiyou.com";[101.132.92.89:80];1;200398517;[];0;0
"jawabe.net";[];0;0;[];0;0
"jawbni.com";[146.59.223.84:80];1;10320014;[];0;0
"jblinks.al";[31.220.0.200:80];1;10732710;[];0;0
"jehad.ps";[167.86.95.117:80];1;10346275;[];0;0
"jerusaleminstitute.org.il";[80.179.142.66:80];1;59797938;[];0;0
"jobpal1.blogspot.com";[142.250.186.65:80];1;3557073;[[2a00:1450:4001:827::2001]:80];1;3625230
"jortn.com";[135.181.6.58:80];1;24775608;[];0;0
"jovafurniture.com";[49.51.186.68:80];1;153131941;[];0;0
"juniqe.com";[52.222.214.6:80, 52.222.214.37:80, 52.222.214.93:80, 52.222.214.109:80];4;2874215;[];0;0
"justbeauty.store";[162.0.229.55:80];1;157287581;[];0;0
"jwu.org";[46.43.68.22:80, 188.225.183.26:80];2;65918379;[];0;0
"jwwab.com";[194.163.133.58:80];1;6442057;[];0;0
"ka.com.qa";[213.186.33.2:80];1;10690335;[];0;0
"kachaf.com";[51.91.101.210:80];1;5948035;[];0;0
"karldetroit.com";[104.21.54.38:80, 172.67.223.104:80];2;3022374;[[2606:4700:3031::6815:3626]:80, [2606:4700:3031::ac43:df68]:80];2;1935010
"kasper1.com";[104.21.83.202:80, 172.67.181.73:80];2;3697125;[[2606:4700:3032::6815:53ca]:80, [2606:4700:3037::ac43:b549]:80];2;2419928
"kasrelsalam.co";[192.185.35.33:80];1;123398921;[];0;0
"kawngroup.com";[69.163.171.206:80];1;167104465;[];0;0
"kerckhaert.org";[87.236.16.136:80];1;46404541;[];0;0
"kern-sohn.com";[62.27.44.212:80];1;3361898;[];0;0
"khabars7.com";[104.21.38.169:80, 172.67.137.9:80];2;2575066;[[2606:4700:3032::6815:26a9]:80, [2606:4700:3033::ac43:8909]:80];2;2249129
"khaliid.com";[46.105.37.213:80];1;11529792;[];0;0
"khlgy.com";[5.196.77.148:80];1;13114193;[];0;0
"khozama.shop";[104.21.38.169:80, 172.67.137.9:80];2;3100062;[[2606:4700:3032::6815:26a9]:80, [2606:4700:3033::ac43:8909]:80];2;1738751
"kiitos.tech";[76.76.21.21:80];1;2679863;[];0;0
"kingrootapp.net";[104.21.19.182:80, 172.67.187.14:80];2;2166527;[[2606:4700:3034::6815:13b6]:80, [2606:4700:3036::ac43:bb0e]:80];2;1990169
"kishawi.com";[150.239.9.140:80];1;127064838;[];0;0
"koora365new.com";[104.21.94.33:80, 172.67.219.1:80];2;3029383;[[2606:4700:3032::6815:5e21]:80, [2606:4700:3033::ac43:db01]:80];2;2105095
"koraextra.net";[216.239.32.21:80, 216.239.34.21:80, 216.239.36.21:80, 216.239.38.21:80];4;2568920;[];0;0
"koraonfire.com";[104.21.87.227:80, 172.67.147.203:80];2;2965524;[[2606:4700:3032::6815:57e3]:80, [2606:4700:3033::ac43:93cb]:80];2;2210188
"kotobon.com";[50.116.78.15:80];1;123559130;[];0;0
"ksacocoon.com";[104.21.32.229:80, 172.67.156.83:80];2;2424521;[[2606:4700:3036::6815:20e5]:80, [2606:4700:3037::ac43:9c53]:80];2;2326331
"kumardeepak.xyz";[119.18.54.28:80];1;248132360;[];0;0
"labrano.com";[198.54.115.172:80];1;157434157;[];0;0
"lamasatnierah.online";[23.227.38.65:80];1;3174614;[];0;0
"lamezon.site";[104.21.75.94:80, 172.67.218.152:80];2;2415060;[[2606:4700:3030::ac43:da98]:80, [2606:4700:3036::6815:4b5e]:80];2;2371800
"lawpedia.jo";[173.212.252.246:80];1;8207597;[];0;0
"leading-point.com";[13.81.83.216:80];1;10414317;[];0;0
"leecharme.com";[104.21.2.133:80, 172.67.129.63:80];2;2958523;[[2606:4700:3030::ac43:813f]:80, [2606:4700:3032::6815:285]:80];2;2315010
"legalitylwritings.blogspot.com";[142.250.186.65:80];1;2980022;[[2a00:1450:4001:827::2001]:80];1;3007227
"letronc-m.com";[18.176.250.52:80, 52.194.60.82:80];2;228774087;[];0;0
"lgmedia.it";[176.9.247.51:80];1;6940085;[];0;0
"li.me";[104.198.14.52:80];1;145704604;[];0;0
"libyaakhbar.com";[104.21.75.119:80, 172.67.175.147:80];2;2389576;[[2606:4700:3030::6815:4b77]:80, [2606:4700:3032::ac43:af93]:80];2;1930985
"life99.in";[143.204.98.6:80, 143.204.98.33:80, 143.204.98.72:80, 143.204.98.128:80];4;2019184;[];0;0
"lifeworld.media";[94.130.134.171:80, 168.119.150.125:80];2;6755811;[];0;0
"live-pscp.com";[104.21.27.22:80, 172.67.140.236:80];2;2605247;[[2606:4700:3031::6815:1b16]:80, [2606:4700:3032::ac43:8cec]:80];2;2379067
"loginports.com";[104.21.18.3:80, 172.67.178.248:80];2;2224086;[[2606:4700:3031::ac43:b2f8]:80, [2606:4700:3035::6815:1203]:80];2;2377587
"loloapps.co";[104.21.22.83:80, 172.67.203.123:80];2;2334790;[[2606:4700:3030::6815:1653]:80, [2606:4700:3037::ac43:cb7b]:80];2;2306966
"lostore.net";[104.21.44.21:80, 172.67.193.244:80];2;2842075;[[2606:4700:3031::ac43:c1f4]:80, [2606:4700:3036::6815:2c15]:80];2;1791382
"love-img.com";[104.21.46.141:80, 172.67.139.53:80];2;2332180;[[2606:4700:3031::6815:2e8d]:80, [2606:4700:3035::ac43:8b35]:80];2;2493428
"lsmensclothing.com";[198.71.233.96:80];1;91836643;[];0;0
"lvlupksa.com";[178.62.48.157:80];1;14981502;[];0;0
"m-alsultan.com";[104.21.55.109:80, 172.67.171.27:80];2;2859074;[[2606:4700:3031::6815:376d]:80, [2606:4700:3037::ac43:ab1b]:80];2;1577826
"m.ps";[];0;0;[];0;0
"ma7room.com";[104.21.68.188:80, 172.67.197.213:80];2;2240394;[[2606:4700:3036::6815:44bc]:80, [2606:4700:3037::ac43:c5d5]:80];2;2109732
"madun.online";[184.168.131.241:80];1;153312528;[];0;0
"mah6at.net";[35.209.15.27:80];1;112746914;[];0;0
"mahmiyat.ps";[159.69.160.206:80];1;5016014;[];0;0
"maktbii.com";[];0;0;[];0;0
"malabesturkey.com";[108.167.143.241:80];1;122937599;[];0;0
"malihabeauty.com";[104.21.42.86:80, 172.67.203.102:80];2;2854351;[[2606:4700:3033::6815:2a56]:80, [2606:4700:3034::ac43:cb66]:80];2;1737580
"manukahome.com";[104.21.61.189:80, 172.67.213.14:80];2;1992063;[[2606:4700:3030::6815:3dbd]:80, [2606:4700:3031::ac43:d50e]:80];2;2017518
"massira.jo";[104.21.3.116:80, 172.67.130.169:80];2;2708187;[[2606:4700:3031::6815:374]:80, [2606:4700:3033::ac43:82a9]:80];2;1221673
"mastervocabulary.com";[63.250.43.3:80, 63.250.43.4:80];2;156464709;[];0;0
"matchaslim.co";[104.21.23.70:80, 172.67.209.125:80];2;2672962;[[2606:4700:3030::6815:1746]:80, [2606:4700:3035::ac43:d17d]:80];2;1708139
"matlob.co.il";[35.209.167.28:80];1;115760564;[];0;0
"maydanalquds.com";[104.21.2.254:80, 172.67.129.245:80];2;2649907;[[2606:4700:3031::ac43:81f5]:80, [2606:4700:3034::6815:2fe]:80];2;895052
"mazayaalotor.com";[104.21.10.8:80, 172.67.189.217:80];2;3147593;[[2606:4700:3032::6815:a08]:80, [2606:4700:3033::ac43:bdd9]:80];2;1315657
"medanws.com";[];0;0;[];0;0
"mediasport.ps";[95.217.92.194:80];1;24815969;[];0;0
"medina-gazette.com";[74.205.59.68:80];1;121000403;[];0;0
"mhtwyat-com.translate.goog";[142.250.186.129:80];1;3120205;[[2a00:1450:4001:80e::2001]:80];1;3191365
"minstmez.net";[50.116.84.153:80];1;122774406;[];0;0
"misknet.com";[63.250.38.193:80];1;157295409;[];0;0
"misktalimy.com";[83.149.93.194:80];1;8791188;[];0;0
"mktbtty.com";[104.21.6.130:80, 172.67.154.219:80];2;3128482;[[2606:4700:3031::6815:682]:80, [2606:4700:3036::ac43:9adb]:80];2;1464908
"mobi-offers.com";[5.189.184.37:80];1;9499796;[];0;0
"mobile-tracker-free.info";[51.15.183.209:80];1;9188461;[];0;0
"mobilegamefest.com";[188.40.217.123:80];1;5052794;[];0;0
"mofiid.com";[104.21.79.14:80, 172.67.168.177:80];2;2116719;[[2606:4700:3032::6815:4f0e]:80, [2606:4700:3033::ac43:a8b1]:80];2;1357081
"mogrib.com";[104.21.17.157:80, 172.67.177.18:80];2;1166158;[[2606:4700:3032::6815:119d]:80, [2606:4700:3035::ac43:b112]:80];2;1198996
"mohammedshurafa.me";[199.188.200.231:80];1;154904505;[];0;0
"mongodb.github.io";[185.199.108.153:80, 185.199.109.153:80, 185.199.110.153:80, 185.199.111.153:80];4;1309310;[];0;0
"montagemediausa.com";[198.54.115.61:80];1;156110038;[];0;0
"moofes.blogspot.com";[142.250.186.65:80];1;2034316;[[2a00:1450:4001:827::2001]:80];1;1282914
"mosameam.com";[162.255.119.79:80, 216.239.32.21:80, 216.239.34.21:80, 216.239.36.21:80, 216.239.38.21:80];5;32232418;[];0;0
"movies-place.blogspot.com";[142.250.186.65:80];1;1766486;[[2a00:1450:4001:827::2001]:80];1;1809159
"mowatennews.com";[162.144.20.74:80];1;156777611;[];0;0
"mrahkat.net";[104.21.78.227:80, 172.67.137.225:80];2;2166001;[[2606:4700:3033::6815:4ee3]:80, [2606:4700:3035::ac43:89e1]:80];2;1257537
"mrkzgulfup.com";[104.21.86.81:80, 172.67.216.235:80];2;2131407;[[2606:4700:3031::6815:5651]:80, [2606:4700:3031::ac43:d8eb]:80];2;886360
"mronecoffee.com";[35.209.75.55:80];1;110537093;[];0;0
"msealkota.com";[137.239.10.147:80];1;106775208;[];0;0
"mslkalhlwl.com";[104.21.65.227:80, 172.67.193.136:80];2;2051980;[[2606:4700:3031::6815:41e3]:80, [2606:4700:3037::ac43:c188]:80];2;1212594
"mt2cloud.com";[46.105.30.50:80];1;4341613;[];0;0
"muhtwa.org";[104.21.76.85:80, 172.67.191.151:80];2;2136813;[[2606:4700:3032::6815:4c55]:80, [2606:4700:3037::ac43:bf97]:80];2;1255043
"muqawlat.com";[74.208.253.49:80];1;118152693;[];0;0
"musclesbuilding.net";[5.196.198.44:80];1;10209664;[];0;0
"musfight.ru";[104.21.58.245:80, 172.67.166.126:80];2;2125092;[[2606:4700:3033::ac43:a67e]:80, [2606:4700:3034::6815:3af5]:80];2;1396992
"mxsa.com";[103.224.182.227:80];1;142259487;[];0;0
"mybook4u.com";[185.244.39.244:80];1;8295512;[];0;0
"mywayegy.net";[];0;0;[];0;0
"nabataty.com";[50.28.41.124:80];1;108178853;[];0;0
"narsom.com";[51.255.94.239:80];1;10424997;[];0;0
"naseej.com";[70.32.23.73:80];1;107689368;[];0;0
"nbdalmalomat.com";[216.239.32.21:80, 216.239.34.21:80, 216.239.36.21:80, 216.239.38.21:80];4;2215907;[];0;0
"neonkaraoke.ru";[104.21.20.129:80, 172.67.192.231:80];2;2012783;[[2606:4700:3033::6815:1481]:80, [2606:4700:3037::ac43:c0e7]:80];2;1754356
"neteasegames.com";[59.111.137.74:80];1;252594444;[];0;0
"neurostar.com";[13.90.93.8:80];1;90110681;[];0;0
"newline.dev";[104.21.42.24:80, 172.67.199.64:80];2;1505344;[[2606:4700:3031::6815:2a18]:80, [2606:4700:3033::ac43:c740]:80];2;2313477
"news24z.com";[50.87.170.151:80];1;150425166;[];0;0
"newsof.org";[104.21.85.239:80, 172.67.212.29:80];2;2303192;[[2606:4700:3032::ac43:d41d]:80, [2606:4700:3037::6815:55ef]:80];2;1704334
"newtags.com.sa";[104.21.63.30:80, 172.67.142.171:80];2;1498758;[[2606:4700:3036::6815:3f1e]:80, [2606:4700:3037::ac43:8eab]:80];2;2230899
"nicholasjanni.com";[];0;0;[];0;0
"nokati.net";[104.21.68.154:80, 172.67.196.165:80];2;1691239;[[2606:4700:3035::6815:449a]:80, [2606:4700:3035::ac43:c4a5]:80];2;1678432
"nokta-basmat-nja7.blogspot.com";[142.250.186.65:80];1;2330971;[[2a00:1450:4001:827::2001]:80];1;1431094
"noqta.info";[192.185.141.216:80];1;122432399;[];0;0
"novinsonic.com";[88.99.95.138:80];1;6225060;[];0;0
"novomind.com";[212.101.214.29:80];1;11839258;[];0;0
"nppalestine.org";[104.21.90.24:80, 172.67.151.113:80];2;3496892;[[2606:4700:3030::6815:5a18]:80, [2606:4700:3037::ac43:9771]:80];2;2536475
"obviouslybored.com";[34.102.136.180:80];1;2280725;[];0;0
"ocelot.readthedocs.io";[104.17.32.82:80, 104.17.33.82:80];2;1940780;[[2606:4700::6811:2052]:80, [2606:4700::6811:2152]:80];2;1522145
"oi-web.blogspot.com";[142.250.186.65:80];1;1627252;[[2a00:1450:4001:827::2001]:80];1;2035259
"oilsense.co.uk";[185.136.249.3:80];1;15457168;[];0;0
"oliveoil-business.com";[178.32.77.113:80];1;10182639;[[2001:41d0:301:3::30]:80];1;11779310
"omame.tech";[104.21.49.197:80, 172.67.166.204:80];2;1554935;[[2606:4700:3030::6815:31c5]:80, [2606:4700:3037::ac43:a6cc]:80];2;1917608
"oman-news.net";[45.13.252.105:80];1;9738377;[];0;0
"omcp.org";[35.206.97.3:80];1;116185926;[];0;0
"oneunicorn.com";[185.199.108.153:80, 185.199.109.153:80, 185.199.110.153:80, 185.199.111.153:80];4;1950056;[];0;0
"oryx.coffee";[104.21.94.223:80, 172.67.140.218:80];2;2680649;[[2606:4700:3033::ac43:8cda]:80, [2606:4700:3037::6815:5edf]:80];2;2104492
"ostyles.com";[64.190.62.111:80];1;7631194;[];0;0
"ourcima.com";[104.21.8.90:80, 172.67.130.103:80];2;2613984;[[2606:4700:3032::ac43:8267]:80, [2606:4700:3035::6815:85a]:80];2;2455815
"pacificpressagency.com";[184.168.131.241:80];1;162363205;[];0;0
"pagingfunmums.com";[104.21.71.223:80, 172.67.149.182:80];2;2269786;[[2606:4700:3030::6815:47df]:80, [2606:4700:3032::ac43:95b6]:80];2;2501209
"palestineforum.net";[68.66.255.246:80];1;9351204;[];0;0
"palestinejobs22.blogspot.com";[142.250.186.65:80];1;2441760;[[2a00:1450:4001:827::2001]:80];1;2803831
"pcfcc.ps";[149.47.138.156:80];1;98739501;[];0;0
"pennybridge.org";[23.101.67.245:80];1;8931751;[];0;0
"pitstrack.com";[104.243.40.118:80];1;82384855;[];0;0
"plamx.com";[95.177.177.181:80];1;88435628;[];0;0
"plumbinginmiamifl.com";[104.26.6.88:80, 104.26.7.88:80, 172.67.74.147:80];3;2205103;[[2606:4700:20::681a:658]:80, [2606:4700:20::681a:758]:80, [2606:4700:20::ac43:4a93]:80];3;2262709
"plumfund.com";[34.239.217.80:80, 35.169.214.149:80];2;89627337;[];0;0
"police.ps";[213.244.86.55:80];1;71757549;[];0;0
"pornkicash.com";[158.69.54.93:80];1;90912720;[];0;0
"posharabia.com";[104.199.121.203:80];1;146588506;[];0;0
"pp.cn";[14.116.140.70:80, 111.161.46.130:80, 120.241.1.70:80, 123.150.182.217:80, 157.255.240.70:80, 211.103.82.182:80];6;0;[];0;0
"preissmurphy.com";[173.254.36.168:80];1;155778657;[];0;0
"presidentmommy.com";[104.21.26.172:80, 172.67.138.34:80];2;4714421;[];0;0
"prevwong.github.io";[185.199.108.153:80, 185.199.109.153:80, 185.199.110.153:80, 185.199.111.153:80];4;2421195;[];0;0
"prime-expo.com";[104.26.6.181:80, 104.26.7.181:80, 172.67.69.116:80];3;2234768;[[2606:4700:20::681a:6b5]:80, [2606:4700:20::681a:7b5]:80, [2606:4700:20::ac43:4574]:80];3;2389096
"prn.wtf";[94.130.134.137:80, 157.90.107.242:80];2;6928088;[];0;0
"psc.gov.ls";[41.203.191.62:80];1;181390639;[];0;0
"pysf.ps";[213.244.86.35:80];1;67825923;[];0;0
"qalmisla7y.com";[50.116.93.83:80];1;123740803;[];0;0
"qawafl.com";[104.21.2.103:80, 172.67.129.20:80];2;2657432;[[2606:4700:3030::6815:267]:80, [2606:4700:3031::ac43:8114]:80];2;2328351
"query.gov.ps";[213.244.86.70:80, 213.244.86.76:80];2;68931376;[];0;0
"qwantjunior.com";[194.187.168.102:80];1;10776926;[];0;0
"radiomasr.net";[104.21.3.74:80, 172.67.130.118:80];2;2391018;[];0;0
"radiomedtunisie.com";[51.38.52.105:80];1;4976735;[];0;0
"rafah.ps";[];0;0;[];0;0
"rahal.com";[104.21.22.51:80, 172.67.202.242:80];2;2330972;[[2606:4700:3034::6815:1633]:80, [2606:4700:3037::ac43:caf2]:80];2;3247526
"rajatswarup.com";[173.205.126.138:80];1;88306571;[];0;0
"ram3lolat.com";[192.185.5.71:80];1;124121507;[];0;0
"ramez-habboub.blogspot.com";[142.250.186.65:80];1;2840510;[[2a00:1450:4001:827::2001]:80];1;2713790
"rassedpal.eb2a.com";[185.27.134.176:80];1;22378400;[];0;0
"react-toolbox.io";[192.30.252.153:80];1;90107278;[];0;0
"richardlouv.com";[66.33.221.248:80];1;91651838;[];0;0
"rollingstone.fr";[5.196.110.4:80];1;13017240;[];0;0
"rowadplatform.com";[162.0.217.26:80];1;32584966;[];0;0
"runhappy.pl";[104.21.79.115:80, 172.67.170.131:80];2;2159430;[[2606:4700:3032::ac43:aa83]:80, [2606:4700:3035::6815:4f73]:80];2;2290653
"sabbar.com";[54.76.115.124:80];1;26820043;[];0;0
"sahatalilm.com";[83.149.93.194:80];1;9194928;[];0;0
"sahm-alkuwait.com";[162.241.194.64:80];1;124571134;[];0;0
"sakakala.com";[];0;0;[];0;0
"salsaxsalsa.com";[184.168.131.241:80, 216.239.32.21:80, 216.239.34.21:80, 216.239.36.21:80, 216.239.38.21:80];5;32393734;[];0;0
"sasura.com";[104.21.13.140:80, 172.67.132.226:80];2;2531199;[[2606:4700:3032::6815:d8c]:80, [2606:4700:3033::ac43:84e2]:80];2;2278852
"schemaplugin.com";[64.37.102.163:80];1;105630935;[];0;0
"scruff.com";[18.66.122.41:80, 18.66.122.71:80, 18.66.122.80:80, 18.66.122.116:80];4;2042134;[];0;0
"sdp.gov.co";[200.69.105.199:80];1;183605696;[];0;0
"seahorsefamilylaw.co.uk";[3.66.136.156:80, 18.158.98.109:80, 18.159.80.129:80];3;3224462;[];0;0
"sean-lan.com";[103.224.182.208:80];1;142814463;[];0;0
"secondhalfdreams.com";[66.235.200.145:80];1;2387607;[];0;0
"seedbh.net";[68.171.210.131:80];1;95992945;[];0;0
"seedstraining.com";[192.185.158.97:80];1;123220233;[];0;0
"seriesdelos80sy90s.blogspot.com";[142.250.186.65:80];1;3378787;[[2a00:1450:4001:827::2001]:80];1;1422847
"servicesadvance.com";[162.0.232.59:80];1;156764686;[];0;0
"sha9msh.blogspot.com";[142.250.186.65:80];1;3477434;[[2a00:1450:4001:827::2001]:80];1;1478694
"shafaq.cafe";[104.21.62.182:80, 172.67.138.3:80];2;2749967;[[2606:4700:3037::6815:3eb6]:80, [2606:4700:3037::ac43:8a03]:80];2;2827836
"shangmayuan.com";[120.76.103.63:80];1;205468399;[];0;0
"shardawebservices.com";[216.239.32.21:80, 216.239.34.21:80, 216.239.36.21:80, 216.239.38.21:80];4;2829337;[];0;0
"shejiinn.com";[47.91.25.155:80];1;254265557;[];0;0
"shemale.express";[185.56.234.40:80];1;8900332;[];0;0
"shft.cl";[104.21.88.99:80, 172.67.176.77:80];2;2814484;[[2606:4700:3030::ac43:b04d]:80, [2606:4700:3035::6815:5863]:80];2;3098414
"shiplypalestine.com";[104.21.58.93:80, 172.67.158.193:80];2;2271967;[[2606:4700:3031::ac43:9ec1]:80, [2606:4700:3033::6815:3a5d]:80];2;3252100
"shoala.app";[144.76.202.182:80];1;7355650;[];0;0
"shroo7.com";[104.21.56.111:80, 172.67.184.167:80];2;2703124;[[2606:4700:3030::ac43:b8a7]:80, [2606:4700:3031::6815:386f]:80];2;2733080
"skipinput.com";[78.159.100.200:80];1;2228014;[];0;0
"skudnews.com";[162.255.119.139:80];1;155196207;[];0;0
"smartapps.scot";[66.235.200.146:80];1;1828727;[];0;0
"smartrecruiter.com";[213.149.230.164:80];1;33572076;[];0;0
"snews-basmat-nja7.blogspot.com";[142.250.186.65:80];1;3320480;[[2a00:1450:4001:827::2001]:80];1;4434296
"snowbirdsway.com";[23.227.38.65:80];1;2165573;[];0;0
"so2alk.com";[104.21.93.30:80, 172.67.203.213:80];2;2867256;[[2606:4700:3034::ac43:cbd5]:80, [2606:4700:3036::6815:5d1e]:80];2;3842344
"sociate.ae";[104.21.67.100:80, 172.67.220.114:80];2;2870025;[[2606:4700:3035::ac43:dc72]:80, [2606:4700:3036::6815:4364]:80];2;3358641
"societyegy.blogspot.com";[142.250.186.65:80];1;4092047;[[2a00:1450:4001:827::2001]:80];1;3618100
"softnyx-is.com";[8.38.116.92:80];1;116084405;[];0;0
"solveworkquestionpaper.blogspot.com";[142.250.186.65:80];1;3102904;[[2a00:1450:4001:827::2001]:80];1;3514559
"spinozagamer.com";[216.239.32.21:80, 216.239.34.21:80, 216.239.36.21:80, 216.239.38.21:80];4;3432168;[];0;0
"spisy.net";[104.21.17.69:80, 172.67.223.55:80];2;3349534;[[2606:4700:3032::ac43:df37]:80, [2606:4700:3034::6815:1145]:80];2;3073930
"squarespace.github.io";[185.199.108.153:80, 185.199.109.153:80, 185.199.110.153:80, 185.199.111.153:80];4;3069417;[];0;0
"ssdailymotion.com";[103.224.182.246:80];1;142554165;[];0;0
"standtogethercontracosta.org";[208.90.215.75:80];1;148639060;[];0;0
"stariphone.com";[216.239.32.21:80, 216.239.34.21:80, 216.239.36.21:80, 216.239.38.21:80];4;3689549;[];0;0
"startuppalestine.com";[151.106.117.1:80];1;245473299;[];0;0
"stylegoop.com";[18.214.104.86:80, 23.20.132.141:80, 52.203.62.2:80];3;89485006;[];0;0
"superfreelancer.org";[66.96.147.160:80];1;84349696;[];0;0
"sydality.com";[198.54.126.75:80];1;156514599;[];0;0
"synclarity.in";[148.72.244.110:80];1;261418418;[];0;0
"ta3deeen.com";[];0;0;[];0;0
"tag-roba.blogspot.com";[142.250.186.65:80];1;3956353;[[2a00:1450:4001:827::2001]:80];1;4922046
"tag-stoons.blogspot.com";[142.250.186.65:80];1;5307326;[[2a00:1450:4001:827::2001]:80];1;3061743
"tagareb0.blogspot.com";[142.250.186.65:80];1;3526951;[[2a00:1450:4001:827::2001]:80];1;5411263
"tagbeka.blogspot.com";[142.250.186.65:80];1;5127108;[[2a00:1450:4001:827::2001]:80];1;3105171
"tagdaleli.blogspot.com";[142.250.186.65:80];1;3534890;[[2a00:1450:4001:827::2001]:80];1;4017627
"tagprolev.blogspot.com";[142.250.186.65:80];1;3180931;[[2a00:1450:4001:827::2001]:80];1;4299665
"tagrooobaa.blogspot.com";[142.250.186.65:80];1;5553065;[[2a00:1450:4001:827::2001]:80];1;3390285
"tahmilalab.com";[104.21.28.42:80, 172.67.144.56:80];2;3249611;[[2606:4700:3033::ac43:9038]:80, [2606:4700:3034::6815:1c2a]:80];2;3089057
"tajroba0.blogspot.com";[142.250.186.65:80];1;4219557;[[2a00:1450:4001:827::2001]:80];1;4598508
"talitor.no";[162.241.85.202:80];1;126446226;[];0;0
"taqeemi.com";[165.22.80.109:80];1;5593008;[];0;0
"techjblog.com";[144.202.107.25:80];1;152049462;[];0;0
"technical-ar.info";[104.21.57.184:80, 172.67.165.115:80];2;4286154;[[2606:4700:3032::6815:39b8]:80, [2606:4700:3034::ac43:a573]:80];2;2695996
"technolaty.com";[157.245.99.45:80];1;136331764;[];0;0
"techsecuritypro.com";[162.0.217.44:80];1;32826750;[];0;0
"teto101.blogspot.com";[142.250.186.65:80];1;5126250;[[2a00:1450:4001:827::2001]:80];1;3411420
"tgareed.org";[104.21.48.61:80, 172.67.179.212:80];2;3725686;[[2606:4700:3031::ac43:b3d4]:80, [2606:4700:3033::6815:303d]:80];2;2790342
"the-electron.com";[162.241.224.137:80];1;127572949;[];0;0
"the-hyper.com";[198.12.225.152:80];1;93325423;[];0;0
"thecrackertechnology.com";[108.179.192.189:80];1;124237919;[];0;0
"thesuggested.com";[208.113.219.80:80];1;92532380;[];0;0
"thisgood1shop.com";[104.21.35.57:80, 172.67.214.28:80];2;3725948;[[2606:4700:3033::ac43:d61c]:80, [2606:4700:3037::6815:2339]:80];2;3243332
"thymeapp.site";[104.21.76.17:80, 172.67.185.17:80];2;4005205;[[2606:4700:3033::6815:4c11]:80, [2606:4700:3035::ac43:b911]:80];2;3623057
"tihamh-qn.com";[];0;0;[];0;0
"tnonline.com";[52.0.160.83:80];1;91593600;[];0;0
"topicsway.com";[148.72.197.158:80];1;276627521;[];0;0
"townofmilford.org";[137.239.10.131:80];1;105637338;[];0;0
"trafficauthority.net";[54.227.237.65:80];1;90797728;[];0;0
"trainingjouf.com";[185.206.135.112:80];1;147207549;[];0;0
"travelsnews.xyz";[194.233.64.35:80];1;155805727;[];0;0
"trust-pa.com";[23.236.62.147:80];1;107552886;[];0;0
"trustnews.tn";[54.36.13.47:80];1;7097814;[];0;0
"tryxxx.life";[94.130.134.171:80, 168.119.150.125:80];2;7965925;[];0;0
"turners-distribution.com";[185.119.173.79:80];1;16174852;[];0;0
"tut4it.com";[104.21.58.226:80, 172.67.209.158:80];2;3556372;[[2606:4700:3032::ac43:d19e]:80, [2606:4700:3035::6815:3ae2]:80];2;3449659
"tvtown.app";[76.76.21.21:80];1;3390821;[];0;0
"twasoel.blogspot.com";[142.250.186.65:80];1;3458949;[[2a00:1450:4001:827::2001]:80];1;3812920
"ubuntudoc.com";[185.151.30.169:80];1;3871866;[[2a07:7800::169]:80];1;18265618
"ultimatesecurity.com";[198.12.93.67:80];1;95482493;[];0;0
"unlimited-streaming-ps.com";[104.21.52.208:80, 172.67.203.230:80];2;3645771;[[2606:4700:3031::ac43:cbe6]:80, [2606:4700:3034::6815:34d0]:80];2;2722155
"utradeksa.com";[163.172.253.247:80];1;10760332;[];0;0
"vikku.info";[103.14.121.81:80];1;155324935;[];0;0
"vistointernational.org";[192.185.48.160:80];1;125821598;[];0;0
"visualdeck.co";[99.83.154.118:80];1;3350210;[];0;0
"w6an.com";[168.119.238.45:80];1;7225644;[];0;0
"wadimanuka.com";[104.21.49.115:80, 172.67.162.118:80];2;3203606;[[2606:4700:3033::6815:3173]:80, [2606:4700:3035::ac43:a276]:80];2;3227504
"wahamag.com";[185.224.137.136:80];1;12767008;[];0;0
"waleedeltourkey.com";[162.55.92.17:80];1;9298459;[];0;0
"watan.fm";[116.203.153.14:80];1;7743268;[];0;0
"watariat.com";[50.87.190.90:80];1;152787413;[];0;0
"wazaefsaudi.com";[216.239.32.21:80, 216.239.34.21:80, 216.239.36.21:80, 216.239.38.21:80];4;3566880;[];0;0
"webbreaking.com";[185.98.131.227:80];1;17818898;[];0;0
"websiteseoexpress.com";[162.0.229.40:80];1;158084805;[];0;0
"webteam.com";[52.0.16.118:80, 52.1.119.170:80, 52.1.147.205:80, 52.1.173.203:80, 52.4.38.70:80, 52.4.145.119:80, 52.4.175.111:80, 52.4.225.124:80, 52.4.240.221:80, 52.5.181.79:80, 52.6.3.192:80, 52.6.46.142:80];12;90204814;[];0;0
"weeeeeeeeeeb.blogspot.com";[142.250.186.65:80];1;5413617;[[2a00:1450:4001:827::2001]:80];1;3798604
"weka.sa";[104.21.83.53:80, 172.67.214.207:80];2;3524088;[[2606:4700:3030::6815:5335]:80, [2606:4700:3036::ac43:d6cf]:80];2;3581183
"weqa.sa";[104.21.47.118:80, 172.67.171.33:80];2;3528255;[[2606:4700:3036::6815:2f76]:80, [2606:4700:3036::ac43:ab21]:80];2;3610789
"wfs.com";[13.248.155.104:80, 76.223.27.102:80];2;3033254;[];0;0
"whereopportunitiesmeet.org";[199.250.205.234:80];1;89093577;[];0;0
"wordpress-web-designer-raleigh.com";[107.180.25.212:80];1;89538020;[];0;0
"worldxxxporn.biz";[94.130.134.171:80, 168.119.150.125:80];2;8245357;[];0;0
"wowbeautysa.com";[104.21.67.157:80, 172.67.177.242:80];2;3104260;[[2606:4700:3033::6815:439d]:80, [2606:4700:3033::ac43:b1f2]:80];2;2749772
"wowly.xyz";[198.37.116.43:80];1;97827076;[];0;0
"wwmt.com";[18.66.139.17:80, 18.66.139.38:80, 18.66.139.40:80, 18.66.139.65:80];4;3017734;[];0;0
"www-albseds-com.translate.goog";[142.250.184.225:80];1;3071169;[[2a00:1450:4001:809::2001]:80];1;3534071
"www-alfarees-com.translate.goog";[142.250.185.193:80];1;3764390;[[2a00:1450:4001:831::2001]:80];1;3761163
"www-almutqdm-com.translate.goog";[216.58.212.161:80];1;3902692;[[2a00:1450:4001:809::2001]:80];1;4674020
"www-daarr-com.translate.goog";[142.250.185.193:80];1;3826681;[[2a00:1450:4001:813::2001]:80];1;2520499
"www-jalghad-net.translate.goog";[142.250.185.129:80];1;3663252;[[2a00:1450:4001:810::2001]:80];1;4569798
"www-marftey-com.translate.goog";[142.250.186.161:80];1;3926274;[[2a00:1450:4001:82a::2001]:80];1;4628405
"www-mktbtty-com.translate.goog";[142.250.185.129:80];1;3570103;[[2a00:1450:4001:813::2001]:80];1;3646169
"wzafni.com";[151.80.247.168:80];1;11553152;[];0;0
"xanime2001.com";[];0;0;[];0;0
"xn--blfjellstugby-qfb.se";[31.24.129.104:80];1;28804960;[];0;0
"xn--sgbu4bv.com";[104.21.15.191:80, 172.67.163.202:80];2;4250356;[[2606:4700:3032::6815:fbf]:80, [2606:4700:3033::ac43:a3ca]:80];2;3101335
"xwireless.net";[161.97.69.3:80];1;9466808;[];0;0
"yalla-goal.com";[92.204.219.2:80];1;6276913;[];0;0
"yellowmedia.com.eg";[23.236.62.147:80];1;107902907;[];0;0
"yo-designs.com";[103.224.182.253:80];1;143684664;[];0;0
"youtubehelp.net";[104.21.37.161:80, 172.67.210.116:80];2;2686007;[[2606:4700:3033::ac43:d274]:80, [2606:4700:3035::6815:25a1]:80];2;3507230
"zadly.sa";[104.21.95.2:80, 172.67.142.115:80];2;3124724;[[2606:4700:3031::6815:5f02]:80, [2606:4700:3036::ac43:8e73]:80];2;3597887
"zaitoontree.com";[151.106.117.1:80];1;326030874;[];0;0
"zbt.org";[104.197.2.250:80];1;109031739;[];0;0
"zermaneducation.com";[104.37.183.1:80];1;10886162;[];0;0
"znarab.com";[65.21.200.90:80];1;24522513;[];0;0
"zoolu.co.il";[82.81.195.19:80];1;64959008;[];0;0
"zpet.co.il";[18.66.122.59:80, 18.66.122.69:80, 18.66.122.95:80, 18.66.122.111:80];4;3099417;[];0;0
"espacios.com";[162.144.180.74:80];1;159673121;[];0;0
"moderndwellnumbers.com";[65.254.227.240:80];1;86743272;[];0;0
"hispanospress.com";[35.185.74.196:80];1;101770435;[];0;0
"obrismorgan.com";[23.227.38.32:80];1;3802190;[];0;0
"wide-format-paper.com";[35.186.223.98:80];1;3501375;[];0;0
"alarrecordingstudio.com";[81.31.149.139:80];1;17990540;[];0;0
"populis.id";[202.158.39.108:80];1;254689560;[];0;0
"anime-italia.net";[104.21.28.228:80, 172.67.147.194:80];2;3699822;[[2606:4700:3033::6815:1ce4]:80, [2606:4700:3033::ac43:93c2]:80];2;3661117
"daxioplay.com";[104.130.81.206:80];1;100146382;[];0;0
"moldedfiberglass.com";[184.168.47.225:80];1;155831504;[];0;0
"kamananews.com";[104.21.59.200:80, 172.67.183.41:80];2;3776153;[[2606:4700:3033::6815:3bc8]:80, [2606:4700:3037::ac43:b729]:80];2;2946249
"llpromocodes.com";[142.93.206.178:80];1;87567977;[];0;0
"nalmowaten.com";[83.149.104.89:80];1;10515988;[];0;0
"sv388.club";[199.188.200.90:80];1;157462764;[];0;0
"luxbusamerica.com";[205.186.183.201:80];1;150167727;[];0;0
"preposterouspenguin.com";[23.227.38.32:80];1;5780649;[];0;0
"spectrum.ie";[159.122.110.228:80];1;17526873;[];0;0
"freezersports.com";[185.27.133.13:80];1;22857581;[];0;0
"igamingcapital.mt";[104.21.42.113:80, 172.67.161.166:80];2;3818374;[[2606:4700:3031::6815:2a71]:80, [2606:4700:3037::ac43:a1a6]:80];2;3288361
"spotlightgrowth.com";[173.201.189.60:80];1;155759795;[];0;0
"earnfinex.com";[104.26.8.212:80, 104.26.9.212:80, 172.67.71.151:80];3;3639975;[[2606:4700:20::681a:8d4]:80, [2606:4700:20::681a:9d4]:80, [2606:4700:20::ac43:4797]:80];3;2197616
"3enwaan.com";[51.89.98.92:80];1;4969631;[];0;0
"stelaji.eu";[185.80.3.192:80];1;45741023;[];0;0
"viblix.com";[81.29.195.124:80];1;12789187;[];0;0
"cursosdeforex.net";[104.21.28.97:80, 172.67.145.82:80];2;3577895;[[2606:4700:3030::ac43:9152]:80, [2606:4700:3035::6815:1c61]:80];2;3094909
"leisure.com";[66.63.171.134:80];1;140861842;[];0;0
"steelsuppliescharterstowers.com.au";[203.98.95.167:80];1;249119584;[];0;0
"jpnim.com";[46.252.149.175:80];1;13422700;[];0;0
"printeru-kartridzi.lv";[37.48.118.150:80];1;10128183;[];0;0
"surfmilfontes.pt";[94.46.25.220:80];1;38194021;[];0;0
"superyachts.news";[206.189.121.56:80];1;14959926;[];0;0
"fxttoken.com";[52.219.36.61:80];1;162092647;[];0;0
"travelplanet.in";[192.124.249.32:80];1;4673555;[];0;0
"historicoccoquan.com";[70.39.150.101:80];1;89434453;[];0;0
"gazeteege.com.tr";[213.238.168.153:80];1;68549969;[];0;0
"fuelsmarketnews.com";[199.16.172.23:80, 199.16.173.10:80];2;3807147;[];0;0
"ncsfluidsystems.ca";[104.248.104.143:80];1;96457870;[];0;0
"tele-finity.com";[160.153.137.99:80];1;9401234;[];0;0
"aladiex.com";[104.21.19.154:80, 172.67.186.203:80];2;3812760;[[2606:4700:3034::6815:139a]:80, [2606:4700:3037::ac43:bacb]:80];2;2414916
"agewellvt.org";[192.124.249.153:80];1;4812489;[];0;0
"trufflesveinspecialists.com";[52.210.134.107:80];1;23423410;[];0;0
"bedounraqaba.net";[162.144.233.177:80];1;162540371;[];0;0
"firstrateblinds.com";[104.21.4.147:80, 172.67.154.37:80];2;3764015;[[2606:4700:3031::6815:493]:80, [2606:4700:3032::ac43:9a25]:80];2;3022804
"prodonna.ch";[78.46.200.134:80];1;7531235;[];0;0
"monetary-metals.com";[104.21.48.85:80, 172.67.183.6:80];2;3805539;[[2606:4700:3032::ac43:b706]:80, [2606:4700:3035::6815:3055]:80];2;2367448
"chinapcbone.com";[107.180.25.36:80];1;97605211;[];0;0
"elsaudi.news";[104.21.15.75:80, 172.67.161.239:80];2;3798652;[[2606:4700:3030::6815:f4b]:80, [2606:4700:3034::ac43:a1ef]:80];2;2653025
"designagency.gr";[185.78.220.199:80];1;53905165;[];0;0
"mamma.ch";[78.46.200.134:80];1;7581056;[];0;0
"dailygao.vn";[210.211.111.88:80];1;198868573;[];0;0
"greenhousestaffing.com";[162.144.199.215:80];1;161264019;[];0;0
"quarkchain.finance";[104.21.78.178:80, 172.67.136.38:80];2;3802550;[[2606:4700:3032::6815:4eb2]:80, [2606:4700:3036::ac43:8826]:80];2;2957763
"almiradavetiye.com";[104.21.34.25:80, 172.67.196.188:80];2;3727190;[[2606:4700:3031::ac43:c4bc]:80, [2606:4700:3035::6815:2219]:80];2;2909060
"rkc.llc";[75.2.70.75:80, 99.83.190.102:80];2;3738586;[];0;0
"puertasglobales.com";[161.47.50.245:80];1;98820762;[];0;0
"innoraft.com";[18.191.97.3:80];1;101226844;[];0;0
"lvup.hk";[104.21.88.85:80, 172.67.174.82:80];2;3759219;[[2606:4700:3031::ac43:ae52]:80, [2606:4700:3032::6815:5855]:80];2;2749786
"shmk.ch";[194.150.248.191:80];1;9013134;[];0;0
"myenterprisehelp.com";[3.10.37.193:80];1;16847441;[];0;0
"discountedgiftcardnow.com";[52.47.114.209:80];1;10680630;[];0;0
"trans-reach.com";[117.18.6.78:80];1;267549028;[];0;0
"umtalelab.com";[185.104.45.105:80];1;36793769;[[2a06:6440:0:2d69::1]:80];1;32306401
"tggeeks.com";[192.124.249.62:80];1;4651821;[];0;0
"weownthenitenyc.com";[74.208.236.36:80];1;117890311;[[2607:f1c0:100f:f000::2db]:80];1;116569992
"apsth.com";[178.128.21.83:80];1;166407364;[[2400:6180:0:d1::655:c001]:80];1;237252048
"swanseabaynews.com";[192.0.78.165:80, 192.0.78.243:80];2;3835636;[];0;0
"awjouh.com";[104.21.77.188:80, 172.67.211.42:80];2;3743204;[[2606:4700:3037::6815:4dbc]:80, [2606:4700:3037::ac43:d32a]:80];2;2822676
"transferpaper.com";[35.214.53.124:80];1;20372621;[];0;0
"360science.com";[172.66.41.9:80, 172.66.42.247:80];2;3996513;[[2606:4700:3108::ac42:2909]:80, [2606:4700:3108::ac42:2af7]:80];2;2438567
"qvalia.com";[139.162.159.15:80];1;4816698;[[2a01:7e01::f03c:92ff:fed1:6ade]:80];1;3165067
"virginiawinefest.com";[104.21.79.249:80, 172.67.150.90:80];2;3677430;[];0;0
"turbonesia.com";[202.51.254.36:80];1;158644026;[];0;0
"continentalassist.com";[34.72.173.111:80];1;110561180;[];0;0
"mmogoldnow.com";[54.154.103.26:80];1;28884391;[];0;0
"bitfalls.com";[188.226.156.200:80];1;15289381;[];0;0
"insuranceking.com";[96.125.171.41:80];1;123741259;[];0;0
"wolacom.com";[35.197.156.204:80];1;210831967;[];0;0
"swantec.com";[178.20.216.17:80];1;14409906;[];0;0
"coremultichain.com";[104.21.95.74:80, 172.67.169.218:80];2;3563897;[[2606:4700:3031::ac43:a9da]:80, [2606:4700:3033::6815:5f4a]:80];2;2257226
"autobarnmodel.com";[35.208.166.54:80];1;115778987;[];0;0
"netcum.net";[104.21.234.82:80, 104.21.234.83:80];2;3644866;[[2606:4700:3038::6815:ea52]:80, [2606:4700:3038::6815:ea53]:80];2;8902314
"benzuae.com";[64.20.51.107:80];1;82589410;[];0;0
"allflo.com.au";[34.87.198.124:80];1;288946358;[];0;0
"dynamicblending.com";[35.208.51.148:80];1;115766802;[];0;0
"oookirin.ru";[185.32.57.177:80];1;31336192;[];0;0
"ezbathremodel.com";[75.2.70.75:80, 99.83.190.102:80];2;3439468;[];0;0
"e-stim.info";[185.35.251.221:80];1;15066918;[];0;0
"bioseutica.com";[18.196.163.181:80];1;4632494;[];0;0
"attractiontickets4less.com";[52.48.37.234:80];1;26623130;[];0;0
"dangky-fun88.com";[198.54.116.108:80];1;158024672;[];0;0
"lifttraining.com";[35.203.3.127:80];1;92753576;[];0;0
"honeybeegiftcards.com";[144.91.74.13:80];1;9742935;[];0;0
"mymoneytimes.com";[104.21.7.77:80, 172.67.135.207:80];2;3936904;[[2606:4700:3035::6815:74d]:80, [2606:4700:3036::ac43:87cf]:80];2;2615096
"novachem.com.au";[35.197.160.177:80];1;288901558;[];0;0
"ayojakarta.com";[104.26.10.22:80, 104.26.11.22:80, 172.67.69.193:80];3;2879164;[[2606:4700:20::681a:a16]:80, [2606:4700:20::681a:b16]:80, [2606:4700:20::ac43:45c1]:80];3;2582941
"440carservice.com";[107.180.21.248:80];1;96627817;[];0;0
"5fiftygame.ca";[198.71.233.254:80];1;93297007;[];0;0
"translatemypaper.com";[54.72.82.94:80];1;25407640;[];0;0
"esheeq.news";[104.21.15.232:80, 172.67.208.155:80];2;3314704;[[2606:4700:3034::ac43:d09b]:80, [2606:4700:3037::6815:fe8]:80];2;2582057
"apotypomata.gr";[49.12.130.58:80];1;7811049;[[2a01:4f8:242:5b45::2]:80];1;7244710
"mookase.com";[91.146.101.136:80];1;39433224;[];0;0
"allthebestlottos.com";[104.26.10.51:80, 104.26.11.51:80, 172.67.68.139:80];3;3008906;[[2606:4700:20::681a:a33]:80, [2606:4700:20::681a:b33]:80, [2606:4700:20::ac43:448b]:80];3;2117671
"bollywoodcharcha.com";[104.21.69.26:80, 172.67.203.46:80];2;2779856;[[2606:4700:3032::ac43:cb2e]:80, [2606:4700:3036::6815:451a]:80];2;3091013
"cnpet.cc";[103.205.9.124:80];1;270929571;[];0;0
"lab24inc.com";[35.209.124.179:80];1;114339988;[];0;0
"shoffz.com";[142.4.25.145:80];1;157881183;[];0;0
"takeflightlearning.com";[104.21.71.111:80, 172.67.144.125:80];2;3686730;[[2606:4700:3033::ac43:907d]:80, [2606:4700:3034::6815:476f]:80];2;3110742
"idusoft.com";[23.236.62.147:80];1;109594434;[];0;0
"flexalum.cl";[72.10.50.45:80];1;93138910;[];0;0
"hypethingsco.it";[23.227.38.36:80];1;2957981;[];0;0
"sysco-env.co.uk";[88.208.222.39:80];1;21010153;[];0;0
"morrows.com.au";[34.87.249.169:80];1;289398655;[];0;0
"southernretrievers.com";[64.71.34.139:80];1;122832592;[];0;0
"royaljellyinhoney.co.uk";[199.34.228.77:80];1;151537818;[];0;0
"arc.wa.gov.au";[208.109.75.198:80];1;156766180;[];0;0
"themoneyrepublic.com";[104.21.43.159:80, 172.67.181.47:80];2;2895367;[[2606:4700:3037::6815:2b9f]:80, [2606:4700:3037::ac43:b52f]:80];2;2711118
"christopherstewart.com";[23.102.181.183:80];1;119421500;[];0;0
"tri-lift.com";[52.205.110.100:80];1;91390406;[];0;0
"hookedonbeauty.com";[138.197.220.88:80];1;160629898;[];0;0
"verdict.org";[162.220.166.155:80];1;79973421;[];0;0
"aispro.com";[99.198.105.143:80];1;105665392;[];0;0
"thecontractorsbooklist.com";[104.21.83.216:80, 172.67.182.48:80];2;2423518;[[2606:4700:3032::6815:53d8]:80, [2606:4700:3034::ac43:b630]:80];2;1882735
"alvaka.net";[209.182.192.246:80];1;147629988;[];0;0
"shopsmartautos.com";[104.21.72.160:80, 172.67.153.34:80];2;3190434;[[2606:4700:3035::6815:48a0]:80, [2606:4700:3035::ac43:9922]:80];2;2446402
"fushaar.news";[104.21.15.38:80, 172.67.161.79:80];2;2857030;[[2606:4700:3030::6815:f26]:80, [2606:4700:3032::ac43:a14f]:80];2;2579251
"smithmetalworks.ca";[213.136.85.26:80];1;10326626;[[2a02:c207:2032:447::1e]:80];1;10010269
"trenddekho.com";[104.21.73.11:80, 172.67.136.235:80];2;2851765;[[2606:4700:3032::ac43:88eb]:80, [2606:4700:3033::6815:490b]:80];2;2335871
"resortshare.com";[104.40.63.98:80];1;159141246;[];0;0
"fundsglobalmena.com";[104.26.10.27:80, 104.26.11.27:80, 172.67.70.235:80];3;2880612;[[2606:4700:20::681a:a1b]:80, [2606:4700:20::681a:b1b]:80, [2606:4700:20::ac43:46eb]:80];3;1665642
"precisebusinesssolutions.net";[172.66.41.16:80, 172.66.42.240:80];2;2652459;[[2606:4700:3108::ac42:2910]:80, [2606:4700:3108::ac42:2af0]:80];2;2274692
"asianlite.ae";[18.130.75.252:80];1;14758061;[];0;0
"wagnerlogistics.com";[45.60.22.3:80, 45.60.25.3:80];2;144573748;[];0;0
"colodax.com";[165.192.106.210:80];1;241699896;[];0;0
"mycinehub.com";[13.232.249.142:80];1;116416173;[];0;0
"ebwllc.com";[54.85.200.131:80, 54.164.9.107:80];2;90354198;[];0;0
"nftext.co";[13.250.179.184:80];1;161512430;[];0;0
"babyfenster.ch";[94.126.19.45:80];1;8061155;[];0;0
"relationshipadviceguides.com";[18.134.58.54:80];1;17112506;[];0;0
"roxannedeberry.com";[146.75.37.11:80];1;89788628;[];0;0
"ebookfitnesshub.com";[3.10.219.50:80];1;14911857;[];0;0
"tarifrechner.de";[217.160.0.247:80];1;6882680;[];0;0
"lissyabrahams.com";[35.213.194.74:80];1;273295697;[];0;0
"thetanooki.com";[50.87.253.143:80];1;152613017;[];0;0
"thebusinessguideexperts.com";[18.133.34.168:80];1;16182203;[];0;0
"jivahealth.com";[104.21.83.51:80, 172.67.214.205:80];2;2309959;[];0;0
"keenantrialinstitute.com";[104.196.227.88:80];1;145811133;[];0;0
"qpau.com";[23.227.38.65:80];1;2838399;[];0;0
"telx-inc.com";[51.79.81.7:80];1;89107072;[];0;0
"globalmilitarycommunications.com";[185.230.63.107:80, 185.230.63.171:80, 185.230.63.186:80];3;26631291;[];0;0
"reindeertoken.com";[104.21.27.86:80, 172.67.169.19:80];2;2184531;[[2606:4700:3031::6815:1b56]:80, [2606:4700:3031::ac43:a913]:80];2;2193025
"maximummmo.com";[18.169.13.184:80];1;16352722;[];0;0
"myflightforecast.com";[148.72.8.137:80];1;97354691;[];0;0
"rentmehomes.com";[185.230.63.107:80, 185.230.63.171:80, 185.230.63.186:80];3;25867880;[];0;0
"translationhubcentral.com";[54.155.241.76:80];1;23252250;[];0;0
"thepleasurepantry.com";[23.227.38.32:80];1;3083956;[];0;0
"e-bay.ae";[78.47.222.8:80];1;7817716;[];0;0
"skanaa.com";[104.21.11.201:80, 172.67.167.66:80];2;2399593;[[2606:4700:3031::ac43:a742]:80, [2606:4700:3033::6815:bc9]:80];2;1983860
"webdesign4beginners.com";[194.163.129.7:80];1;7603612;[];0;0
"hamarahind.com";[151.106.35.44:80];1;3665623;[];0;0
"quickandfastcontent.com";[194.37.80.72:80];1;3406438;[];0;0
"gobefitnow.com";[18.132.234.71:80];1;13979761;[];0;0
"wewritecontentforyou.com";[185.181.10.66:80];1;3631921;[];0;0
"national-parking.com";[192.124.249.59:80];1;2978085;[];0;0
"thambilisandtantrums.com";[104.21.72.6:80, 172.67.173.100:80];2;2002594;[[2606:4700:3032::6815:4806]:80, [2606:4700:3035::ac43:ad64]:80];2;1677055
"roofreplacementservices.com";[35.202.56.61:80];1;109109826;[];0;0
"earnfinex.io";[104.26.10.213:80, 104.26.11.213:80, 172.67.73.173:80];3;2006630;[[2606:4700:20::681a:ad5]:80, [2606:4700:20::681a:bd5]:80, [2606:4700:20::ac43:49ad]:80];3;1821126
"tymoff.com";[104.21.78.27:80, 172.67.215.29:80];2;2543455;[[2606:4700:3033::ac43:d71d]:80, [2606:4700:3037::6815:4e1b]:80];2;1699730
"ayocirebon.com";[104.26.12.28:80, 104.26.13.28:80, 172.67.69.164:80];3;2307668;[[2606:4700:20::681a:c1c]:80, [2606:4700:20::681a:d1c]:80, [2606:4700:20::ac43:45a4]:80];3;2127678
"learntodayhub.com";[99.81.225.149:80];1;24908857;[];0;0
"easytranslationservice.com";[18.132.179.61:80];1;16782925;[];0;0
"olindayfarms.com";[165.22.32.71:80];1;86500654;[];0;0
"accountantsdirect.com.au";[176.74.27.57:80];1;15088466;[];0;0
"holdefi.com";[104.26.12.34:80, 104.26.13.34:80, 172.67.72.88:80];3;1689367;[[2606:4700:20::681a:c22]:80, [2606:4700:20::681a:d22]:80, [2606:4700:20::ac43:4858]:80];3;1510660
"marketingeye.com";[103.247.185.10:80];1;4382288;[];0;0
"senacea.co.uk";[23.236.62.147:80];1;108627040;[];0;0
"jobtiles.com";[165.227.189.155:80];1;82961106;[];0;0
"blockoption.io";[104.26.2.49:80, 104.26.3.49:80, 172.67.70.144:80];3;2305561;[[2606:4700:20::681a:231]:80, [2606:4700:20::681a:331]:80, [2606:4700:20::ac43:4690]:80];3;1967824
"ids-g.com";[110.232.143.5:80];1;255332533;[];0;0
"devcodeshop.com";[185.247.118.219:80];1;4549288;[];0;0
"cbvpost.com";[104.21.64.185:80, 172.67.154.79:80];2;1618716;[[2606:4700:3033::ac43:9a4f]:80, [2606:4700:3037::6815:40b9]:80];2;2024443
"pemf8000pro.com";[66.96.162.137:80];1;89069652;[];0;0
"developerguides4you.com";[62.75.242.150:80];1;4836071;[];0;0
"fplcapital.com";[207.7.84.119:80];1;97327303;[];0;0
"onlinedesignmadeeasy.com";[161.97.119.70:80];1;7730193;[];0;0
"slingpol.com";[3.131.34.214:80];1;99738416;[];0;0
"giftcardhubcentral.com";[15.236.246.119:80];1;9173894;[];0;0
"fast-locallocksmith.com";[45.95.182.52:80];1;10042463;[];0;0
"einfach-effektiv.de";[5.35.226.83:80];1;4257117;[[2a01:488:42:1000:50ed:8553:ff4e:111e]:80];1;4758712
"alliancetag.com";[34.195.54.177:80, 34.234.253.231:80, 54.165.69.64:80];3;89343886;[];0;0
"gaymalta.com";[185.230.63.107:80, 185.230.63.171:80, 185.230.63.186:80];3;24181298;[];0;0
"abdk-courses.com";[51.195.141.105:80];1;16348174;[];0;0
"dental360usa.com";[45.40.144.60:80];1;156802300;[];0;0
"calldesign.com.au";[119.9.131.154:80];1;299064004;[];0;0
"recyclage-auto.ca";[108.163.154.115:80];1;89183761;[];0;0
"maxglobal.com";[104.26.12.75:80, 104.26.13.75:80, 172.67.71.1:80];3;1521317;[[2606:4700:20::681a:c4b]:80, [2606:4700:20::681a:d4b]:80, [2606:4700:20::ac43:4701]:80];3;1764299
"adola.ng";[173.254.28.244:80];1;154227983;[];0;0
"guidestobetteryourbusiness.com";[185.227.111.148:80];1;2423795;[];0;0
"magisterco.com";[104.21.14.221:80, 172.67.160.158:80];2;1496354;[[2606:4700:3031::6815:edd]:80, [2606:4700:3033::ac43:a09e]:80];2;1980096
"improveyourselfshop.com";[18.132.218.54:80];1;15096644;[];0;0
"pornzd.com";[173.212.223.123:80];1;7681447;[];0;0
"hopehealthsupply.com";[104.21.39.104:80, 172.67.144.120:80];2;1570804;[[2606:4700:3032::ac43:9078]:80, [2606:4700:3034::6815:2768]:80];2;2186148
"thegiftcarddock.com";[54.155.0.96:80];1;25739366;[];0;0
"wedeveloptogether.com";[75.119.128.115:80];1;6651765;[];0;0
"alsoouq.com";[104.21.32.51:80, 172.67.183.102:80];2;1584475;[[2606:4700:3030::ac43:b766]:80, [2606:4700:3031::6815:2033]:80];2;1956291
"newscenter.io";[104.197.249.65:80];1;106850680;[];0;0
"yourbusinesswizards.com";[52.215.49.50:80];1;21711483;[];0;0
"developyoursitenow.com";[167.86.111.9:80];1;7037565;[];0;0
"hermagic.com";[104.21.92.13:80, 172.67.184.127:80];2;1489402;[[2606:4700:3037::6815:5c0d]:80, [2606:4700:3037::ac43:b87f]:80];2;1820678
"kjn.id";[104.21.48.218:80, 172.67.156.174:80];2;2182889;[[2606:4700:3031::6815:30da]:80, [2606:4700:3035::ac43:9cae]:80];2;1999255
"stuckathomeshop.com";[161.97.127.143:80];1;7437522;[];0;0
"digitalfinancenews.com";[35.213.148.8:80];1;236854020;[];0;0
"kaffeboxen.se";[23.227.38.32:80];1;1614905;[];0;0
"sitedesignmadeeasy.com";[173.249.33.161:80];1;8253459;[];0;0
"webtranslationexperts.com";[34.255.246.148:80];1;24249143;[];0;0
"thelootershop.com";[18.135.140.220:80];1;15777683;[];0;0
"toplinecontentwriters.com";[161.97.173.121:80];1;6624465;[];0;0
"contentmadeeazy.com";[194.163.179.239:80];1;6658072;[];0;0
"ayobogor.com";[104.21.8.200:80, 172.67.130.158:80];2;1860622;[[2606:4700:3035::ac43:829e]:80, [2606:4700:3036::6815:8c8]:80];2;2134612
"writecontent4me.com";[185.247.119.149:80];1;15714861;[];0;0
"csslabs.de";[85.214.131.253:80];1;13664306;[];0;0
"happyselfhappylife.com";[54.195.97.118:80];1;24929487;[];0;0
"e-gia.com";[198.12.144.78:80];1;156510074;[];0;0
"ehometrainer.com";[18.135.1.239:80];1;15287472;[];0;0
"growfromhometoday.com";[75.119.141.82:80];1;5975288;[];0;0
"exemplardc.com";[199.34.228.73:80];1;163264816;[];0;0
"marymurnane.com";[209.188.91.70:80];1;106666389;[];0;0
"expertwindow.us";[192.124.249.169:80];1;1926793;[];0;0
"translatemywork.com";[3.65.67.172:80];1;1478399;[];0;0
"hibizsolutions.com";[104.21.20.46:80, 172.67.191.87:80];2;3272986;[[2606:4700:3031::ac43:bf57]:80, [2606:4700:3033::6815:142e]:80];2;644424
"armlinsoft.net";[185.4.230.138:80];1;29131964;[];0;0
"insite2design.com";[173.254.64.216:80];1;163690944;[];0;0
