"fiba.com";[83.221.236.154:80];1;338919568;[];0;0
"flta3lam.com";[34.102.136.180:80];1;261038804;[];0;0
"flyjo.com";[89.44.47.219:80];1;0;[];0;0
"foshia.net";[35.226.33.186:80];1;501663663;[];0;0
"frafet.com";[104.21.3.43:80, 172.67.130.57:80];2;304817412;[[2606:4700:3031::6815:32b]:80, [2606:4700:3034::ac43:8239]:80];2;1194671584
"gag-lachayot.co.il";[88.218.116.119:80];1;476984455;[];0;0
"games-free.xyz";[198.54.120.50:80];1;516999319;[];0;0
"geek-share.com";[211.149.244.190:80];1;523221248;[];0;0
"gimoka.com";[164.90.172.23:80];1;300782669;[];0;0
"golinkcn.com";[104.27.146.139:80];1;0;[];0;0
"goodtyping.com";[217.182.172.193:80];1;300769807;[];0;0
"h-o-ev.blogspot.com";[142.250.186.129:80, 142.251.36.225:80, 172.217.18.97:80];3;877076265;[[2a00:1450:4016:809::2001]:80, [2a00:1450:4016:80a::2001]:80, [2a00:1450:4016:80b::2001]:80];3;23289902
"hanamdpi.gov.vn";[103.1.208.194:80];1;3354364768;[];0;0
"hayatechsa.com";[157.90.48.124:80];1;338842837;[];0;0
"hdr-kora.xyz";[216.239.32.21:80, 216.239.34.21:80, 216.239.36.21:80, 216.239.38.21:80];4;661034233;[];0;0
"hixjen.com";[93.89.224.117:80];1;409564656;[];0;0
"hungyenbusiness.gov.vn";[];0;0;[];0;0
"infoedro.net";[144.76.49.242:80];1;339279624;[];0;0
"iosdesignkit.io";[34.255.141.168:80];1;375193084;[];0;0
"jezantv.com";[136.243.51.231:80];1;339892194;[];0;0
"jobs-tunisia.blogspot.com";[142.250.186.129:80, 142.251.36.225:80, 172.217.18.97:80];3;525399161;[[2a00:1450:4016:809::2001]:80, [2a00:1450:4016:80a::2001]:80, [2a00:1450:4016:80b::2001]:80];3;109954516
"justmepal.blogspot.com";[142.250.186.129:80, 142.251.36.225:80, 172.217.18.97:80];3;525405305;[[2a00:1450:4016:809::2001]:80, [2a00:1450:4016:80a::2001]:80, [2a00:1450:4016:80b::2001]:80];3;113197639
"kanannews.net";[104.26.2.155:80, 104.26.3.155:80, 172.67.75.215:80];3;522157722;[[2606:4700:20::681a:29b]:80, [2606:4700:20::681a:39b]:80, [2606:4700:20::ac43:4bd7]:80];3;97825191
"khdamti.com";[];0;0;[];0;0
"khleji.com";[104.21.58.77:80, 172.67.157.245:80];2;307149636;[[2606:4700:3033::ac43:9df5]:80, [2606:4700:3037::6815:3a4d]:80];2;639776921
"kixeye.com";[];0;0;[];0;0
"koat.com";[151.101.1.114:80, 151.101.65.114:80, 151.101.129.114:80, 151.101.193.114:80];4;404201839;[];0;0
"konuz.net";[];0;0;[];0;0
"kooora2day.online";[];0;0;[[2606:4700:3032::ac43:9f07]:80, [2606:4700:3035::6815:4266]:80];2;754005504
"labour.gov.ls";[];0;0;[];0;0
"likeitviral.com";[];0;0;[];0;0
"luxurycode.qa";[74.220.219.222:80];1;524934419;[];0;0
"maimai.cn";[106.75.23.100:80];1;1240594561;[];0;0
"manukahoneyherbs.com";[104.21.31.65:80, 172.67.175.59:80];2;769461145;[];0;0
"marstranslation.com";[54.211.200.20:80, 107.20.69.4:80];2;902803039;[];0;0
"mashreqins.com";[82.213.33.100:80];1;496745403;[];0;0
"mcihost.ml";[152.44.37.46:80];1;501759198;[[2605:7380:1000:1310:485c:5eff:fe23:6f93]:80];1;162013171
"medannws.com";[162.55.92.17:80];1;373746564;[];0;0
"medanps.com";[];0;0;[];0;0
"mixbanat.com";[104.21.39.157:80, 172.67.146.184:80];2;769436104;[[2606:4700:3030::6815:279d]:80, [2606:4700:3037::ac43:92b8]:80];2;61491863
"mobtkr.com";[104.21.55.3:80, 172.67.143.194:80];2;769364932;[[2606:4700:3033::ac43:8fc2]:80, [2606:4700:3035::6815:3703]:80];2;61642756
"mosa.gov.ps";[213.244.86.35:80];1;496628081;[];0;0
"mot.gov.ps";[];0;0;[];0;0
"mpiads.com";[104.21.4.176:80, 172.67.132.80:80];2;769613809;[[2606:4700:3031::6815:4b0]:80, [2606:4700:3032::ac43:8450]:80];2;61373387
"mshaweer.net";[144.91.72.77:80];1;374031046;[];0;0
"myfreshforex.herokuapp.com";[];0;0;[];0;0
"mystore.com.sa";[13.248.211.117:80, 76.223.91.164:80];2;299370502;[];0;0
"mytext.ga";[185.27.134.137:80];1;408571865;[];0;0
"nasmat.cam";[104.21.18.135:80, 172.67.181.231:80];2;769527283;[[2606:4700:3030::6815:1287]:80, [2606:4700:3033::ac43:b5e7]:80];2;61405009
"nawaculture.org";[159.69.84.181:80];1;373535474;[];0;0
"nedcoent.ps";[];0;0;[];0;0
"newnext.eu";[];0;0;[];0;0
"newsmartmachine.com";[205.144.171.7:80];1;3208484112;[];0;0
"nicolewalkerbailbonds.com";[35.173.162.147:80];1;500905145;[];0;0
"nongki.my.id";[45.64.97.106:80];1;516402211;[];0;0
"nongphue-kw.go.th";[119.59.103.203:80];1;522145521;[];0;0
"nortonlewis.com";[104.21.3.205:80, 172.67.131.45:80];2;769205986;[[2606:4700:3032::6815:3cd]:80, [2606:4700:3034::ac43:832d]:80];2;61459414
"nowtornado.blogspot.com";[142.251.36.225:80, 172.217.18.97:80];2;307564594;[[2a00:1450:4016:809::2001]:80, [2a00:1450:4016:80a::2001]:80, [2a00:1450:4016:80b::2001]:80];3;809865534
"ofeq-sa.com";[213.32.11.15:80];1;373868978;[];0;0
"official-quicklink-app.herokuapp.com";[34.201.81.34:80, 54.208.186.182:80, 54.224.34.30:80, 54.243.129.215:80];4;741354527;[];0;0
"omegafi.com";[];0;0;[];0;0
"orealbeauty.com";[192.64.118.49:80];1;1238580230;[];0;0
"osarh.com";[95.216.115.240:80];1;408609916;[];0;0
"paledue.com";[104.21.61.168:80, 172.67.212.45:80];2;769324620;[[2606:4700:3030::ac43:d42d]:80, [2606:4700:3031::6815:3da8]:80];2;61286819
"palgooal-my.sharepoint.com";[13.107.136.9:80, 13.107.138.9:80];2;791856469;[];0;0
"parthpatel.net";[104.198.14.52:80];1;516021839;[];0;0
"partowpandi.com";[87.107.27.12:80];1;500516789;[];0;0
"pastenote.net";[104.21.78.12:80, 172.67.214.110:80];2;307443472;[[2606:4700:3031::ac43:d66e]:80, [2606:4700:3033::6815:4e0c]:80];2;22744154
"pazaaar.com";[164.68.127.248:80];1;373863448;[];0;0
"pdn.ps";[185.61.154.214:80];1;445054221;[];0;0
"perfectostyles.com";[23.227.38.32:80];1;338671199;[];0;0
"petcall.co.il";[91.198.70.50:80];1;496389010;[];0;0
"petglevha.com";[80.93.216.53:80];1;475358266;[];0;0
"phiture.com";[77.74.51.165:80];1;407830801;[];0;0
"preissmurphylms.com";[104.21.91.48:80, 172.67.166.187:80];2;787402877;[[2606:4700:3034::ac43:a6bb]:80, [2606:4700:3035::6815:5b30]:80];2;75358585
"ramallah.news";[104.21.5.32:80, 172.67.132.219:80];2;787400707;[[2606:4700:3034::ac43:84db]:80, [2606:4700:3037::6815:520]:80];2;75305498
"rapidfile.net";[104.21.82.111:80, 172.67.200.173:80];2;787394818;[[2606:4700:3033::6815:526f]:80, [2606:4700:3033::ac43:c8ad]:80];2;75326501
"razzahshop.com";[104.21.16.140:80, 172.67.212.244:80];2;787319961;[[2606:4700:3032::ac43:d4f4]:80, [2606:4700:3036::6815:108c]:80];2;70866937
"rcomlive.com";[151.106.117.1:80];1;525019191;[];0;0
"rechoftv.com";[104.21.93.138:80, 172.67.210.219:80];2;787333882;[[2606:4700:3031::ac43:d2db]:80, [2606:4700:3033::6815:5d8a]:80];2;75474055
"responda.app";[44.195.193.219:80, 52.6.19.214:80, 52.45.146.208:80, 54.210.174.63:80, 67.202.20.224:80, 107.23.111.45:80];6;348218644;[];0;0
"reviewsandbuyingguide.com";[104.21.58.239:80, 172.67.166.67:80];2;787399143;[[2606:4700:3033::6815:3aef]:80, [2606:4700:3035::ac43:a643]:80];2;75432011
"rexfeatures.com";[52.51.19.104:80, 54.155.113.210:80, 63.34.237.162:80];3;606006467;[];0;0
"ricawebdesign.com";[104.21.83.80:80, 172.67.217.156:80];2;787387077;[[2606:4700:3030::ac43:d99c]:80, [2606:4700:3033::6815:5350]:80];2;75256639
"richverse.com";[104.18.20.65:80, 104.18.21.65:80];2;777948881;[[2606:4700::6812:1441]:80, [2606:4700::6812:1541]:80];2;69659853
"sczg.hr";[161.53.174.9:80];1;475020668;[];0;0
"sd-gorjanci.com";[149.255.58.58:80];1;474912759;[];0;0
"seo-forall.com";[104.21.12.189:80, 172.67.132.86:80];2;787412439;[[2606:4700:3036::ac43:8456]:80, [2606:4700:3037::6815:cbd]:80];2;75509950
"shclean2.com";[54.76.177.85:80];1;475333810;[];0;0
"shehab.tv";[144.76.111.116:80];1;408801904;[];0;0
"shemale.taxi";[195.154.43.35:80, 195.154.43.41:80, 195.154.43.108:80];3;617038706;[];0;0
"sho7orhamly.com";[];0;0;[];0;0
"sigorta123.com";[93.89.224.117:80];1;496158460;[];0;0
"slikhaarshop.com";[23.227.38.65:80];1;407903988;[];0;0
"snaf1.blogspot.com";[142.250.186.129:80, 142.251.36.225:80, 172.217.18.97:80];3;565041469;[[2a00:1450:4016:80a::2001]:80, [2a00:1450:4016:80b::2001]:80];2;654817959
"sora-rtl-soratemplates.blogspot.com";[142.250.186.129:80, 142.251.36.225:80, 142.251.37.1:80, 172.217.18.97:80];4;467890129;[[2a00:1450:4016:809::2001]:80, [2a00:1450:4016:80a::2001]:80, [2a00:1450:4016:80b::2001]:80];3;51292924
"souidea.net";[194.163.133.58:80];1;443474180;[];0;0
"specs1.com";[139.162.173.76:80];1;443869288;[];0;0
"speedog.co.il";[62.90.75.172:80];1;1211720867;[];0;0
"stitchfiddle.com";[89.41.169.144:80];1;474475413;[[2a01:7c8:e001:11f::1dee]:80];1;1185899485
"talkify.net";[52.232.79.166:80];1;445422434;[];0;0
"techtutorialsx.com";[192.0.78.157:80, 192.0.78.222:80];2;806827113;[];0;0
"tedxmilehigh.com";[104.21.8.158:80, 172.67.130.141:80];2;798305081;[[2606:4700:3034::6815:89e]:80, [2606:4700:3036::ac43:828d]:80];2;103771863
"teejangold.com";[104.21.30.80:80, 172.67.172.129:80];2;803457831;[[2606:4700:3030::ac43:ac81]:80, [2606:4700:3037::6815:1e50]:80];2;118421521
"templateside.com";[162.0.209.37:80];1;519047497;[];0;0
"tflink.buzz";[141.136.0.149:80];1;475424421;[];0;0
"theimaginationtree.com";[38.29.223.43:80];1;1315943975;[];0;0
"thepdcafe.com";[104.21.11.192:80, 172.67.150.55:80];2;806554950;[[2606:4700:3031::ac43:9637]:80, [2606:4700:3037::6815:bc0]:80];2;118688271
"thermographicwellness.com";[132.148.16.109:80];1;516955153;[];0;0
"tic-ly.com";[173.201.179.107:80];1;521162109;[];0;0
"top5downlo.blogspot.com";[142.251.36.225:80, 172.217.18.97:80];2;803410634;[[2a00:1450:4016:80a::2001]:80];1;108230342
"totaldermatology.com";[104.21.8.59:80, 172.67.138.154:80];2;803191058;[[2606:4700:3036::6815:83b]:80, [2606:4700:3036::ac43:8a9a]:80];2;118796110
"tradenet.sa";[104.21.89.252:80, 172.67.166.190:80];2;803119379;[[2606:4700:3030::ac43:a6be]:80, [2606:4700:3034::6815:59fc]:80];2;118734512
"tremmel-andersontrucking.com";[137.239.10.119:80];1;521191882;[];0;0
"trinityhumanitarianworks.org";[137.239.10.124:80];1;3250886624;[];0;0
"trkeb.com";[104.21.61.105:80, 172.67.208.244:80];2;806449858;[[2606:4700:3033::6815:3d69]:80, [2606:4700:3033::ac43:d0f4]:80];2;118704251
"uibakery.io";[104.21.48.168:80, 172.67.154.98:80];2;806706131;[[2606:4700:3035::ac43:9a62]:80, [2606:4700:3037::6815:30a8]:80];2;118434733
"uniquestyle.store";[23.227.38.65:80];1;408081167;[];0;0
"urbanunit.gov.pk";[144.76.139.14:80];1;474191235;[];0;0
"urquiz.me";[104.21.58.41:80, 172.67.200.51:80];2;806485859;[[2606:4700:3031::6815:3a29]:80, [2606:4700:3035::ac43:c833]:80];2;118490794
"vpjbv.org";[141.136.0.149:80];1;475523867;[];0;0
"wafaicloud.com";[172.66.40.199:80, 172.66.43.57:80];2;777564597;[[2606:4700:3108::ac42:28c7]:80, [2606:4700:3108::ac42:2b39]:80];2;69680207
"wajbati.online";[168.119.43.70:80];1;444636499;[];0;0
"wavetransit.com";[155.138.160.136:80, 184.172.2.133:80];2;1237085390;[];0;0
"wessex.ac.uk";[213.175.208.175:80];1;474737982;[];0;0
"wponeapp.com";[172.66.40.112:80, 172.66.43.144:80];2;791283578;[[2606:4700:3108::ac42:2870]:80, [2606:4700:3108::ac42:2b90]:80];2;88490208
"wxii12.com";[151.101.1.114:80, 151.101.65.114:80, 151.101.129.114:80, 151.101.193.114:80];4;475871101;[];0;0
"xynisteri.com";[35.71.131.223:80, 52.223.29.154:80];2;812746743;[];0;0
"y4lo.blogspot.com";[142.250.184.225:80, 142.251.36.225:80, 172.217.18.97:80];3;593139614;[[2a00:1450:4016:80a::2001]:80];1;1101669800
"ymamh.com";[104.167.221.2:80];1;520865213;[];0;0
"zerodayinitiative.com";[52.89.240.103:80];1;1324187829;[];0;0
"zumawire.com";[70.168.152.102:80];1;523711375;[];0;0
"ariffurniture.co.id";[85.187.128.38:80];1;528933611;[];0;0
"clinicasvicario.es";[162.159.135.42:80];1;474491082;[];0;0
"gemu-group.com";[91.196.145.42:80];1;475512451;[];0;0
"models.lk";[104.21.13.189:80, 172.67.133.16:80];2;825031242;[[2606:4700:3033::6815:dbd]:80, [2606:4700:3033::ac43:8510]:80];2;126606005
"magichenotti.com";[159.69.105.164:80];1;474985206;[];0;0
"counselingwashington.com";[97.74.233.43:80];1;523422642;[];0;0
"mobiblip.com";[192.124.249.61:80];1;475216327;[];0;0
"mobilityex.com";[3.230.67.141:80, 23.20.216.216:80, 34.232.88.233:80, 35.171.109.27:80, 54.173.165.79:80, 100.24.225.183:80];6;347762690;[];0;0
"hudin.com";[185.17.255.46:80];1;475184644;[];0;0
"presisi.co";[45.80.181.53:80];1;528402422;[];0;0
"gwtechparts.com";[35.227.241.56:80];1;474916171;[];0;0
"cimcor.com";[104.26.8.249:80, 104.26.9.249:80, 172.67.70.228:80];3;574956406;[[2606:4700:20::681a:8f9]:80, [2606:4700:20::681a:9f9]:80, [2606:4700:20::ac43:46e4]:80];3;86151164
"spineandscoliosis.com";[35.208.220.158:80];1;517268660;[];0;0
"zegofoods.com";[151.101.66.159:80];1;494276026;[];0;0
"zunzunta.com";[185.230.63.107:80, 185.230.63.171:80, 185.230.63.186:80];3;630448061;[];0;0
"daphnewilde.com";[23.227.38.65:80];1;474481552;[];0;0
"bosswallet.io";[104.21.62.241:80, 172.67.140.161:80];2;797766624;[[2606:4700:3031::6815:3ef1]:80, [2606:4700:3031::ac43:8ca1]:80];2;103852144
"adhesiveplatform.com";[37.97.228.198:80];1;498764315;[];0;0
"articlebasement.com";[34.125.215.230:80];1;520564488;[];0;0
"atmospheremovers.com";[35.209.103.91:80];1;516965220;[];0;0
"egyptfwd.org";[104.21.44.43:80, 172.67.194.207:80];2;841507198;[[2606:4700:3031::6815:2c2b]:80, [2606:4700:3036::ac43:c2cf]:80];2;119833964
"meblehm.pl";[51.68.135.68:80];1;498735151;[];0;0
"skyorium.com";[23.227.38.32:80];1;474513624;[];0;0
"newslooks.com";[104.21.68.105:80, 172.67.194.70:80];2;842248329;[[2606:4700:3031::ac43:c246]:80, [2606:4700:3035::6815:4469]:80];2;119162387
"skylake.com";[23.185.0.3:80];1;495352024;[];0;0
"baoventd.org";[104.21.81.109:80, 172.67.159.87:80];2;307106943;[[2606:4700:3032::6815:516d]:80, [2606:4700:3033::ac43:9f57]:80];2;638435907
"koreorganic.com";[104.26.14.213:80, 104.26.15.213:80, 172.67.71.168:80];3;609721621;[[2606:4700:20::681a:ed5]:80, [2606:4700:20::681a:fd5]:80, [2606:4700:20::ac43:47a8]:80];3;57120550
"siciliarurale.eu";[51.75.130.31:80];1;498363749;[];0;0
"0day.today";[104.21.62.99:80, 172.67.222.209:80];2;817950958;[[2606:4700:3032::ac43:ded1]:80, [2606:4700:3036::6815:3e63]:80];2;122901486
"1.ps";[];0;0;[];0;0
"1111111111g11111111.blogspot.com";[142.250.184.225:80, 142.251.36.225:80, 172.217.18.97:80];3;571264464;[[2a00:1450:4001:828::2001]:80];1;135919792
"1and1.ae";[77.111.240.164:80];1;498483576;[[2a02:2350:5:102:8023:6a9:d37e:9747]:80];1;1194910084
"1xkora.online";[104.21.58.144:80, 172.67.160.93:80];2;841573389;[[2606:4700:3032::ac43:a05d]:80, [2606:4700:3034::6815:3a90]:80];2;119734439
"3bqebda3.blogspot.com";[142.250.186.129:80, 142.251.36.225:80, 142.251.37.1:80, 172.217.18.97:80];4;748116112;[[2a00:1450:4016:809::2001]:80, [2a00:1450:4016:80a::2001]:80, [2a00:1450:4016:80b::2001]:80];3;23460117
"3oloum.com";[87.98.188.44:80, 87.98.250.104:80, 87.98.254.183:80, 94.23.154.108:80, 94.23.154.120:80];5;600655772;[];0;0
"3rab.pw";[104.21.25.173:80, 172.67.134.107:80];2;306981686;[[2606:4700:3032::ac43:866b]:80, [2606:4700:3034::6815:19ad]:80];2;23895033
"48shops.com";[205.144.171.103:80];1;522487993;[];0;0
"5aen.net";[104.21.16.127:80, 172.67.212.180:80];2;841377078;[[2606:4700:3031::6815:107f]:80, [2606:4700:3037::ac43:d4b4]:80];2;606428144
"5jle.com";[65.108.16.99:80];1;498736233;[];0;0
"5souq.com";[199.188.206.25:80];1;521733845;[];0;0
"7esba.com";[184.168.131.241:80, 216.239.32.21:80, 216.239.34.21:80, 216.239.36.21:80, 216.239.38.21:80];5;514197184;[[2001:4860:4802:32::15]:80, [2001:4860:4802:34::15]:80, [2001:4860:4802:36::15]:80, [2001:4860:4802:38::15]:80];4;23278758
"abacademies.org";[104.21.40.216:80, 172.67.139.9:80];2;841338449;[[2606:4700:3030::ac43:8b09]:80, [2606:4700:3037::6815:28d8]:80];2;119813291
"abadystore.com";[104.21.83.239:80, 172.67.183.117:80];2;841967278;[[2606:4700:3032::6815:53ef]:80, [2606:4700:3037::ac43:b775]:80];2;622237581
"abmindworks.com";[5.134.13.214:80];1;512679666;[];0;0
"abukaram-adisone.netlify.app";[3.125.252.47:80, 138.197.188.142:80];2;306933723;[[2a03:b0c0:3:d0::d22:8001]:80, [2a05:d014:275:cb01:1f85:932b:b797:22f9]:80];2;614443571
"abukaram-sms.netlify.app";[167.99.246.105:80, 206.189.50.60:80];2;307234997;[[2a03:b0c0:3:d0::d23:d001]:80, [2a05:d014:275:cb02:7bc2:ee46:f4f6:be94]:80];2;1201552227
"abyanpost.com";[35.208.93.124:80];1;519819508;[];0;0
"activexsoftwares.com";[188.40.217.123:80];1;498527879;[];0;0
"adelbahmim.com";[95.216.115.240:80];1;1142693586;[];0;0
"affiliate-point.com";[184.168.131.241:80, 216.239.32.21:80, 216.239.34.21:80, 216.239.36.21:80, 216.239.38.21:80];5;603694131;[];0;0
"affiliateninjaclub.com";[104.26.10.17:80, 104.26.11.17:80, 172.67.74.184:80];3;605419461;[[2606:4700:20::681a:a11]:80, [2606:4700:20::681a:b11]:80, [2606:4700:20::ac43:4ab8]:80];3;61240861
"afrohair10.com";[104.21.89.29:80, 172.67.136.143:80];2;306936709;[[2606:4700:3034::6815:591d]:80, [2606:4700:3037::ac43:888f]:80];2;664294850
"aghandoura.com";[54.39.68.75:80];1;1228463088;[];0;0
"agirlsguidetocars.com";[104.21.2.38:80, 172.67.128.174:80];2;811928338;[[2606:4700:3033::ac43:80ae]:80, [2606:4700:3035::6815:226]:80];2;117254900
"agronegocioscr.com";[205.144.171.29:80];1;521741486;[];0;0
"ahmadghali22.blogspot.com";[142.250.186.129:80, 142.251.36.225:80, 142.251.37.1:80, 172.217.18.97:80];4;485816057;[[2a00:1450:4016:809::2001]:80, [2a00:1450:4016:80a::2001]:80, [2a00:1450:4016:80b::2001]:80];3;30365664
"aib.ps";[82.102.216.223:80];1;513926619;[];0;0
"airboxr.com";[99.83.198.148:80];1;517481170;[];0;0
"ajeeb.net";[23.227.38.32:80];1;498095767;[];0;0
"akka.ps";[104.21.95.138:80, 172.67.145.2:80];2;307193919;[[2606:4700:3032::6815:5f8a]:80, [2606:4700:3037::ac43:9102]:80];2;1196003915
"akleel.com";[172.64.132.30:80, 172.64.133.30:80];2;841144344;[[2606:4700:e2::ac40:841e]:80, [2606:4700:e2::ac40:851e]:80];2;125221468
"akoanhome.com";[216.239.32.21:80, 216.239.34.21:80, 216.239.36.21:80, 216.239.38.21:80];4;723283403;[];0;0
"al-aela.com";[143.95.237.92:80];1;522827100;[];0;0
"al-karma.com";[46.16.186.67:80];1;513032878;[];0;0
"al-wa3d.com";[168.119.238.45:80];1;511462143;[];0;0
"al2la.com";[51.255.77.53:80];1;512866946;[];0;0
"alberlive.net";[104.21.89.81:80, 172.67.139.16:80];2;817575609;[[2606:4700:3031::6815:5951]:80, [2606:4700:3035::ac43:8b10]:80];2;122988332
"aldaqeq.com";[104.21.31.200:80, 172.67.179.238:80];2;306969672;[[2606:4700:3034::6815:1fc8]:80, [2606:4700:3036::ac43:b3ee]:80];2;22551548
"alemny.net";[104.21.10.146:80, 172.67.190.124:80];2;307428583;[[2606:4700:3031::6815:a92]:80, [2606:4700:3033::ac43:be7c]:80];2;23708394
"algeria7.yoo7.com";[94.23.73.212:80, 94.23.76.111:80, 94.23.150.222:80, 94.23.159.185:80, 178.33.43.150:80, 178.33.43.178:80, 178.33.44.177:80, 178.33.115.32:80, 188.165.2.137:80];9;276143497;[];0;0
"alglaah.com";[104.21.68.218:80, 172.67.198.247:80];2;580844840;[[2606:4700:3031::6815:44da]:80, [2606:4700:3037::ac43:c6f7]:80];2;121682939
"algooal.com";[81.16.28.62:80];1;512714427;[];0;0
"alimaanonline.com";[199.188.201.148:80];1;1302559380;[];0;0
"aljblan.com";[66.7.221.70:80];1;519628613;[];0;0
"aljblan.net";[66.7.221.70:80];1;519642834;[];0;0
"alkahf.com";[];0;0;[];0;0
"allthingsmamma.com";[104.26.0.189:80, 104.26.1.189:80, 172.67.69.239:80];3;214969993;[[2606:4700:20::681a:bd]:80, [2606:4700:20::681a:1bd]:80, [2606:4700:20::ac43:45ef]:80];3;448208586
"alm3lm.net";[104.21.23.150:80, 172.67.211.173:80];2;580476159;[[2606:4700:3033::6815:1796]:80, [2606:4700:3037::ac43:d3ad]:80];2;117000008
"almrj3-com.translate.goog";[142.250.185.65:80];1;511936899;[[2a00:1450:4001:80e::2001]:80];1;102596537
"almutahidah.com";[185.230.211.78:80];1;518165148;[];0;0
"alnadawi.com";[178.162.218.195:80];1;1100776580;[];0;0
"alnahw.com";[104.21.33.200:80, 172.67.149.29:80];2;856757325;[[2606:4700:3033::6815:21c8]:80, [2606:4700:3037::ac43:951d]:80];2;646127569
"alqemanew.com";[81.19.215.4:80];1;512438550;[];0;0
"alsahiha.com";[213.227.129.195:80];1;512483464;[];0;0
"alsannat.com";[104.26.6.135:80, 104.26.7.135:80, 172.67.72.179:80];3;564217243;[[2606:4700:20::681a:687]:80, [2606:4700:20::681a:787]:80, [2606:4700:20::ac43:48b3]:80];3;94716569
"amanahelp.com";[198.54.120.244:80];1;521784825;[];0;0
"amazonservices.com";[72.21.203.216:80, 207.171.162.62:80, 207.171.162.187:80];3;0;[];0;0
"amikamoda.ru";[104.21.25.191:80, 172.67.134.125:80];2;575898336;[[2606:4700:3031::6815:19bf]:80, [2606:4700:3031::ac43:867d]:80];2;116129196
"anamalika.com";[51.210.25.137:80];1;512282481;[];0;0
"anassouq.blogspot.com";[142.250.186.129:80, 142.251.36.225:80, 142.251.37.1:80, 172.217.18.97:80];4;358361869;[[2a00:1450:4016:809::2001]:80, [2a00:1450:4016:80a::2001]:80, [2a00:1450:4016:80b::2001]:80];3;409935097
"android-market-kefak.com";[];0;0;[];0;0
"androidhow.eu";[104.21.46.51:80, 172.67.223.223:80];2;585792854;[[2606:4700:3033::6815:2e33]:80, [2606:4700:3037::ac43:dfdf]:80];2;130600801
"ansani2.com";[34.102.136.180:80];1;1097108890;[];0;0
"ansar1.com";[103.224.212.219:80];1;521311639;[];0;0
"anwersenan.com";[216.239.32.21:80, 216.239.34.21:80, 216.239.36.21:80, 216.239.38.21:80];4;485244917;[];0;0
"aoad.org";[209.237.151.17:80];1;3262437519;[];0;0
"apawire.com";[184.168.131.241:80];1;533780101;[];0;0
"apk-dawn.com";[66.29.141.34:80];1;521777265;[];0;0
"apk10.net";[188.40.217.123:80];1;1100370728;[];0;0
"aplus.ps";[178.63.103.183:80];1;512309075;[];0;0
"appetitt.no";[31.24.129.104:80];1;3184392913;[];0;0
"appscenic.com";[104.26.14.147:80, 104.26.15.147:80, 172.67.69.136:80];3;619092744;[[2606:4700:20::681a:e93]:80, [2606:4700:20::681a:f93]:80, [2606:4700:20::ac43:4588]:80];3;393904018
"arab.co";[];0;0;[];0;0
"arab.com";[91.195.240.135:80];1;512393563;[];0;0
"arabic-quotes.com";[104.21.38.134:80, 172.67.222.245:80];2;801428852;[[2606:4700:3035::6815:2686]:80, [2606:4700:3036::ac43:def5]:80];2;112266496
"arabp2p.net";[66.37.7.67:80];1;525708333;[];0;0
"arabpure.com";[104.21.21.154:80, 172.67.199.83:80];2;307014166;[[2606:4700:3031::6815:159a]:80, [2606:4700:3037::ac43:c753]:80];2;637681468
"arabworld.online";[162.55.92.17:80];1;512180902;[];0;0
"arakhne.org";[212.85.158.4:80];1;1141568039;[];0;0
"aras-tr.com";[94.73.147.156:80];1;512656509;[];0;0
"arb.best";[161.97.186.74:80];1;512219070;[];0;0
"arctic-action.no";[31.24.129.104:80];1;3198820725;[];0;0
"areaaperta.com";[162.253.54.78:80];1;520268339;[];0;0
"ariansen.com";[52.58.78.16:80];1;512233008;[];0;0
"arin.as";[31.24.129.104:80];1;3190081976;[];0;0
"arn.ps";[185.17.234.234:80];1;516182752;[];0;0
"around009.com";[216.239.32.21:80, 216.239.34.21:80, 216.239.36.21:80, 216.239.38.21:80];4;164392559;[];0;0
"arrajolshop.com";[209.182.194.197:80];1;526384343;[];0;0
"artiusglobal.com";[101.100.211.51:80];1;525688673;[];0;0
"asdnova.com";[88.165.7.5:80];1;0;[];0;0
"ashourbattery.wordpress.com";[192.0.78.12:80, 192.0.78.13:80];2;856346610;[];0;0
"athronline.com";[192.124.249.104:80];1;511987984;[];0;0
"atomizedobjects.com";[3.66.136.156:80, 18.158.98.109:80, 18.159.80.129:80];3;426414469;[];0;0
"audionetwork.com";[18.200.66.174:80, 52.214.123.228:80];2;309637538;[];0;0
"autojini.com";[64.34.22.62:80];1;526368331;[];0;0
"autoleadstar.com";[18.211.84.43:80, 34.196.240.75:80, 35.168.205.135:80];3;534161799;[];0;0
"avclabs.com";[104.26.8.89:80, 104.26.9.89:80, 172.67.69.55:80];3;217570904;[];0;0
"awdaanws.com";[104.21.20.36:80, 172.67.191.76:80];2;589209830;[[2606:4700:3031::ac43:bf4c]:80, [2606:4700:3034::6815:1424]:80];2;133219473
"az5muji.com";[104.21.11.234:80, 172.67.131.213:80];2;600130129;[[2606:4700:3033::6815:bea]:80, [2606:4700:3035::ac43:83d5]:80];2;619747157
"azu.edu.eg";[193.227.44.250:80];1;517902429;[];0;0
"b7rk.com";[31.170.160.7:80];1;520164166;[];0;0
"b7st.com";[91.121.113.109:80];1;1119527175;[];0;0
"baja.com.sa";[178.20.144.74:80];1;520550493;[];0;0
"baladnaps.com";[104.21.81.136:80, 172.67.189.156:80];2;594740246;[[2606:4700:3034::6815:5188]:80, [2606:4700:3034::ac43:bd9c]:80];2;132118308
"bank74785291companye3mrg.com";[184.168.131.241:80];1;525312863;[];0;0
"banswr.com";[162.0.209.121:80];1;525353254;[];0;0
"basmaty.com";[99.84.144.48:80, 99.84.144.73:80, 99.84.144.78:80, 99.84.144.83:80];4;483069686;[];0;0
"bazilstore.com";[104.21.1.15:80, 172.67.151.216:80];2;306822308;[[2606:4700:3030::ac43:97d8]:80, [2606:4700:3037::6815:10f]:80];2;1195459363
"be-an-intl-digital-transformation-course-ok.live";[104.21.82.5:80, 172.67.167.88:80];2;1062878494;[[2606:4700:3030::ac43:a758]:80, [2606:4700:3034::6815:5205]:80];2;9852600
"beauteouslenses.com";[104.21.81.80:80, 172.67.140.228:80];2;585661510;[[2606:4700:3030::ac43:8ce4]:80, [2606:4700:3036::6815:5150]:80];2;130280048
"beautykhana.com";[3.66.136.156:80, 18.158.98.109:80, 18.159.80.129:80];3;433407623;[];0;0
"beetvapp.me";[104.21.80.110:80, 172.67.179.104:80];2;585409931;[[2606:4700:3036::6815:506e]:80, [2606:4700:3037::ac43:b368]:80];2;130672095
"benchmarkfurniture.com";[185.119.173.248:80];1;511981630;[];0;0
"best1bestgames1.blogspot.com";[142.251.36.225:80];1;511785960;[[2a00:1450:4001:828::2001]:80, [2a00:1450:4016:80a::2001]:80];2;672186844
"bestiona.com";[104.21.26.239:80, 172.67.168.155:80];2;588810873;[[2606:4700:3030::ac43:a89b]:80, [2606:4700:3031::6815:1aef]:80];2;133324145
"blackbox.be";[93.92.100.101:80];1;511848720;[];0;0
"blend97.com";[104.21.50.121:80, 172.67.163.5:80];2;856135871;[[2606:4700:3037::6815:3279]:80, [2606:4700:3037::ac43:a305]:80];2;646115526
"blommenholmbatforening.no";[13.74.156.193:80];1;513542656;[];0;0
"blueguardme.com";[67.225.190.234:80];1;1252649150;[];0;0
"bluehost-info.blogspot.com";[142.250.186.129:80, 142.251.36.225:80, 172.217.18.97:80];3;623122041;[[2a00:1450:4016:809::2001]:80, [2a00:1450:4016:80a::2001]:80, [2a00:1450:4016:80b::2001]:80];3;401041103
"bluehostinfo.co";[162.241.226.70:80];1;525053293;[];0;0
"bmg-arabic.com";[67.227.226.240:80];1;520937156;[[2600:3c02::f03c:91ff:fee2:5b0f]:80];1;186588843
"bnafsajia2.com";[104.21.65.10:80, 172.67.157.21:80];2;306733924;[[2606:4700:3034::6815:410a]:80, [2606:4700:3037::ac43:9d15]:80];2;1131708146
"bnfsj.net";[95.217.92.194:80];1;516729516;[];0;0
"bodycarepharmacy.com";[104.21.10.117:80, 172.67.163.39:80];2;807134462;[[2606:4700:3030::ac43:a327]:80, [2606:4700:3034::6815:a75]:80];2;120396219
"bodysculptor.com";[104.21.22.150:80, 172.67.205.88:80];2;822937588;[[2606:4700:3030::6815:1696]:80, [2606:4700:3032::ac43:cd58]:80];2;617861353
"bondegaard.net";[31.24.129.104:80, 172.65.232.115:80];2;1613425565;[];0;0
"book1blogger.blogspot.com";[142.250.184.225:80, 142.251.36.225:80, 172.217.18.97:80];3;623067023;[[2a00:1450:4016:809::2001]:80, [2a00:1450:4016:80a::2001]:80];2;589750488
"booksjadid.org";[162.210.199.87:80];1;520594070;[];0;0
"boston25news.com";[52.45.245.196:80, 107.23.1.152:80];2;731770455;[];0;0
"bqworks.com";[72.52.178.23:80];1;1260204548;[[2607:fad0:3801:4::1]:80];1;215188590
"bride.ahlamontada.com";[94.23.73.212:80, 94.23.76.111:80, 94.23.150.222:80, 94.23.159.185:80, 178.33.43.150:80, 178.33.43.178:80, 178.33.44.177:80, 178.33.115.32:80, 188.165.2.137:80];9;347951524;[];0;0
"bright-flashes.com";[67.211.218.75:80];1;520285130;[];0;0
"cad.ae";[207.198.106.166:80];1;3342844138;[];0;0
"cafejug.com";[104.21.65.94:80, 172.67.189.185:80];2;594404167;[[2606:4700:3031::ac43:bdb9]:80, [2606:4700:3036::6815:415e]:80];2;132135453
"calgraf.com";[104.21.62.125:80, 172.67.223.198:80];2;308502898;[];0;0
"cam2love.com";[94.199.255.244:80];1;516136225;[];0;0
"cambridge.college";[66.235.200.146:80];1;511496914;[];0;0
"campeggiodeans.it";[176.9.247.51:80];1;513014157;[];0;0
"capwoodproducts.com";[98.137.244.37:80];1;532054337;[];0;0
"careuhealth.net";[104.21.82.144:80, 172.67.202.185:80];2;308503647;[[2606:4700:3036::6815:5290]:80, [2606:4700:3036::ac43:cab9]:80];2;1200815981
"cdrama.live";[212.107.18.15:80];1;520500943;[];0;0
"charlesproxy.com";[206.190.140.68:80];1;531981452;[[2606:2e00:0:15::4]:80];1;306793540
"chefhyve.ca";[51.222.210.64:80];1;1234082951;[];0;0
"chinaautomaticdoor.org";[13.91.227.29:80];1;1320567741;[];0;0
"chroniclet.com";[74.205.59.68:80];1;525618819;[];0;0
"cima4film.org";[67.227.226.240:80];1;1260224603;[];0;0
"civilsociety-centre.org";[172.104.145.120:80];1;514212978;[[2a01:7e01::f03c:92ff:fedc:9053]:80];1;103263480
"cleanlife-sa.com";[5.9.165.171:80];1;1109949123;[];0;0
"clipart-best.com";[49.12.15.225:80];1;514215612;[];0;0
"cloudimagesb.com";[104.26.8.52:80, 104.26.9.52:80, 172.67.70.251:80];3;426127236;[[2606:4700:20::681a:834]:80, [2606:4700:20::681a:934]:80, [2606:4700:20::ac43:46fb]:80];3;97278117
"cmkcellphones.com";[];0;0;[];0;0
"code-flow.club";[];0;0;[];0;0
"codebox.net";[];0;0;[];0;0
"codesta.xyz";[];0;0;[];0;0
"coffe-supplies.com";[];0;0;[];0;0
"coffeecapital.sa";[104.18.30.207:80, 104.18.31.207:80];2;305999409;[];0;0
"comdurav.com";[104.21.233.205:80, 104.21.233.206:80];2;585215447;[];0;0
"connectherfilmfest.org";[];0;0;[];0;0
"corridar.com";[];0;0;[];0;0
"cppapps.herokuapp.com";[34.201.81.34:80, 54.208.186.182:80, 54.224.34.30:80, 54.243.129.215:80];4;515907832;[];0;0
"cssdemystified.com";[];0;0;[[2a03:b0c0:3:d0::d23:d001]:80, [2a03:b0c0:3:d0::d23:e001]:80, [2a03:b0c0:3:d0::1440:1]:80, [2a05:d014:275:cb01:8909:43f0:2069:7b77]:80];4;611103113
"customanthems.com";[];0;0;[[2606:4700:90:0:b518:199c:8a1f:d33b]:80];1;511227886
"cuttles.io";[];0;0;[];0;0
"cuturl.net";[104.21.67.238:80, 172.67.182.248:80];2;599402377;[[2606:4700:3033::6815:43ee]:80, [2606:4700:3036::ac43:b6f8]:80];2;606954968
"cwwindowcoverings.com.au";[];0;0;[];0;0
"dainiksongbad.com";[162.55.92.17:80];1;1109048525;[];0;0
"danielserinmills.com";[];0;0;[];0;0
"darelzokora.com";[];0;0;[];0;0
"darpa.mil";[];0;0;[];0;0
"data.gov.qa";[];0;0;[];0;0
"davidbaumgold.com";[];0;0;[];0;0
"dazzlepod.com";[88.99.167.175:80];1;514144535;[];0;0
"dciwww.com";[];0;0;[];0;0
"dennyscott.io";[];0;0;[];0;0
"diabemmy.over-blog.com";[];0;0;[];0;0
"diamidos.weebly.com";[];0;0;[];0;0
"dmcatlanta.com";[];0;0;[];0;0
"dodgycoder.net";[];0;0;[];0;0
"downloadmygames.co";[];0;0;[];0;0
"downtoload-com.translate.goog";[];0;0;[];0;0
"drbalmarfa.com";[];0;0;[[2606:4700:3031::6815:10f3]:80, [2606:4700:3031::ac43:d918]:80];2;579462377
"drhebahariri.com";[];0;0;[];0;0
"dropship.me";[];0;0;[];0;0
"dulux.co.nz";[13.54.93.207:80];1;1887043030;[];0;0
"duomediaproductions.com";[];0;0;[];0;0
"duoyi.com";[];0;0;[];0;0
"dwrc.org";[];0;0;[];0;0
"dx6ialiyev.pw";[];0;0;[];0;0
"e-businesspoint.com";[];0;0;[];0;0
"e4uhu.com";[];0;0;[];0;0
"eamira.com";[];0;0;[];0;0
"eatwheat.org";[151.101.2.159:80];1;1117045179;[];0;0
"ebda3weeb.blogspot.com";[142.250.186.129:80, 142.251.36.225:80, 142.251.37.1:80, 172.217.18.97:80];4;368426790;[[2a00:1450:4016:809::2001]:80, [2a00:1450:4016:80a::2001]:80, [2a00:1450:4016:80b::2001]:80];3;75513472
"ed3mni.net";[];0;0;[];0;0
"eda.no";[35.197.215.229:80];1;515495841;[];0;0
"egystar2020.com";[];0;0;[];0;0
"ehotporno.com";[];0;0;[];0;0
"ejaba.org";[];0;0;[];0;0
"el-emarat.com";[];0;0;[];0;0
"el7all.com";[];0;0;[];0;0
"elbadel.com";[];0;0;[];0;0
"elgmalnews.com";[];0;0;[];0;0
"elitetrans.com.cn";[];0;0;[];0;0
"elmagdclean.com";[107.189.3.218:80];1;1129796549;[];0;0
"elmasa-security.net";[];0;0;[];0;0
"elokab.ch";[103.224.182.250:80];1;530831220;[];0;0
"elsalam-eg.com";[];0;0;[];0;0
"em-maring.blogspot.com";[142.250.184.225:80, 142.251.36.225:80, 172.217.18.97:80];3;622412619;[[2a00:1450:4016:809::2001]:80, [2a00:1450:4016:80a::2001]:80];2;589762198
"emiratesleaks.com";[];0;0;[];0;0
"emojilo.com";[104.21.23.59:80, 172.67.209.113:80];2;308448192;[];0;0
"enreach.com";[];0;0;[];0;0
"epassively.com";[];0;0;[];0;0
"eportal.gov.ps";[213.244.86.35:80];1;517447204;[];0;0
"ergonassociates.net";[];0;0;[[2606:4700:3032::ac43:a00e]:80, [2606:4700:3033::6815:986]:80];2;579140356
"ersincaki.net";[];0;0;[];0;0
"esensesoftware.com";[];0;0;[];0;0
"eslnee.com";[];0;0;[];0;0
"esloganmagazine.com";[];0;0;[];0;0
"eucerin-me.com";[];0;0;[];0;0
"exchangewar.info";[];0;0;[];0;0
"falakcard.com";[104.21.68.117:80, 172.67.195.9:80];2;602572411;[];0;0
"familyibdis.com";[];0;0;[];0;0
"fanplus.co.kr";[];0;0;[];0;0
"fateh-voice.net";[];0;0;[];0;0
"faxlibqxabi.web.app";[];0;0;[];0;0
"feet-to-meters.appspot.com";[];0;0;[];0;0
"fegfaucet.com";[];0;0;[];0;0
"film1k.com";[];0;0;[];0;0
"fionkahstore.com";[104.21.27.128:80, 172.67.142.154:80];2;307375543;[[2606:4700:3033::ac43:8e9a]:80, [2606:4700:3034::6815:1b80]:80];2;1200681206
"firasothman.com";[185.146.22.228:80];1;515518272;[];0;0
"first-window.com";[104.21.39.145:80, 172.67.170.206:80];2;307245901;[[2606:4700:3033::6815:2791]:80, [2606:4700:3033::ac43:aace]:80];2;1202454739
"fjr-book.com";[104.21.49.43:80, 172.67.158.207:80];2;308620808;[];0;0
"flarefiles.com";[104.21.20.133:80, 172.67.192.235:80];2;307560678;[];0;0
"flirtogram.app";[];0;0;[];0;0
"flutterflow.io";[];0;0;[];0;0
"flyjordan.com.jo";[];0;0;[];0;0
"flyjordanairlines.com";[178.20.188.49:80];1;3309532262;[];0;0
"foootballsport.com";[];0;0;[];0;0
"forumalaska.ro";[];0;0;[];0;0
"foxmail.com";[183.57.48.35:80];1;1367944863;[];0;0
"freepsdtemplateblogger.blogspot.com";[];0;0;[];0;0
"fxsolve.com";[];0;0;[];0;0
"gaaiho.com";[];0;0;[];0;0
"gaca.gov.ps";[];0;0;[];0;0
"gameslife.info";[];0;0;[];0;0
"gaminplay.com";[];0;0;[];0;0
"gazagame.club";[];0;0;[];0;0
"gazanws.com";[];0;0;[];0;0
"gecrasbackend.herokuapp.com";[];0;0;[];0;0
"geekinfoo-v2.blogspot.com";[];0;0;[];0;0
"genuine-lamps.com";[];0;0;[];0;0
"germanshepherd-training.net";[173.237.137.99:80];1;1317051430;[];0;0
"getpornhot.com";[94.130.134.137:80, 157.90.107.242:80];2;859253859;[];0;0
"gisha.org";[];0;0;[];0;0
"givaway219.blogspot.com";[142.250.186.129:80, 142.251.36.225:80, 172.217.18.97:80];3;625240339;[[2a00:1450:4016:809::2001]:80, [2a00:1450:4016:80a::2001]:80, [2a00:1450:4016:80b::2001]:80];3;47328224
"graaam.com";[];0;0;[];0;0
"grawi.com";[];0;0;[];0;0
"greeningz.com";[];0;0;[];0;0
"greenlifeksa.com";[198.20.127.137:80];1;1127801306;[];0;0
"gturls.com";[];0;0;[];0;0
"gulfoodmanufacturing.com";[];0;0;[];0;0
"gulfson.com";[52.128.23.153:80];1;1308475715;[];0;0
"gulfupload.com";[];0;0;[];0;0
"gulfupp.com";[];0;0;[];0;0
"hair-care.cc";[];0;0;[[2606:4700:3031::ac43:a49a]:80, [2606:4700:3033::6815:52e4]:80];2;306632019
"hammoudih.wordpress.com";[];0;0;[];0;0
"hanslucas.com";[51.91.74.193:80];1;514599749;[[2001:41d0:303:c9c1::]:80];1;102290001
"hawwastyle.com";[162.55.92.17:80];1;1115060176;[];0;0
"healthpoortal.com";[];0;0;[];0;0
"herbandoil1.com";[104.21.61.49:80, 172.67.206.122:80];2;864782344;[];0;0
"herzallah.ps";[];0;0;[];0;0
"hiproficiency.net";[];0;0;[];0;0
"historisches-festmahl.de";[212.77.234.20:80];1;515447967;[];0;0
"historyculture.my.id";[];0;0;[];0;0
"hivepro.com";[];0;0;[];0;0
"hlshowdz.com";[];0;0;[];0;0
"hlthqafi-com.translate.goog";[];0;0;[[2a00:1450:4016:809::2001]:80];1;514564401
"hona-kuwait.com";[];0;0;[];0;0
"honamusicans.com";[];0;0;[];0;0
"horentek.it";[81.88.52.86:80];1;1136369291;[];0;0
"hostguid.com";[];0;0;[];0;0
"hostiper.com";[];0;0;[];0;0
"hotel2thai.com";[];0;0;[];0;0
"hoteltropicomonteverde.com";[];0;0;[];0;0
"houstontomorrow.org";[];0;0;[];0;0
"hr.ps";[];0;0;[];0;0
"html5test.com";[];0;0;[];0;0
"hyat.ws";[];0;0;[];0;0
"ibe.ma";[159.8.122.149:80];1;515191878;[];0;0
"ibn3.com";[];0;0;[];0;0
"ibrand.sa";[104.21.50.195:80, 172.67.210.8:80];2;306961908;[[2606:4700:3031::ac43:d208]:80, [2606:4700:3036::6815:32c3]:80];2;618610372
"ikca.org.uk";[104.21.58.71:80, 172.67.157.121:80];2;308152495;[[2606:4700:3034::6815:3a47]:80, [2606:4700:3034::ac43:9d79]:80];2;633636712
"iman5j.blogspot.com";[142.250.186.129:80, 142.251.36.225:80, 142.251.37.1:80, 172.217.18.97:80];4;487147838;[[2a00:1450:4016:809::2001]:80, [2a00:1450:4016:80a::2001]:80, [2a00:1450:4016:80b::2001]:80];3;30006538
"imejl.sk";[37.9.175.6:80];1;1145730218;[];0;0
"infb.ml";[151.101.1.195:80, 151.101.65.195:80];2;306977946;[];0;0
"infinityfolder.com";[204.93.174.136:80];1;521349593;[];0;0
"iselect.store";[104.21.31.66:80, 172.67.175.60:80];2;307259992;[[2606:4700:3030::ac43:af3c]:80, [2606:4700:3035::6815:1f42]:80];2;1201543038
"israa.edu.ps";[];0;0;[];0;0
"iwgia.org";[207.180.219.44:80];1;514588447;[];0;0
"izuiyou.com";[];0;0;[];0;0
"jawabe.net";[162.55.92.17:80];1;514401655;[];0;0
"jawbni.com";[146.59.223.84:80];1;1135698956;[];0;0
"jblinks.al";[31.220.0.200:80];1;514712963;[];0;0
"jehad.ps";[];0;0;[];0;0
"jerusaleminstitute.org.il";[];0;0;[];0;0
"jobpal1.blogspot.com";[];0;0;[];0;0
"jortn.com";[];0;0;[];0;0
"jovafurniture.com";[];0;0;[];0;0
"juniqe.com";[];0;0;[];0;0
"justbeauty.store";[162.0.229.55:80];1;1306983047;[];0;0
"jwu.org";[];0;0;[];0;0
"jwwab.com";[];0;0;[];0;0
"ka.com.qa";[];0;0;[];0;0
"kachaf.com";[];0;0;[];0;0
"karldetroit.com";[];0;0;[[2606:4700:3031::6815:3626]:80, [2606:4700:3031::ac43:df68]:80];2;857775340
"kasper1.com";[];0;0;[];0;0
"kasrelsalam.co";[192.185.35.33:80];1;1306716496;[];0;0
"kawngroup.com";[];0;0;[];0;0
"kerckhaert.org";[];0;0;[];0;0
"kern-sohn.com";[];0;0;[];0;0
"khabars7.com";[104.21.38.169:80, 172.67.137.9:80];2;819796235;[[2606:4700:3032::6815:26a9]:80, [2606:4700:3033::ac43:8909]:80];2;121405240
"khaliid.com";[];0;0;[];0;0
"khlgy.com";[];0;0;[];0;0
"khozama.shop";[];0;0;[[2606:4700:3032::6815:26a9]:80, [2606:4700:3033::ac43:8909]:80];2;305995801
"kiitos.tech";[76.76.21.21:80];1;511687158;[];0;0
"kingrootapp.net";[];0;0;[[2606:4700:3034::6815:13b6]:80, [2606:4700:3036::ac43:bb0e]:80];2;305819511
"kishawi.com";[];0;0;[];0;0
"koora365new.com";[];0;0;[];0;0
"koraextra.net";[];0;0;[];0;0
"koraonfire.com";[];0;0;[];0;0
"kotobon.com";[];0;0;[];0;0
"ksacocoon.com";[104.21.32.229:80, 172.67.156.83:80];2;600814081;[[2606:4700:3036::6815:20e5]:80, [2606:4700:3037::ac43:9c53]:80];2;630249881
"kumardeepak.xyz";[];0;0;[];0;0
"labrano.com";[];0;0;[];0;0
"lamasatnierah.online";[];0;0;[];0;0
"lamezon.site";[104.21.75.94:80, 172.67.218.152:80];2;605116996;[];0;0
"lawpedia.jo";[173.212.252.246:80];1;512863200;[];0;0
"leading-point.com";[];0;0;[];0;0
"leecharme.com";[];0;0;[];0;0
"legalitylwritings.blogspot.com";[142.250.186.129:80, 142.251.36.225:80, 172.217.18.97:80];3;451970243;[[2a00:1450:4016:809::2001]:80, [2a00:1450:4016:80a::2001]:80, [2a00:1450:4016:80b::2001]:80];3;82537110
"letronc-m.com";[18.176.250.52:80, 52.194.60.82:80];2;1329343684;[];0;0
"lgmedia.it";[];0;0;[];0;0
"li.me";[];0;0;[];0;0
"libyaakhbar.com";[];0;0;[];0;0
"life99.in";[];0;0;[];0;0
"lifeworld.media";[];0;0;[];0;0
"live-pscp.com";[];0;0;[];0;0
"loginports.com";[];0;0;[];0;0
"loloapps.co";[];0;0;[];0;0
"lostore.net";[104.21.44.21:80, 172.67.193.244:80];2;599337768;[[2606:4700:3031::ac43:c1f4]:80, [2606:4700:3036::6815:2c15]:80];2;611725278
"love-img.com";[104.21.46.141:80, 172.67.139.53:80];2;608484684;[[2606:4700:3031::6815:2e8d]:80, [2606:4700:3035::ac43:8b35]:80];2;124444773
"lsmensclothing.com";[198.71.233.96:80];1;516534016;[];0;0
"lvlupksa.com";[178.62.48.157:80];1;510187679;[];0;0
"m-alsultan.com";[104.21.55.109:80, 172.67.171.27:80];2;608458601;[[2606:4700:3031::6815:376d]:80, [2606:4700:3037::ac43:ab1b]:80];2;124455860
"m.ps";[];0;0;[];0;0
"ma7room.com";[104.21.68.188:80, 172.67.197.213:80];2;603865273;[[2606:4700:3036::6815:44bc]:80, [2606:4700:3037::ac43:c5d5]:80];2;630817795
"madun.online";[184.168.131.241:80];1;1352156749;[];0;0
"mah6at.net";[35.209.15.27:80];1;1259979732;[];0;0
"mahmiyat.ps";[159.69.160.206:80];1;510209439;[];0;0
"maktbii.com";[162.55.92.17:80];1;510226356;[];0;0
"malabesturkey.com";[108.167.143.241:80];1;1311260153;[];0;0
"malihabeauty.com";[104.21.42.86:80, 172.67.203.102:80];2;856112859;[[2606:4700:3033::6815:2a56]:80, [2606:4700:3034::ac43:cb66]:80];2;109392564
"manukahome.com";[];0;0;[];0;0
"massira.jo";[104.21.3.116:80, 172.67.130.169:80];2;306212920;[[2606:4700:3031::6815:374]:80, [2606:4700:3033::ac43:82a9]:80];2;658973820
"mastervocabulary.com";[];0;0;[];0;0
"matchaslim.co";[];0;0;[];0;0
"matlob.co.il";[];0;0;[];0;0
"maydanalquds.com";[104.21.2.254:80, 172.67.129.245:80];2;306648888;[];0;0
"mazayaalotor.com";[];0;0;[];0;0
"medanws.com";[162.55.92.17:80];1;508924229;[];0;0
"mediasport.ps";[];0;0;[];0;0
"medina-gazette.com";[];0;0;[];0;0
"mhtwyat-com.translate.goog";[142.250.186.161:80];1;508495533;[];0;0
"minstmez.net";[50.116.84.153:80];1;1309403286;[];0;0
"misknet.com";[];0;0;[];0;0
"misktalimy.com";[83.149.93.194:80];1;1138037351;[];0;0
"mktbtty.com";[104.21.6.130:80, 172.67.154.219:80];2;607250566;[[2606:4700:3031::6815:682]:80, [2606:4700:3036::ac43:9adb]:80];2;124331731
"mobi-offers.com";[5.189.184.37:80];1;510099798;[];0;0
"mobile-tracker-free.info";[];0;0;[];0;0
"mobilegamefest.com";[];0;0;[];0;0
"mofiid.com";[];0;0;[];0;0
"mogrib.com";[];0;0;[];0;0
"mohammedshurafa.me";[];0;0;[];0;0
"mongodb.github.io";[];0;0;[];0;0
"montagemediausa.com";[];0;0;[];0;0
"moofes.blogspot.com";[172.217.18.97:80];1;507145811;[[2a00:1450:4016:80a::2001]:80];1;103729442
"mosameam.com";[];0;0;[];0;0
"movies-place.blogspot.com";[];0;0;[];0;0
"mowatennews.com";[162.144.20.74:80];1;535782724;[];0;0
"mrahkat.net";[];0;0;[];0;0
"mrkzgulfup.com";[];0;0;[];0;0
"mronecoffee.com";[];0;0;[];0;0
"msealkota.com";[];0;0;[];0;0
"mslkalhlwl.com";[];0;0;[];0;0
"mt2cloud.com";[];0;0;[];0;0
"muhtwa.org";[];0;0;[];0;0
"muqawlat.com";[];0;0;[];0;0
"musclesbuilding.net";[];0;0;[];0;0
"musfight.ru";[];0;0;[];0;0
"mxsa.com";[103.224.182.227:80];1;1329351221;[];0;0
"mybook4u.com";[];0;0;[];0;0
"mywayegy.net";[];0;0;[];0;0
"nabataty.com";[50.28.41.124:80];1;1257022912;[];0;0
"narsom.com";[51.255.94.239:80];1;1136599386;[];0;0
"naseej.com";[70.32.23.73:80];1;1379218508;[];0;0
"nbdalmalomat.com";[216.239.32.21:80, 216.239.34.21:80, 216.239.36.21:80, 216.239.38.21:80];4;616118294;[];0;0
"neonkaraoke.ru";[104.21.20.129:80, 172.67.192.231:80];2;304850694;[[2606:4700:3033::6815:1481]:80, [2606:4700:3037::ac43:c0e7]:80];2;1197887116
"neteasegames.com";[59.111.137.74:80];1;1348338502;[];0;0
"neurostar.com";[13.90.93.8:80];1;1229244516;[];0;0
"newline.dev";[104.21.42.24:80, 172.67.199.64:80];2;606504598;[[2606:4700:3031::6815:2a18]:80, [2606:4700:3033::ac43:c740]:80];2;124401542
"news24z.com";[50.87.170.151:80];1;1329479793;[];0;0
"newsof.org";[104.21.85.239:80, 172.67.212.29:80];2;860225299;[[2606:4700:3032::ac43:d41d]:80, [2606:4700:3037::6815:55ef]:80];2;109147515
"newtags.com.sa";[];0;0;[[2606:4700:3036::6815:3f1e]:80, [2606:4700:3037::ac43:8eab]:80];2;854068463
"nicholasjanni.com";[];0;0;[];0;0
"nokati.net";[104.21.68.154:80, 172.67.196.165:80];2;821634118;[[2606:4700:3035::6815:449a]:80, [2606:4700:3035::ac43:c4a5]:80];2;121644254
"nokta-basmat-nja7.blogspot.com";[];0;0;[];0;0
"noqta.info";[];0;0;[];0;0
"novinsonic.com";[];0;0;[];0;0
"novomind.com";[212.101.214.29:80];1;1135120978;[];0;0
"nppalestine.org";[];0;0;[];0;0
"obviouslybored.com";[];0;0;[];0;0
"ocelot.readthedocs.io";[];0;0;[];0;0
"oi-web.blogspot.com";[];0;0;[];0;0
"oilsense.co.uk";[];0;0;[];0;0
"oliveoil-business.com";[];0;0;[];0;0
"omame.tech";[];0;0;[];0;0
"oman-news.net";[];0;0;[];0;0
"omcp.org";[];0;0;[];0;0
"oneunicorn.com";[];0;0;[];0;0
"oryx.coffee";[];0;0;[];0;0
"ostyles.com";[];0;0;[];0;0
"ourcima.com";[104.21.8.90:80, 172.67.130.103:80];2;612440189;[[2606:4700:3032::ac43:8267]:80, [2606:4700:3035::6815:85a]:80];2;634552336
"pacificpressagency.com";[];0;0;[];0;0
"pagingfunmums.com";[104.21.71.223:80, 172.67.149.182:80];2;612520635;[[2606:4700:3030::6815:47df]:80, [2606:4700:3032::ac43:95b6]:80];2;125815247
"palestineforum.net";[68.66.255.246:80];1;506734352;[];0;0
"palestinejobs22.blogspot.com";[];0;0;[];0;0
"pcfcc.ps";[149.47.138.156:80];1;1243902419;[];0;0
"pennybridge.org";[];0;0;[];0;0
"pitstrack.com";[];0;0;[];0;0
"plamx.com";[];0;0;[];0;0
"plumbinginmiamifl.com";[104.26.6.88:80, 104.26.7.88:80, 172.67.74.147:80];3;455002897;[[2606:4700:20::681a:658]:80, [2606:4700:20::681a:758]:80, [2606:4700:20::ac43:4a93]:80];3;385071088
"plumfund.com";[34.239.217.80:80, 35.169.214.149:80];2;723001223;[];0;0
"police.ps";[213.244.86.55:80];1;514372203;[];0;0
"pornkicash.com";[];0;0;[];0;0
"posharabia.com";[104.199.121.203:80];1;1306329137;[];0;0
"pp.cn";[14.116.140.70:80, 111.161.46.130:80, 120.241.1.70:80, 123.150.182.217:80, 157.255.240.70:80, 211.103.82.182:80];6;0;[];0;0
"preissmurphy.com";[173.254.36.168:80];1;1374600202;[];0;0
"presidentmommy.com";[104.21.26.172:80, 172.67.138.34:80];2;611959531;[];0;0
"prevwong.github.io";[185.199.108.153:80, 185.199.109.153:80, 185.199.110.153:80, 185.199.111.153:80];4;161264178;[];0;0
"prime-expo.com";[];0;0;[];0;0
"prn.wtf";[];0;0;[];0;0
"psc.gov.ls";[];0;0;[];0;0
"pysf.ps";[];0;0;[];0;0
"qalmisla7y.com";[50.116.93.83:80];1;1334053669;[];0;0
"qawafl.com";[];0;0;[];0;0
"query.gov.ps";[];0;0;[];0;0
"qwantjunior.com";[];0;0;[];0;0
"radiomasr.net";[];0;0;[];0;0
"radiomedtunisie.com";[];0;0;[];0;0
"rafah.ps";[];0;0;[];0;0
"rahal.com";[];0;0;[];0;0
"rajatswarup.com";[173.205.126.138:80];1;1241375972;[];0;0
"ram3lolat.com";[];0;0;[];0;0
"ramez-habboub.blogspot.com";[142.250.186.129:80, 142.251.36.225:80, 142.251.37.1:80, 172.217.18.97:80];4;634582074;[[2a00:1450:4016:809::2001]:80, [2a00:1450:4016:80a::2001]:80, [2a00:1450:4016:80b::2001]:80];3;36716833
"rassedpal.eb2a.com";[185.27.134.176:80];1;504501964;[];0;0
"react-toolbox.io";[192.30.252.153:80];1;1248973071;[];0;0
"richardlouv.com";[66.33.221.248:80];1;1341533026;[];0;0
"rollingstone.fr";[];0;0;[];0;0
"rowadplatform.com";[];0;0;[];0;0
"runhappy.pl";[];0;0;[];0;0
"sabbar.com";[];0;0;[];0;0
"sahatalilm.com";[];0;0;[];0;0
"sahm-alkuwait.com";[];0;0;[];0;0
"sakakala.com";[162.55.92.17:80];1;504602700;[];0;0
"salsaxsalsa.com";[184.168.131.241:80, 216.239.32.21:80, 216.239.34.21:80, 216.239.36.21:80, 216.239.38.21:80];5;336389874;[];0;0
"sasura.com";[104.21.13.140:80, 172.67.132.226:80];2;863064184;[[2606:4700:3032::6815:d8c]:80, [2606:4700:3033::ac43:84e2]:80];2;103150477
"schemaplugin.com";[64.37.102.163:80];1;1271658032;[];0;0
"scruff.com";[99.84.144.33:80, 99.84.144.58:80, 99.84.144.68:80, 99.84.144.119:80];4;158077534;[];0;0
"sdp.gov.co";[200.69.105.199:80];1;528338465;[];0;0
"seahorsefamilylaw.co.uk";[];0;0;[];0;0
"sean-lan.com";[];0;0;[];0;0
"secondhalfdreams.com";[];0;0;[];0;0
"seedbh.net";[];0;0;[];0;0
"seedstraining.com";[];0;0;[];0;0
"seriesdelos80sy90s.blogspot.com";[];0;0;[];0;0
"servicesadvance.com";[];0;0;[];0;0
"sha9msh.blogspot.com";[];0;0;[];0;0
"shafaq.cafe";[];0;0;[];0;0
"shangmayuan.com";[];0;0;[];0;0
"shardawebservices.com";[];0;0;[];0;0
"shejiinn.com";[];0;0;[];0;0
"shemale.express";[];0;0;[];0;0
"shft.cl";[104.21.88.99:80, 172.67.176.77:80];2;304991634;[[2606:4700:3030::ac43:b04d]:80, [2606:4700:3035::6815:5863]:80];2;634363990
"shiplypalestine.com";[];0;0;[];0;0
"shoala.app";[];0;0;[];0;0
"shroo7.com";[104.21.56.111:80, 172.67.184.167:80];2;610809163;[[2606:4700:3030::ac43:b8a7]:80, [2606:4700:3031::6815:386f]:80];2;641085689
"skipinput.com";[78.159.100.200:80];1;1129200049;[];0;0
"skudnews.com";[];0;0;[];0;0
"smartapps.scot";[66.235.200.146:80];1;503388279;[];0;0
"smartrecruiter.com";[213.149.230.164:80];1;504896084;[];0;0
"snews-basmat-nja7.blogspot.com";[];0;0;[];0;0
"snowbirdsway.com";[];0;0;[];0;0
"so2alk.com";[];0;0;[[2606:4700:3034::ac43:cbd5]:80, [2606:4700:3036::6815:5d1e]:80];2;855982918
"sociate.ae";[];0;0;[];0;0
"societyegy.blogspot.com";[];0;0;[];0;0
"softnyx-is.com";[];0;0;[];0;0
"solveworkquestionpaper.blogspot.com";[142.250.184.225:80, 142.251.36.225:80, 172.217.18.97:80];3;470090931;[[2a00:1450:4016:809::2001]:80, [2a00:1450:4016:80a::2001]:80];2;600905869
"spinozagamer.com";[216.239.32.21:80, 216.239.34.21:80, 216.239.36.21:80, 216.239.38.21:80];4;456263070;[];0;0
"spisy.net";[];0;0;[];0;0
"squarespace.github.io";[];0;0;[];0;0
"ssdailymotion.com";[];0;0;[];0;0
"standtogethercontracosta.org";[];0;0;[];0;0
"stariphone.com";[];0;0;[];0;0
"startuppalestine.com";[151.106.117.1:80];1;589491799;[];0;0
"stylegoop.com";[];0;0;[];0;0
"superfreelancer.org";[66.96.147.160:80];1;1229166971;[];0;0
"sydality.com";[198.54.126.75:80];1;1328766691;[];0;0
"synclarity.in";[148.72.244.110:80];1;2528421783;[];0;0
"ta3deeen.com";[];0;0;[];0;0
"tag-roba.blogspot.com";[142.250.186.129:80, 142.251.36.225:80, 142.251.37.1:80, 172.217.18.97:80];4;484379286;[[2a00:1450:4016:809::2001]:80, [2a00:1450:4016:80a::2001]:80, [2a00:1450:4016:80b::2001]:80];3;27326841
"tag-stoons.blogspot.com";[];0;0;[];0;0
"tagareb0.blogspot.com";[];0;0;[];0;0
"tagbeka.blogspot.com";[];0;0;[];0;0
"tagdaleli.blogspot.com";[];0;0;[];0;0
"tagprolev.blogspot.com";[];0;0;[];0;0
"tagrooobaa.blogspot.com";[142.250.186.129:80, 142.251.36.225:80, 172.217.18.97:80];3;621619062;[[2a00:1450:4016:809::2001]:80, [2a00:1450:4016:80a::2001]:80, [2a00:1450:4016:80b::2001]:80];3;46027764
"tahmilalab.com";[];0;0;[];0;0
"tajroba0.blogspot.com";[142.250.186.129:80, 142.251.36.225:80, 142.251.37.1:80, 172.217.18.97:80];4;737449801;[[2a00:1450:4016:809::2001]:80, [2a00:1450:4016:80a::2001]:80, [2a00:1450:4016:80b::2001]:80];3;25800620
"talitor.no";[162.241.85.202:80];1;1328452889;[];0;0
"taqeemi.com";[165.22.80.109:80];1;501347510;[];0;0
"techjblog.com";[];0;0;[];0;0
"technical-ar.info";[];0;0;[];0;0
"technolaty.com";[];0;0;[];0;0
"techsecuritypro.com";[];0;0;[];0;0
"teto101.blogspot.com";[142.251.36.225:80];1;1169975572;[[2a00:1450:4001:828::2001]:80];1;121095708
"tgareed.org";[];0;0;[[2606:4700:3031::ac43:b3d4]:80, [2606:4700:3033::6815:303d]:80];2;851966231
"the-electron.com";[];0;0;[];0;0
"the-hyper.com";[];0;0;[];0;0
"thecrackertechnology.com";[];0;0;[];0;0
"thesuggested.com";[208.113.219.80:80];1;1339911943;[];0;0
"thisgood1shop.com";[];0;0;[[2606:4700:3033::ac43:d61c]:80, [2606:4700:3037::6815:2339]:80];2;296603593
"thymeapp.site";[104.21.76.17:80, 172.67.185.17:80];2;299882689;[[2606:4700:3033::6815:4c11]:80, [2606:4700:3035::ac43:b911]:80];2;660603086
"tihamh-qn.com";[];0;0;[];0;0
"tnonline.com";[];0;0;[];0;0
"topicsway.com";[148.72.197.158:80];1;1423606050;[];0;0
"townofmilford.org";[137.239.10.131:80];1;509403858;[];0;0
"trafficauthority.net";[54.227.237.65:80];1;1247982380;[];0;0
"trainingjouf.com";[];0;0;[];0;0
"travelsnews.xyz";[];0;0;[];0;0
"trust-pa.com";[];0;0;[];0;0
"trustnews.tn";[];0;0;[];0;0
"tryxxx.life";[];0;0;[];0;0
"turners-distribution.com";[];0;0;[];0;0
"tut4it.com";[];0;0;[];0;0
"tvtown.app";[];0;0;[];0;0
"twasoel.blogspot.com";[142.250.186.129:80, 142.251.36.225:80];2;861232680;[[2a00:1450:4016:809::2001]:80, [2a00:1450:4016:80a::2001]:80, [2a00:1450:4016:80b::2001]:80];3;81618724
"ubuntudoc.com";[185.151.30.169:80];1;494179323;[[2a07:7800::169]:80];1;0
"ultimatesecurity.com";[198.12.93.67:80];1;3412615306;[];0;0
"unlimited-streaming-ps.com";[104.21.52.208:80, 172.67.203.230:80];2;823547580;[[2606:4700:3031::ac43:cbe6]:80, [2606:4700:3034::6815:34d0]:80];2;119764233
"utradeksa.com";[163.172.253.247:80];1;499278389;[];0;0
"vikku.info";[];0;0;[];0;0
"vistointernational.org";[];0;0;[];0;0
"visualdeck.co";[];0;0;[];0;0
"w6an.com";[];0;0;[];0;0
"wadimanuka.com";[];0;0;[];0;0
"wahamag.com";[];0;0;[];0;0
"waleedeltourkey.com";[];0;0;[];0;0
"watan.fm";[];0;0;[];0;0
"watariat.com";[];0;0;[];0;0
"wazaefsaudi.com";[216.239.32.21:80, 216.239.34.21:80, 216.239.36.21:80, 216.239.38.21:80];4;746347014;[];0;0
"webbreaking.com";[185.98.131.227:80];1;498211408;[];0;0
"websiteseoexpress.com";[162.0.229.40:80];1;514528238;[];0;0
"webteam.com";[];0;0;[];0;0
"weeeeeeeeeeb.blogspot.com";[142.251.36.225:80];1;496973967;[[2a00:1450:4016:80a::2001]:80];1;1233344134
"weka.sa";[];0;0;[];0;0
"weqa.sa";[104.21.47.118:80, 172.67.171.33:80];2;859062048;[[2606:4700:3036::6815:2f76]:80, [2606:4700:3036::ac43:ab21]:80];2;559466723
"wfs.com";[];0;0;[];0;0
"whereopportunitiesmeet.org";[199.250.205.234:80];1;1262144031;[];0;0
"wordpress-web-designer-raleigh.com";[107.180.25.212:80];1;1261706363;[];0;0
"worldxxxporn.biz";[94.130.134.171:80, 168.119.150.125:80];2;300269589;[];0;0
"wowbeautysa.com";[];0;0;[];0;0
"wowly.xyz";[];0;0;[];0;0
"wwmt.com";[];0;0;[];0;0
"www-albseds-com.translate.goog";[];0;0;[];0;0
"www-alfarees-com.translate.goog";[];0;0;[];0;0
"www-almutqdm-com.translate.goog";[];0;0;[];0;0
"www-daarr-com.translate.goog";[];0;0;[];0;0
"www-jalghad-net.translate.goog";[];0;0;[];0;0
"www-marftey-com.translate.goog";[];0;0;[[2a00:1450:4016:80a::2001]:80];1;494279755
"www-mktbtty-com.translate.goog";[];0;0;[];0;0
"wzafni.com";[];0;0;[];0;0
"xanime2001.com";[];0;0;[];0;0
"xn--blfjellstugby-qfb.se";[];0;0;[];0;0
"xn--sgbu4bv.com";[];0;0;[];0;0
"xwireless.net";[161.97.69.3:80];1;493942577;[];0;0
"yalla-goal.com";[92.204.219.2:80];1;493744208;[];0;0
"yellowmedia.com.eg";[23.236.62.147:80];1;1273538515;[];0;0
"yo-designs.com";[];0;0;[];0;0
"youtubehelp.net";[];0;0;[];0;0
"zadly.sa";[104.21.95.2:80, 172.67.142.115:80];2;858557881;[[2606:4700:3031::6815:5f02]:80, [2606:4700:3036::ac43:8e73]:80];2;566776106
"zaitoontree.com";[151.106.117.1:80];1;582414445;[];0;0
"zbt.org";[];0;0;[];0;0
"zermaneducation.com";[104.37.183.1:80];1;491700196;[];0;0
"znarab.com";[];0;0;[];0;0
"zoolu.co.il";[];0;0;[];0;0
"zpet.co.il";[];0;0;[];0;0
"espacios.com";[162.144.180.74:80];1;576109937;[];0;0
"moderndwellnumbers.com";[65.254.227.240:80];1;1259504364;[];0;0
"hispanospress.com";[];0;0;[];0;0
"obrismorgan.com";[23.227.38.32:80];1;484818073;[];0;0
"wide-format-paper.com";[35.186.223.98:80];1;491377280;[];0;0
"alarrecordingstudio.com";[81.31.149.139:80];1;1184910071;[];0;0
"populis.id";[202.158.39.108:80];1;571157033;[];0;0
"anime-italia.net";[104.21.28.228:80, 172.67.147.194:80];2;645592133;[];0;0
"daxioplay.com";[104.130.81.206:80];1;1301112897;[];0;0
"moldedfiberglass.com";[184.168.47.225:80];1;571939045;[];0;0
"kamananews.com";[104.21.59.200:80, 172.67.183.41:80];2;839779467;[];0;0
"llpromocodes.com";[];0;0;[];0;0
"nalmowaten.com";[];0;0;[];0;0
"sv388.club";[199.188.200.90:80];1;1340251961;[];0;0
"luxbusamerica.com";[];0;0;[];0;0
"preposterouspenguin.com";[23.227.38.32:80];1;489813643;[];0;0
"spectrum.ie";[159.122.110.228:80];1;490221927;[];0;0
"freezersports.com";[185.27.133.13:80];1;1183701060;[];0;0
"igamingcapital.mt";[104.21.42.113:80, 172.67.161.166:80];2;812063202;[[2606:4700:3031::6815:2a71]:80, [2606:4700:3037::ac43:a1a6]:80];2;120718645
"spotlightgrowth.com";[173.201.189.60:80];1;554816897;[];0;0
"earnfinex.com";[104.26.8.212:80, 104.26.9.212:80, 172.67.71.151:80];3;472621632;[[2606:4700:20::681a:8d4]:80, [2606:4700:20::681a:9d4]:80, [2606:4700:20::ac43:4797]:80];3;60386678
"3enwaan.com";[];0;0;[];0;0
"stelaji.eu";[185.80.3.192:80];1;1186160520;[];0;0
"viblix.com";[];0;0;[];0;0
"cursosdeforex.net";[];0;0;[];0;0
"leisure.com";[];0;0;[];0;0
"steelsuppliescharterstowers.com.au";[];0;0;[];0;0
"jpnim.com";[];0;0;[];0;0
"printeru-kartridzi.lv";[];0;0;[];0;0
"surfmilfontes.pt";[];0;0;[];0;0
"superyachts.news";[];0;0;[];0;0
"fxttoken.com";[];0;0;[];0;0
"travelplanet.in";[];0;0;[];0;0
"historicoccoquan.com";[70.39.150.101:80];1;1270946513;[];0;0
"gazeteege.com.tr";[213.238.168.153:80];1;1193280218;[];0;0
"fuelsmarketnews.com";[199.16.172.23:80, 199.16.173.10:80];2;853467751;[];0;0
"ncsfluidsystems.ca";[104.248.104.143:80];1;1292562099;[];0;0
"tele-finity.com";[160.153.137.99:80];1;1167618314;[];0;0
"aladiex.com";[104.21.19.154:80, 172.67.186.203:80];2;647694790;[[2606:4700:3034::6815:139a]:80, [2606:4700:3037::ac43:bacb]:80];2;544969360
"agewellvt.org";[192.124.249.153:80];1;1158308818;[];0;0
"trufflesveinspecialists.com";[];0;0;[];0;0
"bedounraqaba.net";[];0;0;[];0;0
"firstrateblinds.com";[];0;0;[[2606:4700:3031::6815:493]:80, [2606:4700:3032::ac43:9a25]:80];2;634804336
"prodonna.ch";[78.46.200.134:80];1;1156741306;[];0;0
"monetary-metals.com";[];0;0;[];0;0
"chinapcbone.com";[107.180.25.36:80];1;481529725;[];0;0
"elsaudi.news";[];0;0;[];0;0
"designagency.gr";[];0;0;[];0;0
"mamma.ch";[78.46.200.134:80];1;1161838362;[];0;0
"dailygao.vn";[];0;0;[];0;0
"greenhousestaffing.com";[162.144.199.215:80];1;554746309;[];0;0
"quarkchain.finance";[];0;0;[];0;0
"almiradavetiye.com";[];0;0;[];0;0
"rkc.llc";[75.2.70.75:80, 99.83.190.102:80];2;621884763;[];0;0
"puertasglobales.com";[];0;0;[];0;0
"innoraft.com";[];0;0;[];0;0
"lvup.hk";[];0;0;[];0;0
"shmk.ch";[194.150.248.191:80];1;1168650400;[];0;0
"myenterprisehelp.com";[];0;0;[];0;0
"discountedgiftcardnow.com";[];0;0;[];0;0
"trans-reach.com";[];0;0;[];0;0
"umtalelab.com";[];0;0;[];0;0
"tggeeks.com";[192.124.249.62:80];1;1159294921;[];0;0
"weownthenitenyc.com";[74.208.236.36:80];1;536085736;[[2607:f1c0:100f:f000::2db]:80];1;1317501929
"apsth.com";[];0;0;[];0;0
"swanseabaynews.com";[];0;0;[];0;0
"awjouh.com";[];0;0;[];0;0
"transferpaper.com";[];0;0;[];0;0
"360science.com";[];0;0;[];0;0
"qvalia.com";[];0;0;[];0;0
"virginiawinefest.com";[104.21.79.249:80, 172.67.150.90:80];2;647141387;[];0;0
"turbonesia.com";[202.51.254.36:80];1;612087586;[];0;0
"continentalassist.com";[];0;0;[];0;0
"mmogoldnow.com";[];0;0;[];0;0
"bitfalls.com";[];0;0;[];0;0
"insuranceking.com";[96.125.171.41:80];1;547469222;[];0;0
"wolacom.com";[];0;0;[];0;0
"swantec.com";[178.20.216.17:80];1;1170378925;[];0;0
"coremultichain.com";[];0;0;[];0;0
"autobarnmodel.com";[35.208.166.54:80];1;520699994;[];0;0
"netcum.net";[104.21.234.82:80, 104.21.234.83:80];2;653303702;[];0;0
"benzuae.com";[64.20.51.107:80];1;1279403682;[];0;0
"allflo.com.au";[34.87.198.124:80];1;625442242;[];0;0
"dynamicblending.com";[35.208.51.148:80];1;510642785;[];0;0
"oookirin.ru";[185.32.57.177:80];1;1195848970;[];0;0
"ezbathremodel.com";[];0;0;[];0;0
"e-stim.info";[];0;0;[];0;0
"bioseutica.com";[];0;0;[];0;0
"attractiontickets4less.com";[];0;0;[];0;0
"dangky-fun88.com";[198.54.116.108:80];1;545347747;[];0;0
"lifttraining.com";[35.203.3.127:80];1;474105667;[];0;0
"honeybeegiftcards.com";[144.91.74.13:80];1;1168687118;[];0;0
"mymoneytimes.com";[104.21.7.77:80, 172.67.135.207:80];2;652353508;[[2606:4700:3035::6815:74d]:80, [2606:4700:3036::ac43:87cf]:80];2;84657013
"novachem.com.au";[35.197.160.177:80];1;625075733;[];0;0
"ayojakarta.com";[];0;0;[[2606:4700:20::681a:a16]:80, [2606:4700:20::681a:b16]:80, [2606:4700:20::ac43:45c1]:80];3;472506152
"440carservice.com";[107.180.21.248:80];1;482397289;[];0;0
"5fiftygame.ca";[];0;0;[];0;0
"translatemypaper.com";[];0;0;[];0;0
"esheeq.news";[];0;0;[];0;0
"apotypomata.gr";[49.12.130.58:80];1;1167429709;[[2a01:4f8:242:5b45::2]:80];1;148546238
"mookase.com";[];0;0;[];0;0
"allthebestlottos.com";[];0;0;[];0;0
"bollywoodcharcha.com";[104.21.69.26:80, 172.67.203.46:80];2;657632874;[[2606:4700:3032::ac43:cb2e]:80, [2606:4700:3036::6815:451a]:80];2;78915418
"cnpet.cc";[];0;0;[];0;0
"lab24inc.com";[35.209.124.179:80];1;525555093;[];0;0
"shoffz.com";[142.4.25.145:80];1;596334874;[];0;0
"takeflightlearning.com";[104.21.71.111:80, 172.67.144.125:80];2;656787043;[[2606:4700:3033::ac43:907d]:80, [2606:4700:3034::6815:476f]:80];2;79006612
"idusoft.com";[23.236.62.147:80];1;497620722;[];0;0
"flexalum.cl";[];0;0;[];0;0
"hypethingsco.it";[23.227.38.36:80];1;1157379128;[];0;0
"sysco-env.co.uk";[];0;0;[];0;0
"morrows.com.au";[];0;0;[];0;0
"southernretrievers.com";[64.71.34.139:80];1;1302125954;[];0;0
"royaljellyinhoney.co.uk";[];0;0;[];0;0
"arc.wa.gov.au";[];0;0;[];0;0
"themoneyrepublic.com";[104.21.43.159:80, 172.67.181.47:80];2;656433540;[[2606:4700:3037::6815:2b9f]:80, [2606:4700:3037::ac43:b52f]:80];2;570466470
"christopherstewart.com";[];0;0;[];0;0
"tri-lift.com";[];0;0;[];0;0
"hookedonbeauty.com";[138.197.220.88:80];1;582405790;[];0;0
"verdict.org";[];0;0;[];0;0
"aispro.com";[];0;0;[];0;0
"thecontractorsbooklist.com";[104.21.83.216:80, 172.67.182.48:80];2;656206113;[[2606:4700:3032::6815:53d8]:80, [2606:4700:3034::ac43:b630]:80];2;78740852
"alvaka.net";[];0;0;[];0;0
"shopsmartautos.com";[];0;0;[];0;0
"fushaar.news";[104.21.15.38:80, 172.67.161.79:80];2;650200961;[[2606:4700:3030::6815:f26]:80, [2606:4700:3032::ac43:a14f]:80];2;84862831
"smithmetalworks.ca";[];0;0;[];0;0
"trenddekho.com";[];0;0;[];0;0
"resortshare.com";[];0;0;[];0;0
"fundsglobalmena.com";[104.26.10.27:80, 104.26.11.27:80, 172.67.70.235:80];3;474670989;[[2606:4700:20::681a:a1b]:80, [2606:4700:20::681a:b1b]:80, [2606:4700:20::ac43:46eb]:80];3;58297360
"precisebusinesssolutions.net";[];0;0;[[2606:4700:3108::ac42:2910]:80, [2606:4700:3108::ac42:2af0]:80];2;641000213
"asianlite.ae";[];0;0;[];0;0
"wagnerlogistics.com";[];0;0;[];0;0
"colodax.com";[165.192.106.210:80];1;612515649;[];0;0
"mycinehub.com";[];0;0;[];0;0
"ebwllc.com";[];0;0;[];0;0
"nftext.co";[];0;0;[];0;0
"babyfenster.ch";[94.126.19.45:80];1;1171480541;[];0;0
"relationshipadviceguides.com";[];0;0;[];0;0
"roxannedeberry.com";[146.75.37.11:80];1;520393748;[];0;0
"ebookfitnesshub.com";[];0;0;[];0;0
"tarifrechner.de";[];0;0;[];0;0
"lissyabrahams.com";[];0;0;[];0;0
"thetanooki.com";[50.87.253.143:80];1;1367751975;[];0;0
"thebusinessguideexperts.com";[];0;0;[];0;0
"jivahealth.com";[104.21.83.51:80, 172.67.214.205:80];2;664643375;[];0;0
"keenantrialinstitute.com";[];0;0;[];0;0
"qpau.com";[23.227.38.65:80];1;1161077387;[];0;0
"telx-inc.com";[];0;0;[];0;0
"globalmilitarycommunications.com";[];0;0;[];0;0
"reindeertoken.com";[];0;0;[];0;0
"maximummmo.com";[18.169.13.184:80];1;1186644869;[];0;0
"myflightforecast.com";[];0;0;[];0;0
"rentmehomes.com";[];0;0;[];0;0
"translationhubcentral.com";[];0;0;[];0;0
"thepleasurepantry.com";[23.227.38.32:80];1;1160365811;[];0;0
"e-bay.ae";[78.47.222.8:80];1;1177905141;[];0;0
"skanaa.com";[104.21.11.201:80, 172.67.167.66:80];2;659323756;[[2606:4700:3031::ac43:a742]:80, [2606:4700:3033::6815:bc9]:80];2;575454039
"webdesign4beginners.com";[194.163.129.7:80];1;1186661631;[];0;0
"hamarahind.com";[151.106.35.44:80];1;1177511415;[];0;0
"quickandfastcontent.com";[];0;0;[];0;0
"gobefitnow.com";[];0;0;[];0;0
"wewritecontentforyou.com";[185.181.10.66:80];1;1175744878;[];0;0
"national-parking.com";[];0;0;[];0;0
"thambilisandtantrums.com";[104.21.72.6:80, 172.67.173.100:80];2;662801600;[];0;0
"roofreplacementservices.com";[];0;0;[];0;0
"earnfinex.io";[104.26.10.213:80, 104.26.11.213:80, 172.67.73.173:80];3;826845752;[[2606:4700:20::681a:ad5]:80, [2606:4700:20::681a:bd5]:80, [2606:4700:20::ac43:49ad]:80];3;28243884
"tymoff.com";[104.21.78.27:80, 172.67.215.29:80];2;663293455;[[2606:4700:3033::ac43:d71d]:80, [2606:4700:3037::6815:4e1b]:80];2;587943921
"ayocirebon.com";[];0;0;[];0;0
"learntodayhub.com";[];0;0;[];0;0
"easytranslationservice.com";[18.132.179.61:80];1;1183794658;[];0;0
"olindayfarms.com";[165.22.32.71:80];1;545408043;[];0;0
"accountantsdirect.com.au";[];0;0;[];0;0
"holdefi.com";[];0;0;[];0;0
"marketingeye.com";[103.247.185.10:80];1;1191460607;[];0;0
"senacea.co.uk";[23.236.62.147:80];1;1305132029;[];0;0
"jobtiles.com";[165.227.189.155:80];1;1326271458;[];0;0
"blockoption.io";[104.26.2.49:80, 104.26.3.49:80, 172.67.70.144:80];3;833688405;[];0;0
"ids-g.com";[110.232.143.5:80];1;651550978;[];0;0
"devcodeshop.com";[185.247.118.219:80];1;1173594545;[];0;0
"cbvpost.com";[104.21.64.185:80, 172.67.154.79:80];2;662277310;[[2606:4700:3033::ac43:9a4f]:80, [2606:4700:3037::6815:40b9]:80];2;588005526
"pemf8000pro.com";[];0;0;[];0;0
"developerguides4you.com";[];0;0;[];0;0
"fplcapital.com";[];0;0;[];0;0
"onlinedesignmadeeasy.com";[161.97.119.70:80];1;1181613974;[];0;0
"slingpol.com";[3.131.34.214:80];1;533543114;[];0;0
"giftcardhubcentral.com";[15.236.246.119:80];1;1189639485;[];0;0
"fast-locallocksmith.com";[45.95.182.52:80];1;1198589153;[];0;0
"einfach-effektiv.de";[5.35.226.83:80];1;1188876796;[];0;0
"alliancetag.com";[];0;0;[];0;0
"gaymalta.com";[185.230.63.107:80, 185.230.63.171:80, 185.230.63.186:80];3;624056216;[];0;0
"abdk-courses.com";[];0;0;[];0;0
"dental360usa.com";[];0;0;[];0;0
"calldesign.com.au";[119.9.131.154:80];1;684825790;[];0;0
"recyclage-auto.ca";[];0;0;[];0;0
"maxglobal.com";[104.26.12.75:80, 104.26.13.75:80, 172.67.71.1:80];3;833024307;[[2606:4700:20::681a:c4b]:80, [2606:4700:20::681a:d4b]:80, [2606:4700:20::ac43:4701]:80];3;26121100
"adola.ng";[173.254.28.244:80];1;562304657;[];0;0
"guidestobetteryourbusiness.com";[185.227.111.148:80];1;1177691885;[];0;0
"magisterco.com";[104.21.14.221:80, 172.67.160.158:80];2;668651347;[[2606:4700:3031::6815:edd]:80, [2606:4700:3033::ac43:a09e]:80];2;590987488
"improveyourselfshop.com";[18.132.218.54:80];1;1195296649;[];0;0
"pornzd.com";[173.212.223.123:80];1;1186359923;[];0;0
"hopehealthsupply.com";[104.21.39.104:80, 172.67.144.120:80];2;674225966;[[2606:4700:3032::ac43:9078]:80, [2606:4700:3034::6815:2768]:80];2;594642209
"thegiftcarddock.com";[54.155.0.96:80];1;1216371162;[];0;0
"wedeveloptogether.com";[75.119.128.115:80];1;1177519051;[];0;0
"alsoouq.com";[104.21.32.51:80, 172.67.183.102:80];2;674197619;[[2606:4700:3030::ac43:b766]:80, [2606:4700:3031::6815:2033]:80];2;59757070
"newscenter.io";[];0;0;[];0;0
"yourbusinesswizards.com";[];0;0;[];0;0
"developyoursitenow.com";[167.86.111.9:80];1;1188870887;[];0;0
"hermagic.com";[104.21.92.13:80, 172.67.184.127:80];2;675736875;[[2606:4700:3037::6815:5c0d]:80, [2606:4700:3037::ac43:b87f]:80];2;596064540
"kjn.id";[104.21.48.218:80, 172.67.156.174:80];2;676312175;[[2606:4700:3031::6815:30da]:80, [2606:4700:3035::ac43:9cae]:80];2;58923177
"stuckathomeshop.com";[161.97.127.143:80];1;1188305891;[];0;0
"digitalfinancenews.com";[35.213.148.8:80];1;620480103;[];0;0
"kaffeboxen.se";[23.227.38.32:80];1;1170705761;[];0;0
"sitedesignmadeeasy.com";[173.249.33.161:80];1;1188138397;[];0;0
"webtranslationexperts.com";[34.255.246.148:80];1;452124307;[];0;0
"thelootershop.com";[18.135.140.220:80];1;442870162;[];0;0
"toplinecontentwriters.com";[161.97.173.121:80];1;451307293;[];0;0
"contentmadeeazy.com";[];0;0;[];0;0
"ayobogor.com";[104.21.8.200:80, 172.67.130.158:80];2;834463880;[];0;0
"writecontent4me.com";[];0;0;[];0;0
"csslabs.de";[85.214.131.253:80];1;432683200;[];0;0
"happyselfhappylife.com";[54.195.97.118:80];1;1220310444;[];0;0
"e-gia.com";[198.12.144.78:80];1;542379647;[];0;0
"ehometrainer.com";[18.135.1.239:80];1;448757502;[];0;0
"growfromhometoday.com";[];0;0;[];0;0
"exemplardc.com";[];0;0;[];0;0
"marymurnane.com";[209.188.91.70:80];1;523252979;[];0;0
"expertwindow.us";[];0;0;[];0;0
"translatemywork.com";[];0;0;[];0;0
"hibizsolutions.com";[];0;0;[];0;0
"armlinsoft.net";[];0;0;[];0;0
"insite2design.com";[173.254.64.216:80];1;556599803;[];0;0
