"google.com";[142.251.36.238:80];1;93740691;[[2a00:1450:4016:80a::200e]:80];1;1346819199
"youtube.com";[142.251.37.14:80];1;93744609;[[2a00:1450:4001:830::200e]:80];1;2210898073
"tmall.com";[140.205.94.193:80, 140.205.130.99:80];2;1511262768;[];0;0
"qq.com";[61.129.7.47:80, 123.151.137.18:80, 183.3.226.35:80, 203.205.254.157:80];4;1527116094;[];0;0
"baidu.com";[220.181.38.148:80, 220.181.38.251:80];2;4007671344;[];0;0
"sohu.com";[211.159.191.77:80];1;2359329548;[];0;0
"facebook.com";[69.171.250.35:80];1;92958867;[[2a03:2880:f1ff:83:face:b00c:0:25de]:80];1;2297020766
"taobao.com";[140.205.94.189:80, 140.205.220.96:80];2;1486143388;[];0;0
"360.cn";[36.99.170.84:80, 36.110.213.10:80];2;2123459252;[];0;0
"jd.com";[111.13.149.108:80, 118.193.98.63:80, 211.144.24.218:80, 211.144.27.126:80];4;631481704;[];0;0
"amazon.com";[54.239.28.85:80, 176.32.103.205:80, 205.251.242.103:80];3;231363255;[];0;0
"yahoo.com";[74.6.143.25:80, 74.6.143.26:80, 74.6.231.20:80, 74.6.231.21:80, 98.137.11.163:80, 98.137.11.164:80];6;406478614;[[2001:4998:24:120d::1:0]:80, [2001:4998:24:120d::1:1]:80, [2001:4998:44:3507::8000]:80, [2001:4998:44:3507::8001]:80, [2001:4998:124:1507::f000]:80, [2001:4998:124:1507::f001]:80];6;611313848
"weibo.com";[36.51.254.228:80, 36.51.254.229:80];2;891570572;[];0;0
"sina.com.cn";[49.7.37.133:80, 123.125.104.150:80, 123.126.45.205:80];3;1621525406;[];0;0
"wikipedia.org";[91.198.174.192:80];1;98451028;[[2620:0:862:ed1a::1]:80];1;1352250765
"xinhuanet.com";[202.108.119.193:80, 202.108.119.194:80];2;2601405346;[];0;0
"netflix.com";[18.200.8.190:80, 54.73.148.110:80, 54.155.246.232:80];3;1374078062;[[2a05:d018:76c:b683:f711:f0cf:5cc7:b815]:80, [2a05:d018:76c:b684:8e48:47c9:84aa:b34d]:80, [2a05:d018:76c:b685:3b38:679d:2640:1ced]:80];3;518590616
"reddit.com";[151.101.1.140:80, 151.101.65.140:80, 151.101.129.140:80, 151.101.193.140:80];4;1056775177;[];0;0
"live.com";[204.79.197.212:80];1;97817665;[];0;0
"instagram.com";[31.13.88.174:80];1;447875744;[[2a03:2880:f203:e5:face:b00c:0:4420]:80];1;1246011338
"bing.com";[13.107.21.200:80, 204.79.197.200:80];2;394075595;[[2620:1ec:c11::200]:80];1;3814878
"alipay.com";[110.75.129.5:80, 110.75.139.5:80];2;2143835368;[];0;0
"google.com.hk";[142.250.185.163:80];1;98389525;[[2a00:1450:4001:811::2003]:80];1;1361361494
"panda.tv";[185.199.111.153:80];1;97638226;[];0;0
"zhanqi.tv";[112.124.44.92:80];1;1321623276;[];0;0
"vk.com";[];0;0;[];0;0
"canva.com";[104.17.114.17:80, 104.17.115.17:80];2;715425550;[[2606:4700::6811:7211]:80, [2606:4700::6811:7311]:80];2;1345360857
"zoom.us";[3.235.72.190:80];1;146320128;[];0;0
"csdn.net";[39.106.226.142:80];1;483394209;[];0;0
"microsoft.com";[13.77.161.179:80, 40.76.4.15:80, 40.112.72.205:80, 40.113.200.201:80, 104.215.148.63:80];5;916422687;[];0;0
"yahoo.co.jp";[182.22.16.251:80, 182.22.25.124:80, 182.22.28.252:80, 183.79.217.124:80, 183.79.219.252:80, 183.79.250.123:80, 183.79.250.251:80];7;850846091;[];0;0
"myshopify.com";[23.227.38.32:80];1;92693492;[];0;0
"twitch.tv";[151.101.2.167:80, 151.101.66.167:80, 151.101.130.167:80, 151.101.194.167:80];4;1089803124;[];0;0
"bongacams.com";[195.85.23.88:80, 195.85.23.89:80];2;1146120145;[];0;0
"tianya.cn";[124.225.206.22:80];1;1460048915;[];0;0
"twitter.com";[104.244.42.129:80, 104.244.42.193:80];2;725003695;[];0;0
"aparat.com";[185.147.178.11:80, 185.147.178.12:80, 185.147.178.13:80, 185.147.178.14:80];4;928842377;[];0;0
"okezone.com";[104.22.48.68:80, 104.22.49.68:80, 172.67.41.152:80];3;946514886;[[2606:4700:10::6816:3044]:80, [2606:4700:10::6816:3144]:80, [2606:4700:10::ac43:2998]:80];3;36790557
"office.com";[13.107.6.156:80];1;99865196;[[2620:1ec:a92::156]:80];1;708876203
"naver.com";[125.209.222.141:80, 125.209.222.142:80, 223.130.195.95:80, 223.130.195.200:80];4;1262218597;[];0;0
"amazon.in";[52.95.116.115:80, 52.95.120.67:80, 54.239.33.92:80];3;1349240045;[];0;0
"ebay.com";[64.4.253.77:80, 66.211.172.37:80, 66.211.175.229:80, 209.140.148.143:80, 216.113.179.53:80, 216.113.181.253:80];6;1035472819;[];0;0
"amazon.co.jp";[52.119.161.5:80, 52.119.164.121:80, 52.119.168.48:80];3;1078082251;[];0;0
"aliexpress.com";[47.254.177.101:80];1;97733552;[];0;0
"so.com";[104.192.110.226:80];1;477439953;[];0;0
"chaturbate.com";[104.18.100.40:80, 104.18.101.40:80];2;715145758;[[2606:4700::6812:6428]:80, [2606:4700::6812:6528]:80];2;1336149599
"apple.com";[17.253.144.10:80];1;92357948;[];0;0
"yandex.ru";[5.255.255.70:80, 5.255.255.77:80, 77.88.55.66:80, 77.88.55.70:80];4;1065405566;[[2a02:6b8:a::a]:80];1;1307708253
"huanqiu.com";[49.51.65.59:80];1;1429610994;[];0;0
"yy.com";[14.17.109.66:80, 103.227.121.100:80, 120.195.158.46:80, 163.177.156.228:80, 183.240.168.210:80, 221.228.79.225:80];6;1056343792;[];0;0
"adobe.com";[2.19.213.18:80, 2.19.213.64:80];2;715003991;[];0;0
"coinmarketcap.com";[104.17.137.178:80, 104.17.138.178:80, 104.17.139.178:80, 104.17.140.178:80, 104.17.141.178:80];5;881111943;[];0;0
"linkedin.com";[13.107.42.14:80];1;97489827;[[2620:1ec:21::14]:80];1;681829768
"microsoftonline.com";[];0;0;[];0;0
"msn.com";[13.82.28.61:80];1;293187836;[];0;0
"ok.ru";[5.61.23.11:80, 217.20.147.1:80, 217.20.155.13:80];3;1271299524;[];0;0
"17ok.com";[120.133.17.148:80];1;0;[];0;0
"whatsapp.com";[69.171.250.60:80];1;92140087;[[2a03:2880:f2ff:c0:face:b00c:0:167]:80];1;2265262595
"wordpress.com";[192.0.78.9:80, 192.0.78.17:80];2;1162773956;[];0;0
"mail.ru";[94.100.180.200:80, 94.100.180.201:80, 217.69.139.200:80, 217.69.139.202:80];4;995529913;[[2a00:1148:db00:0:b0b0::1]:80];1;303202430
"xvideos.com";[185.88.181.2:80, 185.88.181.3:80, 185.88.181.4:80, 185.88.181.5:80, 185.88.181.6:80, 185.88.181.7:80, 185.88.181.8:80, 185.88.181.9:80, 185.88.181.10:80, 185.88.181.11:80];10;609088969;[];0;0
"google.co.in";[142.251.36.227:80];1;98308873;[[2a00:1450:4001:80f::2003]:80];1;1351212358
"imdb.com";[52.94.225.248:80, 52.94.228.167:80, 52.94.237.74:80];3;992922487;[];0;0
"xhamster.com";[104.18.155.3:80, 104.18.156.3:80];2;1247966289;[[2606:4700::6812:9b03]:80, [2606:4700::6812:9c03]:80];2;609813953
"pornhub.com";[66.254.114.41:80];1;97282809;[];0;0
"tiktok.com";[103.136.220.180:80, 103.136.220.181:80, 103.136.221.164:80, 103.136.221.168:80];4;1466306464;[];0;0
"etsy.com";[151.101.1.224:80, 151.101.65.224:80, 151.101.129.224:80, 151.101.193.224:80];4;1089529154;[];0;0
"rakuten.co.jp";[133.237.16.234:80];1;3294434992;[];0;0
"indeed.com";[169.45.207.200:80];1;483741670;[];0;0
"tradingview.com";[52.11.180.108:80];1;483649227;[];0;0
"google.com.br";[142.251.36.163:80];1;105464128;[[2a00:1450:4016:808::2003]:80];1;1374441015
"alibaba.com";[47.246.136.141:80, 47.246.137.183:80];2;2179218943;[];0;0
"chase.com";[159.53.42.11:80, 159.53.44.60:80, 159.53.84.126:80, 159.53.85.137:80, 159.53.113.168:80, 159.53.116.62:80, 159.53.224.21:80];7;1128635832;[];0;0
"spotify.com";[35.186.224.25:80];1;97731415;[[2600:1901:1:c36::]:80];1;2568120548
"booking.com";[5.57.16.220:80];1;110888065;[];0;0
"pikiran-rakyat.com";[99.84.144.33:80, 99.84.144.44:80, 99.84.144.50:80, 99.84.144.115:80];4;1075392700;[[2600:9000:20e8:1400:6:62af:7d80:93a1]:80, [2600:9000:20e8:2400:6:62af:7d80:93a1]:80, [2600:9000:20e8:5800:6:62af:7d80:93a1]:80, [2600:9000:20e8:6400:6:62af:7d80:93a1]:80, [2600:9000:20e8:7000:6:62af:7d80:93a1]:80, [2600:9000:20e8:9600:6:62af:7d80:93a1]:80, [2600:9000:20e8:ba00:6:62af:7d80:93a1]:80, [2600:9000:20e8:ea00:6:62af:7d80:93a1]:80];8;55152475
"tribunnews.com";[99.84.144.14:80, 99.84.144.31:80, 99.84.144.62:80, 99.84.144.99:80];4;1043248201;[];0;0
"espn.com";[99.84.144.84:80, 99.84.144.94:80, 99.84.144.123:80, 99.84.144.125:80];4;1085899933;[[2600:9000:20e8:600:d:ac18:e2c0:93a1]:80, [2600:9000:20e8:3400:d:ac18:e2c0:93a1]:80, [2600:9000:20e8:4a00:d:ac18:e2c0:93a1]:80, [2600:9000:20e8:6200:d:ac18:e2c0:93a1]:80, [2600:9000:20e8:8000:d:ac18:e2c0:93a1]:80, [2600:9000:20e8:9600:d:ac18:e2c0:93a1]:80, [2600:9000:20e8:9e00:d:ac18:e2c0:93a1]:80, [2600:9000:20e8:c400:d:ac18:e2c0:93a1]:80];8;48669351
"paypal.com";[64.4.250.36:80, 64.4.250.37:80];2;1218743346;[];0;0
"livejasmin.com";[109.71.161.200:80];1;104431401;[];0;0
"fandom.com";[151.101.0.194:80, 151.101.64.194:80, 151.101.128.194:80, 151.101.192.194:80];4;1061658534;[];0;0
"haosou.com";[104.192.110.226:80];1;482181513;[];0;0
"roblox.com";[128.116.123.3:80];1;103956415;[];0;0
"flipkart.com";[163.53.78.110:80];1;1320287826;[];0;0
"dropbox.com";[162.125.248.18:80];1;98712782;[[2620:100:6040:18::a27d:f812]:80];1;1349647918
"google.de";[142.251.36.163:80];1;106516949;[[2a00:1450:4016:808::2003]:80];1;1373307988
"google.co.jp";[142.250.185.67:80];1;104929105;[[2a00:1450:4016:80a::2003]:80];1;2331759654
"hao123.com";[39.156.68.154:80, 110.242.69.86:80, 124.237.176.248:80];3;1821993954;[];0;0
"walmart.com";[161.170.230.170:80, 161.170.232.170:80];2;1668222704;[];0;0
"cnblogs.com";[121.40.43.188:80];1;1428885818;[];0;0
"telegram.org";[149.154.167.99:80];1;110813002;[[2001:67c:4e8:1033:1:100:0:a]:80, [2001:67c:4e8:1033:2:100:0:a]:80, [2001:67c:4e8:1033:4:100:0:a]:80, [2001:67c:4e8:1033:5:100:0:a]:80];4;1081815267
"1688.com";[42.156.140.12:80, 140.205.174.2:80];2;2160924355;[];0;0
"github.com";[140.82.121.3:80];1;106537976;[];0;0
"savefrom.net";[46.105.112.7:80];1;109734230;[];0;0
"zoho.com";[204.141.42.155:80];1;2655721097;[];0;0
"ettoday.net";[219.85.79.131:80];1;3322400038;[];0;0
"bbc.com";[151.101.0.81:80, 151.101.64.81:80, 151.101.128.81:80, 151.101.192.81:80];4;1294736798;[[2a04:4e42::81]:80, [2a04:4e42:200::81]:80, [2a04:4e42:400::81]:80, [2a04:4e42:600::81]:80];4;84646949
"udemy.com";[104.16.65.85:80, 104.16.66.85:80];2;1247134849;[[2606:4700::6810:4155]:80, [2606:4700::6810:4255]:80];2;838874131
"instructure.com";[54.165.95.219:80, 54.191.191.127:80];2;1515479491;[];0;0
"stackoverflow.com";[151.101.1.69:80, 151.101.65.69:80, 151.101.129.69:80, 151.101.193.69:80];4;1294711377;[];0;0
"163.com";[123.58.180.7:80, 123.58.180.8:80];2;0;[];0;0
"primevideo.com";[99.84.144.2:80, 99.84.144.76:80, 99.84.144.106:80, 99.84.144.120:80];4;721301563;[];0;0
"babytree.com";[60.205.255.187:80];1;481978735;[[2408:4000:300::ee]:80];1;1470765968
"amazon.co.uk";[54.239.33.58:80, 54.239.34.171:80, 178.236.7.220:80];3;1243291968;[];0;0
"google.ru";[142.251.36.163:80];1;108080860;[[2a00:1450:4016:808::2003]:80];1;2326739592
"google.it";[142.251.36.227:80];1;107952541;[[2a00:1450:4016:80a::2003]:80];1;2410298824
"pinterest.com";[151.101.0.84:80, 151.101.64.84:80, 151.101.128.84:80, 151.101.192.84:80];4;1074735233;[];0;0
"godaddy.com";[208.109.192.70:80];1;1427633915;[];0;0
"kompas.com";[52.76.9.57:80, 52.220.212.34:80];2;1460652824;[];0;0
"digikala.com";[185.188.104.10:80];1;270586068;[];0;0
"rednet.cn";[112.53.1.229:80, 121.14.78.67:80];2;1454294619;[];0;0
"6.cn";[59.149.248.110:80];1;482024121;[];0;0
"imgur.com";[151.101.16.193:80];1;107688303;[];0;0
"amazonaws.com";[72.21.206.80:80, 72.21.210.29:80, 207.171.166.22:80];3;1018811585;[];0;0
"tumblr.com";[74.114.154.17:80, 74.114.154.21:80];2;1471322748;[];0;0
"t.me";[149.154.167.99:80];1;107321014;[[2001:67c:4e8:1033:3:100:0:a]:80, [2001:67c:4e8:1033:4:100:0:a]:80, [2001:67c:4e8:1033:5:100:0:a]:80];3;1713519382
"gome.com.cn";[115.182.14.162:80];1;1606658896;[];0;0
"cnn.com";[151.101.1.67:80, 151.101.65.67:80, 151.101.129.67:80, 151.101.193.67:80];4;1006933951;[[2a04:4e42::323]:80, [2a04:4e42:200::323]:80, [2a04:4e42:400::323]:80, [2a04:4e42:600::323]:80];4;144008236
"onlinesbi.com";[103.68.221.190:80];1;1254574518;[[2405:a700:14:13b::148]:80];1;294730960
"ilovepdf.com";[104.20.0.94:80, 104.20.1.94:80];2;1255222864;[[2606:4700:10::6814:5e]:80, [2606:4700:10::6814:15e]:80];2;179713249
"nytimes.com";[151.101.1.164:80, 151.101.65.164:80, 151.101.129.164:80, 151.101.193.164:80];4;1307795577;[];0;0
"force.com";[23.1.35.132:80, 23.1.99.130:80, 23.1.106.133:80, 104.109.10.129:80, 104.109.11.129:80, 184.25.179.132:80, 184.31.3.130:80, 184.31.10.133:80];8;738047494;[];0;0
"zillow.com";[99.84.144.36:80, 99.84.144.55:80, 99.84.144.61:80, 99.84.144.89:80];4;1039019533;[];0;0
"grammarly.com";[3.229.229.229:80, 34.227.156.134:80, 100.26.88.168:80];3;1814772505;[];0;0
"google.es";[216.58.212.131:80];1;106636864;[[2a00:1450:4016:80a::2003]:80];1;1377416522
"google.com.sg";[142.250.185.99:80];1;106357328;[[2a00:1450:4001:80f::2003]:80];1;1377061449
"detik.com";[103.49.221.211:80, 203.190.242.211:80];2;2119186506;[];0;0
"soundcloud.com";[99.84.144.11:80, 99.84.144.14:80, 99.84.144.109:80, 99.84.144.114:80];4;1079138690;[];0;0
"coingecko.com";[104.18.4.127:80, 104.18.5.127:80];2;732760605;[[2606:4700::6812:47f]:80, [2606:4700::6812:57f]:80];2;1406562536
"stackexchange.com";[151.101.1.69:80, 151.101.65.69:80, 151.101.129.69:80, 151.101.193.69:80];4;1307286975;[];0;0
"amazon.de";[52.95.120.34:80, 54.239.39.102:80, 176.32.108.185:80];3;1388785328;[];0;0
"nih.gov";[54.235.145.223:80];1;462804574;[];0;0
"archive.org";[207.241.224.2:80];1;1366894509;[];0;0
"daum.net";[203.133.167.16:80, 203.133.167.81:80, 211.231.99.17:80, 211.231.99.80:80];4;1542145353;[];0;0
"shutterstock.com";[75.2.58.105:80, 99.83.219.164:80];2;736775977;[];0;0
"jiameng.com";[];0;0;[];0;0
"bestbuy.com";[72.246.101.185:80];1;105894443;[];0;0
"salesforce.com";[23.1.35.132:80, 23.1.99.130:80, 23.1.106.133:80, 104.109.10.129:80, 104.109.11.129:80, 184.25.179.132:80, 184.31.3.130:80, 184.31.10.133:80];8;835400372;[];0;0
"w3schools.com";[13.248.240.135:80, 76.223.115.82:80];2;727019047;[];0;0
"google.fr";[142.250.185.195:80];1;105975596;[[2a00:1450:4016:809::2003]:80];1;1383501486
"bilibili.com";[110.43.34.66:80, 119.3.70.188:80, 119.3.238.64:80, 120.92.78.97:80, 120.92.174.135:80, 139.159.241.37:80];6;1078958774;[];0;0
"pixnet.net";[103.23.108.107:80];1;3292569012;[];0;0
"metropoles.com";[104.18.24.118:80, 104.18.25.118:80];2;732128714;[[2606:4700::6812:1876]:80, [2606:4700::6812:1976]:80];2;717205296
"aliyun.com";[106.11.172.9:80, 106.11.172.51:80, 106.11.172.56:80, 106.11.248.144:80, 106.11.248.146:80, 106.11.249.99:80, 106.11.253.83:80, 106.11.253.86:80, 140.205.60.46:80, 140.205.135.3:80];10;732753378;[[2401:b180:1:50::f]:80, [2401:b180:1:60::6]:80];2;284850705
"speedtest.net";[151.101.2.219:80, 151.101.66.219:80, 151.101.130.219:80, 151.101.194.219:80];4;999939820;[[2a04:4e42::731]:80, [2a04:4e42:200::731]:80, [2a04:4e42:400::731]:80, [2a04:4e42:600::731]:80];4;464969726
"xnxx.com";[185.88.181.53:80, 185.88.181.54:80, 185.88.181.55:80, 185.88.181.56:80, 185.88.181.57:80, 185.88.181.58:80, 185.88.181.59:80, 185.88.181.60:80];8;732126265;[];0;0
"pixabay.com";[104.18.20.183:80, 104.18.21.183:80];2;731802760;[[2606:4700::6812:14b7]:80, [2606:4700::6812:15b7]:80];2;718465056
"bitly.com";[67.199.248.14:80, 67.199.248.15:80];2;739757826;[];0;0
"envato.com";[104.18.252.82:80, 104.18.253.82:80];2;1215699584;[];0;0
"zhihu.com";[103.41.167.234:80];1;2712244231;[];0;0
"google.co.uk";[142.251.36.163:80];1;106031028;[[2a00:1450:4016:808::2003]:80];1;2357137139
"varzesh3.com";[94.182.163.51:80, 94.182.163.52:80];2;2615071098;[];0;0
"wetransfer.com";[52.49.104.71:80, 52.208.26.141:80, 54.194.101.87:80];3;518471970;[];0;0
"amazon.ca";[52.94.225.242:80, 54.239.18.172:80, 54.239.19.238:80];3;612478105;[];0;0
"grid.id";[18.141.78.84:80, 52.74.157.7:80];2;2108976867;[];0;0
"kumparan.com";[104.18.129.231:80, 104.18.130.231:80];2;751464197;[[2606:4700::6812:81e7]:80, [2606:4700::6812:82e7]:80];2;1448503780
"tistory.com";[121.53.105.234:80];1;1440535038;[];0;0
"bbc.co.uk";[151.101.0.81:80, 151.101.64.81:80, 151.101.128.81:80, 151.101.192.81:80];4;1306797070;[[2a04:4e42::81]:80, [2a04:4e42:200::81]:80, [2a04:4e42:400::81]:80, [2a04:4e42:600::81]:80];4;123864986
"wellsfargo.com";[159.45.2.143:80, 159.45.66.143:80];2;2214867326;[];0;0
"disneyplus.com";[34.218.145.143:80, 54.71.61.241:80, 54.218.188.255:80];3;1502285458;[];0;0
"hulu.com";[104.117.203.193:80];1;104838085;[];0;0
"indiatimes.com";[104.86.55.125:80];1;102270938;[[2a02:26f0:300:191::3621]:80, [2a02:26f0:300:1a6::3621]:80];2;1370716183
"ikea.com";[104.117.218.67:80];1;104623204;[[2a02:26f0:7100:184::2eb6]:80, [2a02:26f0:7100:1b8::2eb6]:80];2;1781463027
"wix.com";[185.230.63.164:80];1;136227475;[];0;0
"homedepot.com";[35.201.95.83:80];1;101802780;[];0;0
"bet365.com";[5.226.176.16:80];1;123783999;[];0;0
"vimeo.com";[151.101.0.217:80, 151.101.64.217:80, 151.101.128.217:80, 151.101.192.217:80];4;1002092986;[];0;0
"google.com.tw";[142.251.36.227:80];1;104295358;[[2a00:1450:4016:80a::2003]:80];1;2344913584
"intuit.com";[23.210.112.245:80];1;101330589;[];0;0
"mediafire.com";[104.16.202.237:80, 104.16.203.237:80];2;735284812;[];0;0
"bet9ja.com";[185.179.62.2:80];1;134637490;[];0;0
"chess.com";[34.117.44.137:80];1;103739547;[];0;0
"51.la";[183.131.207.66:80];1;2695498914;[];0;0
"sogou.com";[118.191.216.57:80, 119.28.109.132:80];2;2118377394;[];0;0
"lazada.sg";[47.89.75.205:80, 47.89.75.209:80, 47.89.88.80:80, 47.89.88.84:80];4;1244590522;[];0;0
"hdfcbank.com";[104.16.107.25:80, 104.16.108.25:80];2;742792099;[[2606:4700::6810:6b19]:80, [2606:4700::6810:6c19]:80];2;1863501311
"videocampaign.co";[138.128.241.162:80];1;465513398;[];0;0
"craigslist.org";[208.82.237.129:80];1;1288068617;[];0;0
"mozilla.org";[44.235.246.155:80, 44.236.48.31:80, 44.236.72.93:80];3;1033309250;[];0;0
"ebay.de";[64.4.253.29:80, 64.4.253.77:80, 66.211.172.37:80, 66.211.175.229:80, 209.140.148.143:80, 216.113.179.53:80, 216.113.181.253:80];7;913461026;[];0;0
"healthline.com";[99.84.144.52:80, 99.84.144.88:80, 99.84.144.89:80, 99.84.144.114:80];4;1086995828;[];0;0
"suara.com";[99.84.144.3:80, 99.84.144.15:80, 99.84.144.52:80, 99.84.144.58:80];4;1303136363;[];0;0
"theguardian.com";[151.101.1.111:80, 151.101.65.111:80, 151.101.129.111:80, 151.101.193.111:80];4;1008867044;[];0;0
"momoshop.com.tw";[175.99.128.143:80];1;3858274642;[];0;0
"mercari.com";[99.84.144.57:80, 99.84.144.60:80, 99.84.144.75:80, 99.84.144.99:80];4;721566870;[];0;0
"avito.ru";[146.158.52.21:80, 146.158.52.22:80, 146.158.52.23:80, 146.158.52.24:80, 146.158.54.21:80, 146.158.54.22:80, 146.158.54.23:80, 146.158.54.24:80];8;744040613;[];0;0
"duckduckgo.com";[40.114.177.156:80];1;103227291;[];0;0
"fiverr.com";[104.16.154.71:80, 104.18.254.23:80];2;734442188;[];0;0
"capitalone.com";[204.63.40.34:80, 204.63.41.34:80];2;892402443;[];0;0
"cnet.com";[34.95.96.50:80];1;102992693;[];0;0
"cricbuzz.com";[35.200.167.142:80];1;1372331026;[];0;0
"trendyol.com";[104.17.133.16:80, 104.17.134.16:80];2;734246345;[];0;0
"line.me";[203.104.138.138:80];1;1844710071;[];0;0
"farfetch.com";[104.70.59.200:80];1;463663610;[];0;0
"usps.com";[56.0.134.100:80];1;1427455555;[];0;0
"soso.com";[118.191.216.57:80, 119.28.109.132:80];2;1536485162;[];0;0
"americanexpress.com";[23.63.133.201:80];1;100641628;[];0;0
"telewebion.com";[188.0.241.27:80, 188.0.241.28:80];2;1467178099;[];0;0
"washingtonpost.com";[99.84.144.23:80, 99.84.144.105:80, 99.84.144.109:80, 99.84.144.111:80];4;913358051;[];0;0
"bscscan.com";[104.26.12.158:80, 104.26.13.158:80, 172.67.72.93:80];3;887990837;[[2606:4700:20::681a:c9e]:80, [2606:4700:20::681a:d9e]:80, [2606:4700:20::ac43:485d]:80];3;534872983
"ltn.com.tw";[218.211.33.75:80];1;2724716400;[];0;0
"google.ca";[142.251.36.195:80];1;102250672;[[2a00:1450:4016:809::2003]:80];1;2322667865
"hotstar.com";[99.84.144.25:80, 99.84.144.72:80, 99.84.144.80:80, 99.84.144.112:80];4;721501272;[];0;0
"steamcommunity.com";[23.63.121.119:80];1;100076143;[];0;0
"smallpdf.com";[99.84.154.231:80];1;100043193;[];0;0
"deepl.com";[172.65.196.44:80];1;100014976;[];0;0
"t.co";[104.244.42.5:80, 104.244.42.69:80, 104.244.42.133:80, 104.244.42.197:80];4;1317649069;[];0;0
"spankbang.com";[104.19.136.100:80, 104.19.137.100:80];2;734817451;[[2606:4700:1::6813:8864]:80, [2606:4700:1::6813:8964]:80];2;1268227879
"coursera.org";[99.84.144.51:80, 99.84.144.85:80, 99.84.144.99:80, 99.84.144.116:80];4;1302897166;[];0;0
"youm7.com";[104.18.6.4:80, 104.18.7.4:80];2;734831408;[[2606:4700::6812:604]:80, [2606:4700::6812:704]:80];2;714067642
"google.com.tr";[142.251.36.195:80];1;117596247;[[2a00:1450:4016:809::2003]:80];1;2427743969
"hostinger.com";[104.18.113.100:80, 104.18.114.100:80];2;1227055174;[[2606:4700::6812:7164]:80, [2606:4700::6812:7264]:80];2;567727963
"target.com";[151.101.2.187:80, 151.101.66.187:80, 151.101.130.187:80, 151.101.194.187:80];4;1316833100;[];0;0
"forbes.com";[151.101.2.49:80, 151.101.66.49:80, 151.101.130.49:80, 151.101.194.49:80];4;1026705331;[];0;0
"google.com.mx";[142.251.36.163:80];1;100686722;[[2a00:1450:4001:80e::2003]:80];1;1379924817
"redd.it";[151.101.1.140:80, 151.101.65.140:80, 151.101.129.140:80, 151.101.193.140:80];4;1316788617;[];0;0
"icicibank.com";[203.27.235.25:80];1;1414181069;[[2001:df0:2fd:1::1]:80];1;2727571056
"researchgate.net";[104.17.32.105:80, 104.17.33.105:80];2;1279219471;[];0;0
"wikihow.com";[151.101.2.137:80, 151.101.66.137:80, 151.101.130.137:80, 151.101.194.137:80];4;960374436;[[2a04:4e42::649]:80, [2a04:4e42:200::649]:80, [2a04:4e42:400::649]:80, [2a04:4e42:600::649]:80, [2a04:4e42:800::649]:80, [2a04:4e42:a00::649]:80, [2a04:4e42:c00::649]:80, [2a04:4e42:e00::649]:80];8;168087000
"realtor.com";[206.131.180.21:80];1;2630525495;[];0;0
"google.cn";[142.251.36.195:80];1;129255579;[[2a00:1450:4016:809::2003]:80];1;2403068310
"remove.bg";[104.26.2.68:80, 104.26.3.68:80, 172.67.71.36:80];3;1260982244;[[2606:4700:20::681a:244]:80, [2606:4700:20::681a:344]:80, [2606:4700:20::ac43:4724]:80];3;174889484
"neobux.com";[104.16.11.101:80, 104.16.12.101:80, 104.16.13.101:80, 104.16.14.101:80, 104.16.15.101:80];5;1038983843;[];0;0
"shaparak.ir";[185.167.73.34:80];1;0;[];0;0
"scribd.com";[151.101.2.152:80, 151.101.66.152:80, 151.101.130.152:80, 151.101.194.152:80];4;1047660596;[];0;0
"manoramaonline.com";[23.210.125.200:80];1;99625685;[];0;0
"airbnb.com";[3.226.33.7:80, 34.230.243.170:80, 52.206.209.39:80];3;1816880574;[];0;0
"rezka.ag";[82.221.104.145:80];1;440317379;[[2a02:29b8:dc01:345::2]:80];1;2440894148
"rctiplus.com";[104.22.44.211:80, 104.22.45.211:80, 172.67.7.252:80];3;1238811986;[[2606:4700:10::6816:2cd3]:80, [2606:4700:10::6816:2dd3]:80, [2606:4700:10::ac43:7fc]:80];3;76266871
"gosuslugi.ru";[109.207.1.97:80];1;440136840;[];0;0
"google.com.sa";[142.251.36.163:80];1;129070430;[[2a00:1450:4016:808::2003]:80];1;2462591033
"yelp.com";[151.101.52.116:80];1;1479559571;[];0;0
"blogger.com";[142.251.36.233:80];1;128497807;[[2a00:1450:4016:80a::2009]:80];1;2436847278
"binance.com";[54.168.181.47:80, 54.248.65.205:80];2;2182943637;[];0;0
"sahibinden.com";[85.111.30.111:80];1;431072032;[];0;0
"wildberries.ru";[185.62.200.225:80, 185.62.200.235:80, 185.62.200.245:80];3;1329649729;[];0;0
"chouftv.ma";[104.22.62.192:80, 104.22.63.192:80, 172.67.29.78:80];3;1260477875;[[2606:4700:10::6816:3ec0]:80, [2606:4700:10::6816:3fc0]:80, [2606:4700:10::ac43:1d4e]:80];3;174814796
"pancakeswap.finance";[104.26.2.169:80, 104.26.3.169:80, 172.67.75.76:80];3;1233105521;[[2606:4700:20::681a:2a9]:80, [2606:4700:20::681a:3a9]:80, [2606:4700:20::ac43:4b4c]:80];3;68742569
"fedex.com";[204.135.8.50:80, 204.135.8.155:80, 204.135.8.175:80, 204.135.13.50:80, 204.135.13.155:80, 204.135.13.175:80];6;1070907136;[];0;0
"sonhoo.com";[150.138.151.133:80];1;1478043299;[[2409:8c54:b000:701::85]:80];1;2887609866
"globo.com";[186.192.90.12:80];1;3299820431;[];0;0
"setn.com";[54.238.119.86:80];1;2700157591;[];0;0
"googlevideo.com";[142.250.185.68:80];1;127117543;[[2a00:1450:4016:80a::2004]:80];1;2388331868
"investopedia.com";[151.101.2.137:80, 151.101.66.137:80, 151.101.130.137:80, 151.101.194.137:80];4;920283641;[[2a04:4e42::649]:80, [2a04:4e42:200::649]:80, [2a04:4e42:400::649]:80, [2a04:4e42:600::649]:80];4;83049398
"redfin.com";[216.211.130.168:80];1;3284636848;[];0;0
"jawapos.com";[52.74.159.66:80, 52.76.167.38:80];2;2114700690;[];0;0
"linktr.ee";[151.101.2.133:80, 151.101.66.133:80, 151.101.130.133:80, 151.101.194.133:80];4;1057259393;[];0;0
"albawabhnews.com";[104.21.70.135:80, 172.67.223.207:80];2;1294366473;[[2606:4700:3035::6815:4687]:80, [2606:4700:3036::ac43:dfcf]:80];2;747357701
"ih5.cn";[161.189.151.162:80];1;1410992391;[];0;0
"bluehost.com";[18.221.126.228:80];1;464669947;[];0;0
"aliexpress.ru";[62.128.97.7:80];1;437769920;[];0;0
"y2mate.com";[141.101.121.237:80, 141.101.121.238:80];2;734510343;[[2606:4700:11::8d65:79ed]:80, [2606:4700:11::8d65:79ee]:80];2;711935742
"discord.com";[162.159.128.233:80, 162.159.135.232:80, 162.159.136.232:80, 162.159.137.232:80, 162.159.138.232:80];5;820414107;[];0;0
"cnzz.com";[203.119.169.9:80, 203.119.169.41:80, 203.119.169.43:80, 203.119.169.82:80, 203.119.169.84:80, 203.119.169.175:80, 203.119.169.207:80, 203.119.169.238:80];8;840065124;[];0;0
"in.gr";[213.133.127.245:80, 213.133.127.247:80];2;773299114;[];0;0
"amazon.it";[52.95.116.114:80, 52.95.120.36:80, 54.239.33.83:80];3;521727393;[];0;0
"mercadolibre.com.mx";[99.84.144.44:80, 99.84.144.74:80, 99.84.144.93:80, 99.84.144.129:80];4;937932085;[];0;0
"ask.com";[151.101.114.114:80];1;125710261;[];0;0
"bankofamerica.com";[171.159.228.150:80, 171.161.148.150:80];2;872907011;[];0;0
"uol.com.br";[200.147.35.149:80];1;3345990968;[[2804:49c:3101:401:ffff:ffff:ffff:45]:80, [2804:49c:3102:401:ffff:ffff:ffff:36]:80];2;245788227
"evernote.com";[35.190.29.187:80];1;125367626;[];0;0
"foxnews.com";[104.78.177.82:80];1;234230255;[];0;0
"taboola.com";[151.101.2.132:80, 151.101.66.132:80, 151.101.130.132:80, 151.101.194.132:80];4;984966321;[[2a04:4e42::644]:80, [2a04:4e42:200::644]:80, [2a04:4e42:400::644]:80, [2a04:4e42:600::644]:80, [2a04:4e42:800::644]:80, [2a04:4e42:a00::644]:80, [2a04:4e42:c00::644]:80, [2a04:4e42:e00::644]:80];8;264566067
"geeksforgeeks.org";[34.218.62.116:80];1;1409276291;[];0;0
"samsung.com";[211.45.27.231:80];1;3420120384;[];0;0
"indiamart.com";[34.228.182.47:80, 184.72.86.44:80];2;861600453;[];0;0
"rokna.net";[45.159.197.227:80];1;1278481698;[];0;0
"cnnic.cn";[159.226.6.133:80, 182.131.26.231:80];2;235908573;[];0;0
"dailymail.co.uk";[23.58.216.153:80];1;124051929;[[2a02:26f0:300:182::16c2]:80, [2a02:26f0:300:1a5::16c2]:80];2;700192090
"ca.gov";[13.87.221.220:80];1;1409275923;[];0;0
"aol.com";[74.6.136.150:80, 98.136.103.23:80, 106.10.248.150:80, 124.108.115.100:80, 212.82.100.150:80];5;778732094;[];0;0
"deviantart.com";[99.84.144.2:80, 99.84.144.7:80, 99.84.144.11:80, 99.84.144.36:80];4;1312165092;[];0;0
"istockphoto.com";[52.222.179.23:80, 52.222.179.25:80, 52.222.179.35:80, 52.222.179.118:80];4;725442876;[];0;0
"investing.com";[104.18.10.215:80, 104.18.11.215:80];2;735948631;[[2606:4700::6812:ad7]:80, [2606:4700::6812:bd7]:80];2;1847719908
"thepiratebay.org";[162.159.136.6:80, 162.159.137.6:80];2;1276007448;[[2606:4700:7::a29f:8806]:80, [2606:4700:7::a29f:8906]:80];2;693741192
"google.co.th";[142.251.36.227:80];1;213576723;[[2a00:1450:4016:80a::2003]:80];1;2577302145
"secureserver.net";[208.109.192.71:80];1;1466909116;[];0;0
"onlyfans.com";[3.224.253.234:80, 18.214.93.175:80, 34.237.216.32:80, 35.174.123.226:80, 50.16.102.100:80, 52.0.158.80:80, 52.45.130.75:80, 100.26.15.97:80];8;434419647;[];0;0
"58.com";[115.159.231.173:80];1;1427478028;[];0;0
"premierbet.co.ao";[104.21.10.64:80, 172.67.144.183:80];2;1950381386;[[2606:4700:3034::ac43:90b7]:80, [2606:4700:3036::6815:a40]:80];2;708716556
"skype.com";[40.115.34.155:80, 40.121.80.200:80, 104.40.50.126:80];3;2483722874;[];0;0
"allegro.pl";[5.134.213.82:80];1;447504395;[];0;0
"ibicn.com";[39.106.98.245:80];1;3280996567;[];0;0
"quizlet.com";[104.16.14.221:80, 104.16.15.221:80, 104.16.16.221:80, 104.16.17.221:80, 104.16.18.221:80];5;1163432418;[];0;0
"merdeka.com";[35.240.232.145:80];1;1458848675;[];0;0
"mailchimp.com";[104.85.253.126:80];1;424041777;[];0;0
"kakao.com";[211.249.221.27:80];1;2473272548;[];0;0
"patreon.com";[104.16.6.49:80, 104.16.7.49:80];2;1421637404;[[2606:4700::6810:631]:80, [2606:4700::6810:731]:80];2;769901501
"weather.com";[104.121.145.195:80];1;423722745;[];0;0
"manage.wix.com";[185.230.60.143:80];1;3205844503;[];0;0
"ups.com";[153.2.224.50:80, 153.2.228.50:80];2;2066925056;[];0;0
"nicovideo.jp";[133.152.43.29:80];1;2694188150;[];0;0
"espncricinfo.com";[13.213.115.169:80, 13.228.173.39:80];2;1375134284;[];0;0
"oberlo.com";[75.2.60.5:80];1;423219632;[];0;0
"etoro.com";[104.121.79.151:80];1;423160676;[];0;0
"amazon.es";[52.95.116.112:80, 52.95.120.38:80, 54.239.33.90:80];3;558469030;[];0;0
"iqiyi.com";[111.206.13.63:80, 111.206.13.64:80];2;2066407947;[];0;0
"shein.com";[35.166.17.60:80, 35.166.139.52:80];2;1478401768;[];0;0
"ozon.ru";[45.60.34.164:80, 45.60.40.164:80];2;1431969538;[];0;0
"op.gg";[99.84.144.21:80, 99.84.144.34:80, 99.84.144.66:80, 99.84.144.127:80];4;1417914437;[];0;0
"proiezionidiborsa.it";[62.149.173.4:80];1;452167433;[];0;0
"slideshare.net";[3.215.34.223:80, 34.225.68.33:80, 34.236.231.23:80, 52.22.26.201:80, 52.203.102.153:80];5;1076975555;[];0;0
"zol.com.cn";[110.43.213.6:80];1;2606299725;[];0;0
"fidelity.com";[23.196.233.180:80];1;432257992;[];0;0
"google.com.eg";[142.250.184.195:80];1;432271492;[[2a00:1450:4001:830::2003]:80];1;3456846330
"ai.marketing";[104.26.4.193:80, 104.26.5.193:80, 172.67.69.84:80];3;968353843;[[2606:4700:20::681a:4c1]:80, [2606:4700:20::681a:5c1]:80, [2606:4700:20::ac43:4554]:80];3;928409776
"dailymotion.com";[195.8.215.136:80];1;451771596;[];0;0
"amazon.com.mx";[52.94.225.241:80, 52.94.239.35:80, 54.239.18.174:80];3;1412216497;[];0;0
"mercadolibre.com.ar";[99.84.144.65:80, 99.84.144.79:80, 99.84.144.95:80, 99.84.144.126:80];4;1417478940;[];0;0
"alnaharegypt.com";[104.21.8.96:80, 172.67.157.69:80];2;1435977195;[[2606:4700:3031::6815:860]:80, [2606:4700:3035::ac43:9d45]:80];2;1264512906
"bukalapak.com";[34.120.254.97:80];1;431202032;[];0;0
"iyiou.com";[47.104.92.218:80];1;1470832807;[];0;0
"yts.mx";[104.31.16.9:80, 104.31.16.120:80];2;1966494322;[];0;0
"freepik.com";[51.210.235.65:80];1;431358599;[];0;0
"freelancer.com";[18.211.127.248:80, 35.153.220.227:80, 52.200.142.203:80];3;1464412469;[];0;0
"wordpress.org";[198.143.164.252:80];1;1348510929;[];0;0
"liputan6.com";[35.190.21.225:80];1;430883533;[];0;0
"donya-e-eqtesad.com";[45.159.197.11:80];1;1295025253;[];0;0
"liansuo.com";[];0;0;[];0;0
"reverso.net";[54.36.69.215:80];1;1140068754;[];0;0
"citi.com";[192.193.102.176:80, 192.193.218.80:80];2;1462705244;[];0;0
"fast.com";[104.121.127.229:80];1;430318381;[[2a02:26f0:300:287::24fe]:80, [2a02:26f0:300:28e::24fe]:80];2;1951317695
"line.biz";[147.92.146.112:80];1;0;[];0;0
"worldometers.info";[104.26.4.2:80, 104.26.5.2:80, 172.67.70.249:80];3;1496184173;[[2606:4700:20::681a:402]:80, [2606:4700:20::681a:502]:80, [2606:4700:20::ac43:46f9]:80];3;43719857
"rakuten.com";[216.238.190.102:80, 216.238.190.103:80];2;2110392749;[];0;0
"rottentomatoes.com";[];0;0;[];0;0
"cloudfront.net";[];0;0;[];0;0
"lowes.com";[104.108.144.120:80];1;429734814;[];0;0
"shopee.co.id";[124.158.128.34:80];1;2497421635;[];0;0
"gusuwang.com";[116.55.250.225:80, 183.222.96.158:80];2;886626179;[];0;0
"themeforest.net";[104.18.30.233:80, 104.18.31.233:80];2;735663599;[];0;0
"flickr.com";[99.84.158.194:80];1;429513990;[];0;0
"wayfair.com";[151.101.1.252:80, 151.101.65.252:80, 151.101.129.252:80, 151.101.193.252:80];4;1317648770;[];0;0
"google.com.ar";[142.251.37.3:80];1;449099205;[[2a00:1450:4016:80b::2003]:80];1;1178483306
"blackboard.com";[104.209.183.225:80];1;3227368427;[];0;0
"shopee.com.my";[143.92.81.70:80];1;1452444926;[];0;0
"sindonews.com";[103.144.190.2:80, 103.144.190.3:80, 103.144.190.123:80];3;1078533639;[];0;0
"coupang.com";[99.84.144.44:80, 99.84.144.46:80, 99.84.144.57:80, 99.84.144.105:80];4;1310429032;[];0;0
"jocial.com";[95.179.238.72:80];1;3152944692;[];0;0
"iqbroker.com";[185.117.134.136:80];1;448879836;[];0;0
"quora.com";[3.220.94.245:80, 3.220.122.146:80, 3.224.246.164:80, 3.230.98.64:80, 34.194.85.163:80, 34.227.165.149:80, 52.200.38.225:80, 100.25.123.88:80];8;415901353;[];0;0
"namasha.com";[77.238.123.22:80];1;3217628303;[];0;0
"ninisite.com";[82.99.244.106:80];1;3235072555;[];0;0
"shopee.tw";[103.117.4.129:80];1;1479983216;[];0;0
"inquirer.net";[104.22.54.197:80, 104.22.55.197:80, 172.67.40.157:80];3;968128385;[[2606:4700:10::6816:36c5]:80, [2606:4700:10::6816:37c5]:80, [2606:4700:10::ac43:289d]:80];3;897129027
"cowin.gov.in";[3.6.46.116:80, 15.206.64.166:80, 15.206.215.241:80];3;1793642894;[];0;0
"sberbank.ru";[194.54.14.168:80];1;454049658;[];0;0
"namu.wiki";[104.16.180.45:80, 104.16.181.45:80];2;690122182;[[2606:4700::6810:b42d]:80, [2606:4700::6810:b52d]:80];2;1311395258
"crowdworks.jp";[54.65.162.109:80, 54.150.93.97:80];2;2088891397;[];0;0
"xiaoman.cn";[101.37.96.156:80];1;1465996239;[];0;0
"amazon.fr";[52.95.116.113:80, 52.95.120.39:80, 54.239.33.91:80];3;1317202405;[];0;0
"eghtesadnews.com";[45.159.197.123:80];1;1291689615;[];0;0
"rt.com";[82.202.189.164:80, 82.202.190.84:80, 207.244.80.170:80, 207.244.80.179:80];4;1082483859;[[2001:1af8:4700:b220::112]:80, [2604:9a00:2100:a017::170]:80, [2604:9a00:2100:a017::179]:80];3;145178135
"dribbble.com";[192.229.220.206:80];1;447245318;[];0;0
"ouedkniss.com";[51.38.63.232:80, 51.38.63.233:80, 51.38.63.234:80];3;1329440754;[];0;0
"gismeteo.ru";[185.134.201.5:80, 185.134.201.6:80, 185.134.202.21:80, 185.134.202.22:80, 185.134.203.107:80, 185.134.203.108:80, 185.134.203.243:80, 185.134.203.245:80];8;738530224;[];0;0
"xfinity.com";[68.87.41.40:80, 96.114.14.140:80, 96.114.21.40:80];3;1490659693;[];0;0
"hotmart.com";[99.84.144.7:80, 99.84.144.11:80, 99.84.144.84:80, 99.84.144.93:80];4;410020446;[];0;0
"poste.it";[62.241.12.20:80, 62.241.12.21:80, 62.241.12.24:80, 62.241.12.25:80, 62.241.12.27:80, 62.241.13.20:80, 62.241.13.21:80, 62.241.13.24:80, 62.241.13.25:80, 62.241.13.27:80];10;611063230;[];0;0
"clickbank.com";[35.237.37.107:80];1;1344563560;[];0;0
"filimo.com";[185.147.178.23:80];1;452198907;[];0;0
"japanpost.jp";[];0;0;[];0;0
"cnbc.com";[50.234.250.31:80, 50.234.250.32:80];2;852021151;[];0;0
"tudou.com";[106.11.43.215:80];1;1428980766;[];0;0
"goodreads.com";[52.94.226.87:80, 52.94.237.126:80, 54.239.26.220:80];3;1774539740;[];0;0
"1337x.to";[104.31.16.11:80, 104.31.16.118:80];2;1390679356;[];0;0
"hp.com";[15.72.164.74:80, 15.72.228.83:80, 15.73.104.147:80, 15.73.192.108:80];4;1476949972;[];0;0
"zerodha.com";[104.17.217.15:80, 104.17.218.15:80];2;1385500168;[[2606:4700::6811:d90f]:80, [2606:4700::6811:da0f]:80];2;1182270357
"axieinfinity.com";[104.22.46.116:80, 104.22.47.116:80, 172.67.21.163:80];3;554038725;[[2606:4700:10::6816:2e74]:80, [2606:4700:10::6816:2f74]:80, [2606:4700:10::ac43:15a3]:80];3;12098224
"tripadvisor.com";[192.229.162.112:80, 192.229.182.112:80, 192.229.189.15:80];3;1779706029;[];0;0
"dell.com";[143.166.135.105:80, 143.166.147.101:80];2;1673498121;[];0;0
"eatthis.com";[192.0.66.80:80];1;445890967;[];0;0
"mlb.com";[34.102.169.19:80];1;1127963258;[];0;0
"91jm.com";[];0;0;[];0;0
"mercadolivre.com.br";[99.84.144.14:80, 99.84.144.47:80, 99.84.144.83:80, 99.84.144.111:80];4;725436550;[];0;0
"twimg.com";[];0;0;[];0;0
"wsj.com";[99.84.144.10:80, 99.84.144.47:80, 99.84.144.55:80, 99.84.144.102:80];4;1093279634;[];0;0
"youporn.com";[66.254.114.79:80];1;445453129;[];0;0
"divar.ir";[79.175.141.110:80, 79.175.141.111:80, 79.175.141.112:80];3;551602737;[];0;0
"softonic.com";[35.227.233.104:80];1;1127491824;[];0;0
"poocoin.app";[104.22.4.222:80, 104.22.5.222:80, 172.67.27.213:80];3;1755331006;[[2606:4700:10::6816:4de]:80, [2606:4700:10::6816:5de]:80, [2606:4700:10::ac43:1bd5]:80];3;126282564
"zendesk.com";[34.206.241.1:80, 34.225.199.37:80, 54.172.126.223:80];3;1462474703;[];0;0
"wikimedia.org";[91.198.174.192:80];1;445494695;[[2620:0:862:ed1a::1]:80];1;2429832682
"tokopedia.com";[47.74.234.244:80];1;1776693380;[];0;0
"www.gov.uk";[151.101.112.144:80];1;444552049;[[2a04:4e42:1b::144]:80];1;1168760647
"web.de";[82.165.229.138:80, 82.165.230.17:80];2;2312157464;[];0;0
"qoo10.sg";[52.74.251.10:80, 52.220.217.108:80];2;2114507714;[];0;0
"macys.com";[104.75.88.188:80];1;1133400315;[];0;0
"elmogaz.com";[104.21.14.90:80, 172.67.158.137:80];2;1384550365;[[2606:4700:3033::ac43:9e89]:80, [2606:4700:3037::6815:e5a]:80];2;790678523
"dbs.com.sg";[103.7.8.138:80, 110.4.47.190:80];2;1478262389;[];0;0
"protonmail.com";[185.70.42.12:80];1;449591792;[];0;0
"ndtv.com";[104.85.251.90:80];1;443760180;[[2a02:26f0:300:195::24e8]:80, [2a02:26f0:300:1a0::24e8]:80];2;584515402
"google.com.ua";[142.250.184.195:80];1;444627717;[[2a00:1450:4016:80a::2003]:80];1;3480657214
"google.pt";[142.250.74.195:80];1;443837544;[[2a00:1450:4016:80b::2003]:80];1;2431417623
"glassdoor.com";[104.17.90.51:80, 104.17.91.51:80];2;2155417730;[];0;0
"hurirk.net";[104.21.41.48:80, 172.67.159.248:80];2;809596295;[];0;0
"livejournal.com";[81.19.74.0:80];1;1214347663;[];0;0
"marca.com";[52.174.157.78:80];1;448997857;[];0;0
"padlet.com";[104.18.30.36:80, 104.18.31.36:80];2;1365203713;[[2606:4700::6812:1e24]:80, [2606:4700::6812:1f24]:80];2;72829013
"costco.com";[104.86.52.173:80];1;442840474;[];0;0
"google.pl";[142.251.36.195:80];1;448625384;[[2a00:1450:4001:809::2003]:80];1;3876304408
"kakaku.com";[103.70.243.165:80];1;20478267842;[];0;0
"pinimg.com";[151.101.0.84:80, 151.101.64.84:80, 151.101.128.84:80, 151.101.192.84:80];4;725927670;[];0;0
"outbrain.com";[192.82.210.254:80];1;1353027444;[];0;0
"rutracker.org";[195.82.146.214:80];1;448810526;[[2a03:42e0::214]:80];1;1193407728
"td.com";[192.229.162.193:80];1;1350421580;[];0;0
"squarespace.com";[198.49.23.176:80, 198.49.23.177:80, 198.185.159.176:80, 198.185.159.177:80];4;1141030554;[];0;0
"ebay.co.uk";[64.4.253.29:80, 64.4.253.77:80, 66.211.172.37:80, 66.211.175.229:80, 209.140.148.143:80, 216.113.179.53:80];6;833375883;[];0;0
"issuu.com";[3.229.161.7:80, 34.227.62.60:80, 52.87.40.237:80, 54.92.159.96:80, 54.164.62.82:80, 107.21.172.254:80];6;335260554;[];0;0
"sq.cn";[];0;0;[];0;0
"google.co.id";[142.250.185.131:80];1;1152223443;[[2a00:1450:4001:810::2003]:80];1;212069297
"51yes.com";[];0;0;[];0;0
"rambler.ru";[81.19.82.98:80];1;1212954874;[];0;0
"ensonhaber.com";[104.22.72.231:80, 104.22.73.231:80, 172.67.4.66:80];3;554667340;[[2606:4700:10::6816:48e7]:80, [2606:4700:10::6816:49e7]:80, [2606:4700:10::ac43:442]:80];3;11651674
"star-clicks.com";[172.66.40.140:80, 172.66.43.116:80];2;798707722;[[2606:4700:3108::ac42:288c]:80, [2606:4700:3108::ac42:2b74]:80];2;12936125
"att.com";[144.160.36.42:80, 144.160.155.43:80];2;1712243592;[];0;0
"weebly.com";[74.115.50.109:80, 74.115.50.110:80];2;1521174195;[];0;0
"wise.com";[104.18.30.50:80, 104.18.31.50:80];2;590971196;[];0;0
"expedia.com";[104.117.210.51:80];1;1151877692;[];0;0
"smallseotools.com";[104.22.68.66:80, 104.22.69.66:80, 172.67.38.25:80];3;950707155;[[2606:4700:10::6816:4442]:80, [2606:4700:10::6816:4542]:80, [2606:4700:10::ac43:2619]:80];3;983951434
"formula1.com";[75.2.124.44:80, 99.83.136.94:80];2;1430737857;[];0;0
"360.com";[104.192.110.203:80];1;1435276310;[];0;0
"fc2.com";[199.48.210.152:80];1;1412470177;[];0;0
"vnexpress.net";[111.65.250.2:80];1;3820888487;[];0;0
"genius.com";[104.18.18.96:80, 104.18.19.96:80];2;1430550549;[[2606:4700::6812:1260]:80, [2606:4700::6812:1360]:80];2;1256151685
"house365.com";[212.129.162.135:80];1;2432517574;[];0;0
"tencent.com";[109.244.194.121:80];1;2670203242;[];0;0
"focus.cn";[115.159.241.109:80];1;1434594375;[];0;0
"chegg.com";[99.84.144.24:80, 99.84.144.29:80, 99.84.144.68:80, 99.84.144.115:80];4;1343246389;[];0;0
"mathrubhumi.com";[13.232.249.206:80];1;1392991708;[];0;0
"naukri.com";[23.2.13.177:80, 23.2.13.219:80];2;647288509;[];0;0
"torob.com";[91.99.72.4:80];1;1305547756;[];0;0
"shopee.co.th";[143.92.81.70:80];1;1422170585;[];0;0
"bloomberg.com";[69.187.24.15:80, 69.191.252.15:80];2;1748504093;[];0;0
"elwatannews.com";[104.22.58.215:80, 104.22.59.215:80, 172.67.31.142:80];3;810291953;[];0;0
"usatoday.com";[199.232.58.62:80];1;445984937;[];0;0
"bp.blogspot.com";[];0;0;[];0;0
"alodokter.com";[172.66.40.67:80, 172.66.43.189:80];2;1942497884;[[2606:4700:3108::ac42:2843]:80, [2606:4700:3108::ac42:2bbd]:80];2;240710893
"meituan.com";[162.14.3.226:80];1;1458106054;[];0;0
"shimo.im";[47.243.25.188:80];1;0;[];0;0
"ameblo.jp";[151.101.2.133:80, 151.101.66.133:80, 151.101.130.133:80, 151.101.194.133:80];4;947821178;[];0;0
"sciencedirect.com";[162.159.129.81:80, 162.159.130.81:80];2;2153017866;[];0;0
"stripchat.com";[104.19.182.41:80, 104.19.183.41:80];2;2153095355;[];0;0
"yoox.com";[23.34.185.48:80];1;444870704;[];0;0
"banvenez.com";[];0;0;[];0;0
"norton.com";[23.99.92.83:80, 40.69.201.11:80];2;1267448401;[];0;0
"hm.com";[23.210.127.165:80];1;443817494;[[2a02:26f0:300:19f::6ae]:80, [2a02:26f0:300:1a0::6ae]:80];2;2571029982
"dcard.tw";[104.16.105.87:80, 104.16.204.58:80];2;1183791982;[[2606:4700::6810:6957]:80, [2606:4700::6810:cc3a]:80];2;689572966
"hootsuite.com";[99.84.144.2:80, 99.84.144.8:80, 99.84.144.20:80, 99.84.144.24:80];4;410467324;[];0;0
"prnt.sc";[104.26.14.80:80, 104.26.15.80:80, 172.67.72.27:80];3;966240445;[];0;0
"hostgator.com";[3.1.243.221:80];1;3523552494;[];0;0
"google.co.kr";[142.251.36.227:80];1;1168798504;[[2a00:1450:4016:80a::2003]:80];1;231412363
"utorrent.com";[98.143.146.7:80];1;1419721434;[];0;0
"patria.org.ve";[190.205.112.89:80];1;471096923;[];0;0
"matchesfashion.com";[104.22.18.150:80, 104.22.19.150:80, 172.67.23.94:80];3;1757724551;[[2606:4700:10::6816:1296]:80, [2606:4700:10::6816:1396]:80, [2606:4700:10::ac43:175e]:80];3;139093830
"dhl.com";[165.72.192.33:80];1;442640802;[];0;0
"myntra.com";[104.75.88.241:80];1;442076653;[];0;0
"medium.com";[162.159.152.4:80, 162.159.153.4:80];2;1428298151;[];0;0
"canada.ca";[160.106.123.29:80, 167.40.79.24:80, 205.193.117.159:80, 205.193.215.159:80];4;908709404;[];0;0
"9gag.com";[104.16.103.144:80, 104.16.104.144:80, 104.16.105.144:80, 104.16.106.144:80, 104.16.107.144:80];5;342707719;[];0;0
"strava.com";[23.21.53.103:80, 34.199.169.228:80, 44.195.56.39:80, 52.0.47.160:80, 54.166.36.228:80, 54.173.223.28:80];6;996014522;[];0;0
"idntimes.com";[103.5.51.123:80, 103.5.51.124:80, 163.53.193.44:80];3;1861087621;[];0;0
"appsumo.com";[35.166.24.54:80, 52.26.228.80:80];2;1472544985;[];0;0
"payu.in";[15.206.57.235:80, 65.1.36.157:80];2;1258910373;[];0;0
"mytheresa.com";[99.84.144.16:80, 99.84.144.22:80, 99.84.144.60:80, 99.84.144.91:80];4;1090778501;[];0;0
"stormgain.com";[104.17.27.34:80, 104.17.28.34:80];2;1198379879;[[2606:4700::6811:1b22]:80, [2606:4700::6811:1c22]:80];2;784204429
"google.com.vn";[142.250.74.195:80];1;441833882;[[2a00:1450:4001:803::2003]:80];1;1178192735
"infobae.com";[184.86.103.136:80, 184.86.103.140:80];2;2158356796;[];0;0
"shippingchina.com";[106.75.95.220:80];1;1430078649;[];0;0
"reuters.com";[52.2.61.110:80];1;1365386254;[];0;0
"mihoyo.com";[121.228.130.191:80];1;763053597;[];0;0
"chinanetrank.com";[47.90.61.157:80];1;1663429907;[];0;0
"cnnindonesia.com";[104.18.0.76:80, 104.18.1.76:80];2;2150772051;[];0;0
"crunchyroll.com";[104.18.22.9:80, 104.18.23.9:80];2;800970061;[];0;0
"lenovo.com";[23.36.233.144:80];1;441048078;[];0;0
"cnbcindonesia.com";[104.18.22.187:80, 104.18.23.187:80];2;1366961506;[[2606:4700::6812:16bb]:80, [2606:4700::6812:17bb]:80];2;1171423548
"nfl.com";[151.101.1.153:80, 151.101.65.153:80, 151.101.129.153:80, 151.101.193.153:80];4;1089903258;[];0;0
"thesaurus.com";[151.101.2.133:80, 151.101.66.133:80, 151.101.130.133:80, 151.101.194.133:80];4;950143988;[[2a04:4e42::645]:80, [2a04:4e42:200::645]:80, [2a04:4e42:400::645]:80, [2a04:4e42:600::645]:80];4;414127149
"clickpost.jp";[52.192.5.237:80, 52.198.75.156:80];2;1447044354;[];0;0
"webmd.com";[207.231.204.56:80];1;3245267489;[];0;0
"ssense.com";[104.16.103.92:80, 104.16.104.92:80];2;1219013686;[];0;0
"discordapp.com";[162.159.129.233:80, 162.159.130.233:80, 162.159.133.233:80, 162.159.134.233:80, 162.159.135.233:80];5;897908506;[];0;0
"breitbart.com";[35.241.35.213:80];1;1154036111;[];0;0
"upwork.com";[104.18.89.237:80, 104.18.90.237:80];2;801470865;[];0;0
"vidio.com";[99.84.144.49:80, 99.84.144.65:80, 99.84.144.108:80, 99.84.144.116:80];4;1400218325;[];0;0
"sonyliv.com";[52.77.194.240:80];1;1451688552;[];0;0
"gstatic.com";[142.250.184.195:80];1;439882605;[[2a00:1450:4016:80a::2003]:80];1;3534360260
"cnbeta.com";[125.90.93.20:80];1;2574055459;[];0;0
"vvvdj.com";[203.107.42.43:80];1;2705968829;[];0;0
"trustpilot.com";[34.248.108.219:80, 34.252.19.121:80, 54.76.38.213:80];3;1274946163;[];0;0
"irctc.co.in";[103.252.142.18:80, 103.252.142.19:80, 103.252.142.21:80];3;1579373788;[];0;0
"elintransigente.com";[143.198.117.23:80];1;2347173713;[];0;0
"google.com.au";[142.251.36.227:80];1;1183607051;[[2a00:1450:4016:80a::2003]:80];1;260463625
"t66y.com";[104.26.10.160:80, 104.26.11.160:80, 172.67.74.241:80];3;1289242754;[[2606:4700:20::681a:aa0]:80, [2606:4700:20::681a:ba0]:80, [2606:4700:20::ac43:4af1]:80];3;486124927
"ebay.com.au";[64.4.253.29:80, 64.4.253.77:80, 66.211.172.37:80, 66.211.175.229:80, 209.140.148.143:80, 216.113.179.53:80, 216.113.181.253:80];7;741507109;[];0;0
"robinhood.com";[3.220.229.55:80, 52.2.96.80:80, 52.73.242.87:80, 52.207.70.140:80, 54.211.34.221:80, 184.73.18.18:80];6;1014127955;[];0;0
"dmm.co.jp";[13.248.196.236:80];1;438223360;[];0;0
"businessinsider.com";[151.101.1.171:80, 151.101.65.171:80, 151.101.129.171:80, 151.101.193.171:80];4;655307104;[];0;0
"cbssports.com";[151.101.1.188:80, 151.101.65.188:80, 151.101.129.188:80, 151.101.193.188:80];4;1045175527;[];0;0
"ebay-kleinanzeigen.de";[34.107.128.149:80];1;438207122;[];0;0
"avg.com";[69.94.64.29:80, 185.189.92.41:80];2;1602812830;[];0;0
"cuevana3.io";[104.26.6.61:80, 104.26.7.61:80, 172.67.73.111:80];3;1490121954;[[2606:4700:20::681a:63d]:80, [2606:4700:20::681a:73d]:80, [2606:4700:20::ac43:496f]:80];3;46783019
"plantvsundead.com";[104.22.78.111:80, 104.22.79.111:80, 172.67.42.39:80];3;1241690246;[[2606:4700:10::6816:4e6f]:80, [2606:4700:10::6816:4f6f]:80, [2606:4700:10::ac43:2a27]:80];3;128519008
"tejaratnews.com";[172.64.204.19:80, 172.64.205.19:80];2;805635278;[[2606:4700:e6::ac40:cc13]:80, [2606:4700:e6::ac40:cd13]:80];2;20747385
"oschina.net";[212.64.62.183:80];1;2681715904;[];0;0
"amazon.com.au";[52.119.167.231:80, 52.119.171.206:80, 52.119.174.16:80];3;1894978879;[];0;0
"asus.com";[103.10.4.216:80];1;3446204237;[];0;0
"go.com";[23.236.60.174:80];1;2327254977;[];0;0
"news18.com";[180.179.160.115:80];1;1392178690;[];0;0
"custhelp.com";[74.117.206.70:80];1;3264210571;[];0;0
"it168.com";[42.62.98.171:80];1;1433530460;[];0;0
"gate.io";[35.72.139.44:80, 54.65.45.3:80];2;2063155031;[];0;0
"xhamsterlive.com";[104.16.84.97:80, 104.16.85.97:80];2;2148746827;[[2606:4700::6810:5461]:80, [2606:4700::6810:5561]:80];2;701688463
"turkiye.gov.tr";[94.55.118.33:80];1;3220055133;[[2a00:1d58:0:1902:94:55:118:33]:80];1;65538720
"zippyshare.com";[145.239.9.15:80];1;1201091611;[];0;0
"academia.edu";[99.84.144.31:80, 99.84.144.44:80, 99.84.144.56:80, 99.84.144.93:80];4;1319812994;[];0;0
"mileroticos.com";[51.255.62.123:80, 185.206.63.13:80];2;1828188587;[];0;0
"douban.com";[162.14.6.67:80];1;1401958568;[];0;0
"google.be";[142.251.36.227:80];1;1200534177;[[2a00:1450:4016:80a::2003]:80];1;1247561538
"louisvuitton.com";[104.117.198.169:80];1;1189922895;[];0;0
"ebc.net.tw";[99.84.144.23:80, 99.84.144.52:80, 99.84.144.68:80, 99.84.144.124:80];4;1074033613;[];0;0
"hindustantimes.com";[104.86.39.230:80];1;1160154488;[];0;0
"gmx.net";[82.165.229.87:80];1;3170050795;[];0;0
"hbomax.com";[35.167.130.181:80, 52.4.94.166:80, 52.24.41.24:80, 52.87.8.153:80, 52.205.19.251:80, 54.200.108.238:80];6;1002738968;[];0;0
"ivi.ru";[80.67.43.1:80, 80.67.43.33:80, 80.67.43.65:80];3;908594576;[];0;0
"incometax.gov.in";[];0;0;[];0;0
"kapanlagi.com";[35.247.145.125:80];1;2433463310;[];0;0
"patch.com";[151.101.2.133:80, 151.101.66.133:80, 151.101.130.133:80, 151.101.194.133:80];4;1296753747;[];0;0
"ojooo.com";[104.26.4.139:80, 104.26.5.139:80, 172.67.72.83:80];3;876292636;[];0;0
"cambridge.org";[204.74.99.103:80];1;1189250840;[];0;0
"iherb.com";[3.10.35.129:80, 18.169.108.95:80, 18.170.164.171:80];3;1260045192;[];0;0
"thehotposts.com";[139.45.197.162:80];1;1199056790;[];0;0
"nypost.com";[192.0.66.32:80];1;1199113882;[];0;0
"dianping.com";[203.76.216.1:80];1;1446765066;[];0;0
"ria.ru";[178.248.233.32:80];1;1198789867;[];0;0
"bola.com";[35.190.21.225:80];1;1179054017;[];0;0
"coursehero.com";[104.17.92.47:80, 104.17.93.47:80];2;704686537;[];0;0
"huawei.com";[121.37.49.12:80];1;1886878146;[[2407:c080:17ef:ffff::7274:d206]:80];1;184647894
"messenger.com";[69.171.250.15:80];1;1167873381;[[2a03:2880:f0ff:e:face:b00c:0:2]:80];1;253496774
"ytmp3.cc";[194.163.163.226:80];1;1208721080;[];0;0
"srvtrck.com";[104.19.168.96:80, 104.19.169.96:80];2;1193608073;[[2606:4700::6813:a860]:80, [2606:4700::6813:a960]:80];2;200768110
"shareasale.com";[104.16.226.72:80, 104.16.227.72:80];2;1283764740;[];0;0
"babyschool.com.cn";[];0;0;[];0;0
"laodong.vn";[171.244.32.23:80];1;2749440152;[];0;0
"match.com";[208.83.240.49:80];1;1430676096;[];0;0
"boc.cn";[];0;0;[];0;0
"goo.ne.jp";[114.179.184.93:80];1;1815672543;[];0;0
"home77.com";[203.107.43.165:80];1;2722896547;[];0;0
"adbtc.top";[104.22.34.100:80, 104.22.35.100:80, 172.67.4.177:80];3;929229273;[[2606:4700:10::6816:2264]:80, [2606:4700:10::6816:2364]:80, [2606:4700:10::ac43:4b1]:80];3;869970175
"merriam-webster.com";[99.84.144.15:80, 99.84.144.44:80, 99.84.144.69:80, 99.84.144.84:80];4;1057840797;[];0;0
"discover.com";[23.63.132.247:80];1;1166802101;[];0;0
"creditchina.gov.cn";[];0;0;[];0;0
"eghtesadonline.com";[45.159.197.243:80];1;1356778472;[];0;0
"squareup.com";[151.101.1.49:80, 151.101.65.49:80, 151.101.129.49:80, 151.101.193.49:80];4;1307717255;[];0;0
"beeg.com";[104.21.32.25:80, 172.67.182.85:80];2;1254107531;[[2606:4700:3033::ac43:b655]:80, [2606:4700:3036::6815:2019]:80];2;687920872
"tsetmc.com";[46.102.143.209:80, 46.102.143.221:80, 86.104.39.97:80, 86.104.39.109:80, 94.182.184.229:80, 94.182.184.233:80, 94.182.184.237:80, 185.117.204.245:80, 185.117.205.245:80, 185.117.206.245:80];10;354444032;[];0;0
"aa.com";[104.86.34.44:80];1;1186068453;[];0;0
"marriott.com";[104.108.144.90:80];1;1185961701;[];0;0
"livedoor.jp";[];0;0;[];0;0
"meesho.com";[13.213.165.122:80, 13.213.186.218:80, 13.251.185.79:80, 46.137.223.86:80, 46.137.223.250:80, 52.77.182.37:80, 54.151.193.237:80, 54.251.155.50:80];8;662798528;[];0;0
"iweihai.cn";[202.102.144.76:80];1;3347360451;[];0;0
"biobiochile.cl";[190.153.209.180:80];1;2698206747;[];0;0
"quillbot.com";[104.21.92.248:80, 172.67.201.1:80];2;1260102825;[[2606:4700:3030::ac43:c901]:80, [2606:4700:3033::6815:5cf8]:80];2;599597382
"ebay.it";[64.4.253.29:80, 64.4.253.77:80, 66.211.172.37:80, 66.211.175.229:80, 209.140.148.143:80, 216.113.179.53:80, 216.113.181.253:80];7;740467556;[];0;0
"jpnn.com";[104.26.8.3:80, 104.26.9.3:80, 172.67.71.239:80];3;1263888717;[];0;0
"uidai.gov.in";[103.57.226.101:80, 103.58.114.101:80];2;0;[];0;0
"orange.fr";[193.252.117.145:80, 193.252.133.20:80, 193.252.148.192:80];3;1081590822;[];0;0
"onmarshtompor.com";[139.45.197.243:80];1;1215734089;[];0;0
"marketwatch.com";[99.84.144.35:80, 99.84.144.62:80, 99.84.144.73:80, 99.84.144.100:80];4;1292721166;[];0;0
"ukr.net";[212.42.76.252:80, 212.42.76.253:80];2;1229714894;[];0;0
"storage.googleapis.com";[142.251.36.176:80, 142.251.36.208:80, 142.251.36.240:80, 142.251.37.16:80];4;978702104;[[2a00:1450:4016:808::2010]:80, [2a00:1450:4016:809::2010]:80, [2a00:1450:4016:80a::2010]:80, [2a00:1450:4016:80b::2010]:80];4;161596817
"biblegateway.com";[99.84.144.10:80, 99.84.144.27:80, 99.84.144.46:80, 99.84.144.89:80];4;1292646497;[[2600:9000:20e8:200:1f:9383:73c0:93a1]:80, [2600:9000:20e8:a00:1f:9383:73c0:93a1]:80, [2600:9000:20e8:2800:1f:9383:73c0:93a1]:80, [2600:9000:20e8:7200:1f:9383:73c0:93a1]:80, [2600:9000:20e8:8c00:1f:9383:73c0:93a1]:80, [2600:9000:20e8:c800:1f:9383:73c0:93a1]:80, [2600:9000:20e8:d800:1f:9383:73c0:93a1]:80, [2600:9000:20e8:f000:1f:9383:73c0:93a1]:80];8;98068309
"runoob.com";[203.107.42.43:80];1;2696756862;[];0;0
"ngacn.cc";[47.74.224.40:80];1;2652137379;[];0;0
"tinder.com";[99.84.144.20:80, 99.84.144.48:80, 99.84.144.77:80, 99.84.144.108:80];4;1292575553;[];0;0
"dw.com";[194.55.26.46:80, 194.55.30.46:80];2;18352307780;[];0;0
"justdial.com";[104.86.40.11:80];1;1184424881;[[2a02:26f0:300:182::174d]:80, [2a02:26f0:300:190::174d]:80];2;1413119435
"nhk.or.jp";[];0;0;[];0;0
"dangdang.com";[120.133.46.125:80];1;1454643280;[];0;0
"blockchain.com";[104.16.40.77:80, 104.18.93.71:80];2;1213572644;[];0;0
"doordash.com";[104.18.10.161:80, 104.18.11.161:80];2;721210927;[[2606:4700::6812:aa1]:80, [2606:4700::6812:ba1]:80];2;1431499607
"kooora.com";[45.60.63.37:80, 45.60.65.37:80];2;1151837385;[];0;0
"dreamstime.com";[169.62.154.242:80];1;1405236802;[];0;0
"google.ro";[142.251.37.3:80];1;1214447460;[[2a00:1450:4016:80b::2003]:80];1;1291229746
"elpais.com";[88.221.221.155:80, 88.221.221.161:80];2;720668573;[[2a02:26f0:300::215:8521]:80, [2a02:26f0:300::215:8550]:80];2;1863985819
"activehosted.com";[3.211.1.165:80, 3.232.200.184:80, 18.211.217.65:80, 34.200.171.82:80, 35.171.14.223:80, 52.7.79.178:80, 54.86.84.175:80, 107.20.28.123:80];8;631462324;[];0;0
"inb.network";[104.26.4.181:80, 104.26.5.181:80, 172.67.68.43:80];3;1263187020;[[2606:4700:20::681a:4b5]:80, [2606:4700:20::681a:5b5]:80, [2606:4700:20::ac43:442b]:80];3;206241641
"addthis.com";[23.38.84.123:80];1;1417538177;[];0;0
"360doc.com";[39.106.173.98:80, 47.93.194.183:80];2;854270398;[];0;0
"aajtak.in";[23.2.13.163:80, 23.2.13.227:80];2;1230120699;[];0;0
"oeeee.com";[222.186.184.3:80];1;2552459233;[];0;0
"9384.com";[];0;0;[];0;0
"medicalnewstoday.com";[99.84.144.81:80, 99.84.144.92:80, 99.84.144.119:80, 99.84.144.122:80];4;380335745;[];0;0
"onet.pl";[75.2.92.173:80, 99.83.207.202:80];2;720385911;[];0;0
"taleo.net";[68.233.77.233:80];1;3287406168;[];0;0
"saednews.com";[217.172.98.78:80];1;2575439425;[];0;0
"heavy.com";[192.0.66.32:80];1;1234706838;[];0;0
"buzzfeed.com";[99.84.144.23:80, 99.84.144.63:80, 99.84.144.101:80, 99.84.144.127:80];4;715637714;[];0;0
"feedly.com";[104.20.59.241:80, 104.20.60.241:80];2;1365132072;[];0;0
"52pk.com";[43.132.137.109:80];1;525803402;[];0;0
"nordstrom.com";[151.101.2.132:80, 151.101.66.132:80, 151.101.130.132:80, 151.101.194.132:80];4;976099876;[];0;0
"huya.com";[8.134.11.130:80, 106.55.80.57:80, 139.196.40.122:80, 150.158.217.209:80];4;1467215524;[];0;0
"ultimate-guitar.com";[178.18.22.152:80];1;1235507740;[];0;0
"arynews.tv";[141.193.213.20:80, 141.193.213.21:80];2;1219864187;[];0;0
"yjc.news";[94.182.146.12:80];1;1382105070;[];0;0
"abs-cbn.com";[23.2.13.162:80, 23.2.13.184:80];2;1335683924;[[2a02:26f0:1700:16::b856:fbc7]:80, [2a02:26f0:1700:16::b856:fbda]:80];2;1340610769
"moneycontrol.com";[23.48.202.81:80, 23.48.202.121:80];2;1251723308;[[2a02:26f0:12d::17d9:6a08]:80, [2a02:26f0:12d::58dd:ddd0]:80];2;677611697
"nextdoor.com";[99.84.144.2:80, 99.84.144.30:80, 99.84.144.82:80, 99.84.144.118:80];4;1066672835;[];0;0
"binomo-web.com";[104.18.16.194:80, 104.18.17.194:80];2;1229152939;[];0;0
"tempo.co";[13.251.82.126:80, 13.251.168.238:80];2;1878864930;[];0;0
"verizon.com";[192.16.31.89:80];1;2276649562;[];0;0
"irs.gov";[152.216.7.110:80, 152.216.11.110:80];2;1781708427;[[2610:30:2000:402::110]:80, [2610:30:4000:402::110]:80];2;162901532
"sourceforge.net";[204.68.111.105:80];1;2467197338;[];0;0
"kemdikbud.go.id";[118.98.227.101:80];1;2744426685;[];0;0
"usnews.com";[23.63.121.63:80];1;1200908344;[];0;0
"cloudflare.com";[104.16.132.229:80, 104.16.133.229:80];2;1219262700;[[2606:4700::6810:84e5]:80, [2606:4700::6810:85e5]:80];2;855308092
"tutorialspoint.com";[157.90.94.102:80];1;1232551738;[];0;0
"nikkei.com";[13.248.148.206:80, 76.223.28.162:80];2;1315727825;[];0;0
"prothomalo.com";[104.16.67.37:80, 104.16.68.37:80];2;1280185020;[[2606:4700::6810:4325]:80, [2606:4700::6810:4425]:80];2;630930070
"thethao247.vn";[42.112.24.66:80, 42.112.24.72:80, 42.112.24.118:80, 42.112.24.119:80];4;734963825;[];0;0
"51auto.com";[];0;0;[];0;0
"eqxiu.com";[118.25.167.48:80, 172.81.232.157:80, 212.64.45.27:80];3;1063346408;[[2402:4e00:31:801::521]:80];1;269188873
"chsi.com.cn";[36.110.136.74:80];1;3355529439;[];0;0
"trello.com";[185.166.143.0:80, 185.166.143.1:80, 185.166.143.2:80];3;1382822173;[];0;0
"leboncoin.fr";[13.32.99.14:80, 13.32.99.42:80, 13.32.99.71:80, 13.32.99.110:80];4;981134091;[];0;0
"udn.com";[104.81.37.110:80];1;1210323190;[];0;0
"renren.com";[120.133.2.241:80, 120.133.2.242:80];2;1483884633;[];0;0
"akamaized.net";[];0;0;[];0;0
"ign.com";[151.101.1.135:80, 151.101.65.135:80, 151.101.129.135:80, 151.101.193.135:80];4;952666654;[];0;0
"pcmag.com";[104.17.101.99:80, 104.17.142.99:80];2;1256343058;[];0;0
"google.gr";[142.250.181.227:80];1;1253021282;[[2a00:1450:4016:809::2003]:80];1;1334020810
"pngtree.com";[104.18.2.157:80, 104.18.3.157:80];2;1257212329;[[2606:4700::6812:29d]:80, [2606:4700::6812:39d]:80];2;693736651
"51sole.com";[150.109.68.232:80];1;509985641;[];0;0
"emofid.com";[109.94.166.97:80];1;3267656768;[];0;0
"accuweather.com";[104.85.250.58:80];1;1209654640;[];0;0
"mheducation.com";[3.209.89.97:80, 54.211.191.121:80, 107.20.229.89:80];3;1796488514;[];0;0
"techcrunch.com";[212.82.100.163:80];1;1314807870;[[2a00:1288:110:c104::a000]:80];1;175045347
"india.com";[54.173.62.149:80];1;1379530181;[];0;0
"rarbg.to";[185.37.100.122:80];1;1239308466;[];0;0
"wp.pl";[212.77.98.9:80];1;1325925174;[];0;0
"user-shield-check.com";[104.21.74.27:80, 172.67.153.113:80];2;1279188183;[[2606:4700:3031::6815:4a1b]:80, [2606:4700:3032::ac43:9971]:80];2;625573168
"pcbaby.com.cn";[219.136.244.85:80];1;2690136363;[];0;0
"creditkarma.com";[104.73.138.191:80];1;1283117616;[];0;0
"atlassian.com";[185.166.143.3:80, 185.166.143.4:80, 185.166.143.5:80];3;1395805795;[];0;0
"elbalad.news";[104.26.10.149:80, 104.26.11.149:80, 172.67.70.13:80];3;922188375;[];0;0
"trknex.com";[95.128.201.171:80];1;1230710019;[];0;0
"0123movie.net";[104.31.16.3:80, 104.31.16.126:80];2;1249532302;[];0;0
"steampowered.com";[23.63.141.231:80];1;1208341230;[];0;0
"bc.game";[99.84.144.68:80, 99.84.144.84:80, 99.84.144.111:80, 99.84.144.127:80];4;1327557420;[];0;0
"sograuko.net";[188.42.224.40:80, 188.42.224.61:80];2;1845138785;[];0;0
"gogoanime.pe";[104.26.8.6:80, 104.26.9.6:80, 172.67.69.54:80];3;1291391758;[[2606:4700:20::681a:806]:80, [2606:4700:20::681a:906]:80, [2606:4700:20::ac43:4536]:80];3;510483141
"typeform.com";[99.84.144.93:80, 99.84.144.96:80, 99.84.144.114:80, 99.84.144.124:80];4;1327470924;[];0;0
"w3school.com.cn";[120.55.40.41:80];1;3446047120;[];0;0
"ftx.com";[104.18.26.153:80, 104.18.27.153:80];2;1267575456;[[2606:4700::6812:1a99]:80, [2606:4700::6812:1b99]:80];2;705207224
"xabbs.com";[118.107.40.56:80];1;506265843;[];0;0
"ecosia.org";[3.64.35.128:80, 35.156.117.240:80, 35.158.150.207:80];3;1236587272;[];0;0
"gyazo.com";[35.186.213.112:80];1;1229539700;[];0;0
"telugu360.com";[174.138.121.208:80];1;1433096359;[];0;0
"sxyprn.com";[104.21.55.204:80, 172.67.172.199:80];2;1344381864;[];0;0
"rakuten-bank.co.jp";[220.213.225.92:80];1;2739988026;[];0;0
"rakuten.ne.jp";[];0;0;[];0;0
"parsfootball.com";[87.107.113.21:80];1;2584226050;[];0;0
"newsearnmoney.com";[104.22.0.197:80, 104.22.1.197:80, 172.67.15.90:80];3;501047475;[[2606:4700:10::6816:c5]:80, [2606:4700:10::6816:1c5]:80, [2606:4700:10::ac43:f5a]:80];3;1364995377
"timebucks.com";[151.139.128.10:80];1;1237015970;[];0;0
"11st.co.kr";[113.217.247.90:80];1;2556123237;[];0;0
"kuronekoyamato.co.jp";[];0;0;[];0;0
"mos.ru";[212.11.155.166:80];1;1323250145;[];0;0
"gsmarena.com";[148.251.96.211:80];1;1258022908;[];0;0
"google.co.ve";[142.251.36.163:80];1;1258355352;[[2a00:1450:4016:808::2003]:80];1;1325245195
"alimama.com";[106.11.19.78:80, 140.205.243.64:80];2;2551738273;[];0;0
"lazada.co.th";[47.89.75.205:80, 47.89.75.209:80, 47.89.88.80:80, 47.89.88.84:80];4;1546877817;[];0;0
"uptodown.com";[23.37.54.195:80];1;1257869710;[];0;0
"bhphotovideo.com";[104.18.24.211:80, 104.18.25.211:80];2;1332321467;[];0;0
"redtube.com";[66.254.114.238:80];1;1268571260;[];0;0
"fantasypros.com";[35.170.16.179:80, 107.20.116.50:80];2;2047294820;[];0;0
"lenta.ru";[81.19.72.32:80, 81.19.72.33:80, 81.19.72.56:80, 81.19.72.57:80, 81.19.72.58:80, 81.19.72.59:80];6;973893251;[];0;0
"ecer.com";[75.126.242.100:80];1;2625902675;[];0;0
"redgifs.com";[104.18.4.207:80, 104.18.5.207:80];2;1802996542;[[2606:4700::6812:4cf]:80, [2606:4700::6812:5cf]:80];2;31443287
"cdc.gov";[198.246.102.49:80, 198.246.106.49:80];2;1713892331;[];0;0
"duolingo.com";[54.165.40.136:80];1;1395498092;[];0;0
"tap.az";[104.26.12.26:80, 104.26.13.26:80, 172.67.75.5:80];3;1275411563;[[2606:4700:20::681a:c1a]:80, [2606:4700:20::681a:d1a]:80, [2606:4700:20::ac43:4b05]:80];3;549285632
"4chan.org";[104.19.128.108:80, 104.19.129.108:80];2;1253800063;[];0;0
"opensooq.com";[34.251.119.3:80, 52.49.137.62:80, 54.171.212.134:80];3;1244870753;[];0;0
"free.fr";[212.27.48.10:80];1;1287688734;[[2a01:e0c:1::1]:80];1;172520194
"agoda.com";[103.6.182.20:80];1;3469794836;[];0;0
"xjtu.edu.cn";[];0;0;[];0;0
"lordfilms-s.biz";[31.13.86.100:80];1;0;[];0;0
"bestlifeonline.com";[192.0.66.80:80];1;1277488295;[];0;0
"royalbank.com";[204.74.99.100:80];1;1278111430;[];0;0
"adp.com";[170.146.93.56:80];1;3326210507;[];0;0
"olx.pl";[99.84.144.22:80, 99.84.144.59:80, 99.84.144.121:80, 99.84.144.126:80];4;1326452385;[];0;0
"trontv.com";[99.84.144.12:80, 99.84.144.41:80, 99.84.144.54:80, 99.84.144.118:80];4;711659137;[];0;0
"poki.com";[104.16.208.71:80, 104.16.209.71:80];2;1364846330;[[2606:4700::6810:d047]:80, [2606:4700::6810:d147]:80];2;1402818053
"shopee.ph";[143.92.75.65:80];1;2403769158;[];0;0
"npr.org";[216.35.221.76:80];1;3298647261;[];0;0
"ameba.jp";[27.133.212.123:80];1;2746524104;[];0;0
"javatpoint.com";[104.21.79.8:80, 172.67.139.79:80];2;1359947305;[];0;0
"epicgames.com";[34.205.200.197:80, 52.20.190.66:80, 52.22.132.80:80, 52.73.75.156:80, 54.84.202.222:80, 54.85.238.63:80, 54.156.148.77:80, 54.165.245.13:80];8;788048832;[];0;0
"amazon.cn";[54.222.60.218:80];1;2734844477;[];0;0
"online-convert.com";[104.22.58.173:80, 104.22.59.173:80, 172.67.4.125:80];3;933193362;[[2606:4700:10::6816:3aad]:80, [2606:4700:10::6816:3bad]:80, [2606:4700:10::ac43:47d]:80];3;406157580
"rakuten-card.co.jp";[210.162.157.12:80, 210.252.23.76:80];2;969181431;[];0;0
"eventbrite.com";[18.214.254.157:80, 18.215.76.51:80, 18.235.224.167:80, 34.197.148.4:80, 34.204.250.133:80, 34.205.126.7:80, 34.224.9.38:80, 52.22.172.91:80];8;631582303;[];0;0
"samsclub.com";[161.170.232.150:80, 161.170.238.150:80];2;1818647844;[];0;0
"endclothing.com";[35.210.35.139:80];1;1284880955;[];0;0
"livedoor.com";[147.92.184.22:80];1;2745603338;[];0;0
"wondershare.com";[203.130.48.144:80, 203.130.48.145:80];2;1042155907;[];0;0
"thestartmagazine.com";[151.101.2.132:80, 151.101.66.132:80, 151.101.130.132:80, 151.101.194.132:80];4;1303765028;[[2a04:4e42::644]:80, [2a04:4e42:200::644]:80, [2a04:4e42:400::644]:80, [2a04:4e42:600::644]:80, [2a04:4e42:800::644]:80, [2a04:4e42:a00::644]:80, [2a04:4e42:c00::644]:80, [2a04:4e42:e00::644]:80];8;100837482
"convertio.co";[99.84.144.23:80, 99.84.144.47:80, 99.84.144.61:80, 99.84.144.102:80];4;1099011419;[];0;0
"chooseauto.com.cn";[];0;0;[];0;0
"flightradar24.com";[104.17.42.52:80, 104.17.43.52:80, 104.17.44.52:80, 104.17.45.52:80, 104.17.46.52:80];5;1018727343;[[2606:4700::6811:2a34]:80, [2606:4700::6811:2b34]:80, [2606:4700::6811:2c34]:80, [2606:4700::6811:2d34]:80, [2606:4700::6811:2e34]:80];5;45563485
"noon.com";[104.17.92.32:80, 104.17.93.32:80, 104.17.94.32:80, 104.17.95.32:80, 104.17.96.32:80];5;1121718229;[[2606:4700::6811:5c20]:80, [2606:4700::6811:5d20]:80, [2606:4700::6811:5e20]:80, [2606:4700::6811:5f20]:80, [2606:4700::6811:6020]:80];5;77655910
"axisbank.co.in";[];0;0;[];0;0
"sendinblue.com";[104.17.9.12:80, 104.17.10.12:80];2;1354431018;[[2606:4700::6811:90c]:80, [2606:4700::6811:a0c]:80];2;854536413
"iliangcang.com";[123.57.212.84:80];1;1608741173;[];0;0
"slickdeals.net";[88.221.221.137:80, 88.221.221.178:80];2;1354276197;[];0;0
"indianexpress.com";[104.85.253.56:80];1;1263054740;[];0;0
"worldsources.com";[58.177.176.164:80];1;3418982754;[];0;0
"vaghtesobh.com";[185.18.213.180:80];1;2427664339;[];0;0
"ouo.io";[104.22.22.162:80, 104.22.23.162:80, 172.67.6.151:80];3;1332110320;[[2606:4700:10::6816:16a2]:80, [2606:4700:10::6816:17a2]:80, [2606:4700:10::ac43:697]:80];3;453811667
"fool.com";[151.101.1.143:80, 151.101.65.143:80, 151.101.129.143:80, 151.101.193.143:80];4;1371576526;[];0;0
"wplay.co";[134.213.78.185:80];1;1316479296;[];0;0
"a8.net";[54.64.5.247:80, 54.168.49.184:80];2;958957463;[];0;0
"tvphapluat.vn";[103.229.192.151:80];1;576768242;[];0;0
"kontan.co.id";[18.136.95.137:80, 52.220.232.83:80];2;1981223301;[];0;0
"rumble.com";[169.55.146.12:80, 169.59.64.184:80];2;787626348;[];0;0
"overstock.com";[173.241.154.15:80];1;2669124483;[];0;0
"fandango.com";[204.74.99.100:80];1;1304737980;[];0;0
"cardinalcommerce.com";[198.217.251.250:80, 198.217.251.251:80];2;1353553680;[[2606:4700::c6d9:fbfa]:80, [2606:4700::c6d9:fbfb]:80];2;1371197931
"notion.so";[104.18.22.110:80, 104.18.23.110:80];2;1857766116;[[2606:4700::6812:166e]:80, [2606:4700::6812:176e]:80];2;81399024
"shopee.vn";[143.92.81.70:80];1;2453610402;[];0;0
"crjugate.com";[93.93.51.223:80];1;1294376312;[];0;0
"noaa.gov";[137.75.88.7:80, 137.75.88.52:80];2;1905202806;[];0;0
"t-online.de";[];0;0;[];0;0
"chron.com";[];0;0;[];0;0
"jianshu.com";[47.88.14.163:80];1;0;[];0;0
"olx.ua";[54.230.206.17:80, 54.230.206.43:80, 54.230.206.65:80, 54.230.206.118:80];4;1087259308;[];0;0
"hurriyet.com.tr";[];0;0;[];0;0
"morningpost.com.cn";[];0;0;[];0;0
"dazn.com";[99.84.144.6:80, 99.84.144.42:80, 99.84.144.63:80, 99.84.144.120:80];4;1266234424;[[2600:9000:20e8:2800:5:6660:98c0:93a1]:80, [2600:9000:20e8:2c00:5:6660:98c0:93a1]:80, [2600:9000:20e8:4000:5:6660:98c0:93a1]:80, [2600:9000:20e8:5e00:5:6660:98c0:93a1]:80, [2600:9000:20e8:aa00:5:6660:98c0:93a1]:80, [2600:9000:20e8:be00:5:6660:98c0:93a1]:80, [2600:9000:20e8:d800:5:6660:98c0:93a1]:80, [2600:9000:20e8:f800:5:6660:98c0:93a1]:80];8;47923201
"billdesk.com";[];0;0;[];0;0
"exoclick.com";[94.23.144.230:80];1;1303923601;[[2001:41d0:2:f292::226]:80];1;163145197
"eporner.com";[];0;0;[];0;0
"ny.gov";[107.20.176.212:80];1;1410961901;[];0;0
"southcn.com";[119.29.123.156:80];1;2728790406;[];0;0
"mercadolibre.com.co";[99.84.144.39:80, 99.84.144.83:80, 99.84.144.113:80, 99.84.144.115:80];4;1107860165;[];0;0
"mydramalist.com";[104.26.10.48:80, 104.26.11.48:80, 172.67.70.171:80];3;496114267;[];0;0
"chaduo.com";[117.27.138.114:80];1;495893572;[];0;0
"usbank.com";[170.135.184.254:80, 170.135.223.254:80];2;1749690182;[];0;0
"wiley.com";[63.97.118.67:80];1;1424355821;[];0;0
"zara.com";[88.221.221.128:80, 88.221.221.152:80];2;1352217798;[[2a02:26f0:300::5c7a:f508]:80, [2a02:26f0:300::5c7a:f512]:80];2;854887412
"hangseng.com";[203.112.92.8:80];1;3580812368;[];0;0
"mpnrc.org";[104.26.12.213:80, 104.26.13.213:80, 172.67.68.1:80];3;1417024586;[[2606:4700:20::681a:cd5]:80, [2606:4700:20::681a:dd5]:80, [2606:4700:20::ac43:4401]:80];3;488611230
"opensea.io";[104.18.16.184:80, 104.18.17.184:80];2;1279032604;[[2606:4700::6812:10b8]:80, [2606:4700::6812:11b8]:80];2;771653767
"ticketmaster.com";[151.101.2.87:80, 151.101.66.87:80, 151.101.130.87:80, 151.101.194.87:80];4;1097670472;[];0;0
"nyaa.si";[185.178.208.182:80];1;1312944559;[];0;0
"schwab.com";[162.93.215.103:80, 162.93.229.103:80];2;1804212144;[];0;0
"drudgereport.com";[104.22.4.207:80, 104.22.5.207:80, 172.67.12.140:80];3;1287760360;[[2606:4700:10::6816:4cf]:80, [2606:4700:10::6816:5cf]:80, [2606:4700:10::ac43:c8c]:80];3;515935561
"business.site";[216.239.32.29:80];1;1301502670;[];0;0
"ebrun.com";[129.226.102.194:80];1;1481014528;[];0;0
"onlinesbi.sbi";[103.68.221.190:80];1;3457901074;[[2405:a700:14:13b::148]:80];1;165082608
"walgreens.com";[23.1.99.98:80, 23.1.106.101:80, 184.31.3.98:80, 184.31.10.101:80];4;1304143789;[];0;0
"ameritrade.com";[198.200.171.204:80];1;2692668582;[];0;0
"cj.com";[159.127.40.163:80];1;2739360948;[];0;0
"rediff.com";[23.3.88.58:80, 23.3.88.65:80];2;732278226;[];0;0
"google.az";[142.251.36.164:80];1;1312952272;[];0;0
"huim.com";[120.55.248.182:80];1;3473478530;[];0;0
"spiegel.de";[];0;0;[];0;0
"filmix.ac";[];0;0;[];0;0
"dmm.com";[];0;0;[];0;0
"ibm.com";[104.86.51.14:80];1;1300196566;[[2a02:26f0:12d:59d::3831]:80, [2a02:26f0:12d:5a7::3831]:80];2;86026326
"docusign.com";[151.101.2.133:80];1;1311756265;[];0;0
"enimerotiko.gr";[136.243.34.164:80];1;1331906495;[];0;0
"olx.in";[204.74.99.100:80];1;1332769447;[];0;0
"oracle.com";[137.254.120.50:80];1;3501659843;[];0;0
"note.com";[99.84.144.37:80, 99.84.144.81:80, 99.84.144.95:80, 99.84.144.107:80];4;1369882361;[];0;0
"animeflv.net";[104.26.0.100:80, 104.26.1.100:80, 172.67.70.233:80];3;1314209511;[];0;0
"zhibo8.cc";[101.37.178.168:80];1;485205221;[];0;0
"realsrv.com";[];0;0;[];0;0
"europa.eu";[];0;0;[];0;0
"mayoclinic.org";[];0;0;[];0;0
"khanacademy.org";[];0;0;[];0;0
"delta.com";[204.74.99.103:80];1;1329567666;[];0;0
"yektanet.com";[];0;0;[];0;0
"slack.com";[];0;0;[];0;0
"sarkariresult.com";[104.18.18.133:80, 104.18.19.133:80];2;726744817;[[2606:4700::6812:1285]:80, [2606:4700::6812:1385]:80];2;1443341474
"shopify.com";[34.73.153.179:80];1;2389961730;[];0;0
"eksisozluk.com";[104.22.24.137:80, 104.22.25.137:80, 172.67.38.42:80];3;1388144778;[];0;0
"asos.com";[184.25.239.209:80, 184.25.239.218:80];2;726263994;[[2a02:26f0:300::5c7a:f541]:80, [2a02:26f0:300::5c7a:f549]:80];2;1443430743
"ionos.com";[74.208.255.134:80];1;1416284281;[];0;0
"kafan.cn";[];0;0;[];0;0
"ynet.com";[101.201.103.96:80];1;2564590366;[];0;0
"theepochtimes.com";[34.107.251.210:80];1;1305654064;[];0;0
"viicopy.com";[];0;0;[];0;0
"myworkdayjobs.com";[];0;0;[];0;0
"net-a-porter.com";[104.86.53.97:80];1;1293585987;[];0;0
"kayak.com";[151.101.1.29:80, 151.101.65.29:80, 151.101.129.29:80, 151.101.193.29:80];4;1268784182;[[2a04:4e42::285]:80, [2a04:4e42:200::285]:80, [2a04:4e42:400::285]:80, [2a04:4e42:600::285]:80];4;57957037
"ea.com";[104.85.251.60:80];1;1303202482;[];0;0
"mabanque.bnpparibas";[23.63.141.79:80];1;1293180967;[];0;0
"sputniknews.com";[];0;0;[];0;0
"mining.online";[];0;0;[];0;0
"kickstarter.com";[];0;0;[];0;0
"almaghreb24.com";[104.21.24.209:80, 172.67.220.205:80];2;1858166145;[];0;0
"uber.com";[34.98.127.226:80];1;1324969263;[];0;0
"rahavard365.com";[];0;0;[];0;0
"nairaland.com";[104.20.248.29:80, 104.20.249.29:80, 172.67.18.142:80];3;1664485640;[];0;0
"getpocket.com";[];0;0;[];0;0
"cloudinary.com";[];0;0;[];0;0
"khabarvarzeshi.com";[185.49.84.76:80];1;2605713578;[];0;0
"gotporn.com";[];0;0;[];0;0
"uptobox.com";[104.22.52.218:80, 104.22.53.218:80, 172.67.40.210:80];3;1387235623;[];0;0
"sears.com";[104.85.251.112:80];1;1303771244;[];0;0
"box.com";[185.235.236.201:80];1;1336700279;[];0;0
"lifo.gr";[168.119.45.52:80];1;1325158536;[];0;0
"storm.mg";[];0;0;[];0;0
"gov.ao";[];0;0;[];0;0
"google.ch";[];0;0;[];0;0
"goldcarpet.cn";[];0;0;[];0;0
"honeygain.com";[104.26.12.56:80, 104.26.13.56:80, 172.67.71.181:80];3;1248343700;[];0;0
"gtmetrix.com";[204.187.14.69:80];1;1387434787;[];0;0
"cima4u.ws";[104.26.10.177:80, 104.26.11.177:80, 172.67.71.248:80];3;1239155210;[[2606:4700:20::681a:ab1]:80, [2606:4700:20::681a:bb1]:80, [2606:4700:20::ac43:47f8]:80];3;88945539
"statcounter.com";[];0;0;[];0;0
"disqus.com";[151.101.0.134:80, 151.101.64.134:80, 151.101.128.134:80, 151.101.192.134:80];4;959619526;[];0;0
"thegatewaypundit.com";[];0;0;[];0;0
"twinrdsrv.com";[172.66.40.197:80, 172.66.43.59:80];2;1838710711;[[2606:4700:3108::ac42:28c5]:80, [2606:4700:3108::ac42:2b3b]:80];2;69336477
"jw.org";[23.210.111.245:80];1;1314567263;[];0;0
"brilio.net";[35.229.226.215:80, 104.199.214.191:80, 104.199.248.22:80];3;1874553556;[];0;0
"104.com.tw";[122.147.53.67:80];1;1461734310;[];0;0
"buffer.com";[104.16.140.52:80, 104.16.141.52:80];2;1897571784;[[2606:4700::6810:8c34]:80, [2606:4700::6810:8d34]:80];2;202497558
"amazon.com.br";[52.94.225.243:80, 54.239.26.87:80, 72.21.203.171:80];3;1380399412;[];0;0
"flashscore.com";[34.96.84.62:80];1;1323081383;[];0;0
"omgfin.com";[104.21.49.53:80, 172.67.159.10:80];2;1878704639;[[2606:4700:3034::ac43:9f0a]:80, [2606:4700:3035::6815:3135]:80];2;147922397
"visitbeijing.com.cn";[];0;0;[];0;0
"seznam.cz";[77.75.74.172:80, 77.75.74.176:80, 77.75.75.172:80, 77.75.75.176:80];4;1030160496;[[2a02:598:3333:1::1]:80, [2a02:598:3333:1::2]:80, [2a02:598:4444:1::1]:80, [2a02:598:4444:1::2]:80];4;443201949
"zalo.me";[49.213.114.149:80];1;505108468;[];0;0
"techradar.com";[199.232.194.114:80, 199.232.198.114:80];2;1924352612;[];0;0
"bancodevenezuela.com";[200.44.45.8:80];1;2713163681;[];0;0
"united.com";[2.17.185.182:80];1;1342891288;[];0;0
"soft98.ir";[79.127.127.35:80];1;2351008280;[];0;0
"seekingalpha.com";[151.101.2.2:80, 151.101.66.2:80, 151.101.130.2:80, 151.101.194.2:80];4;1325388854;[[2a04:4e42::514]:80, [2a04:4e42:200::514]:80, [2a04:4e42:400::514]:80, [2a04:4e42:600::514]:80];4;134231213
"live.net";[];0;0;[];0;0
"syf.com";[23.210.106.141:80];1;1321769853;[];0;0
"mydrivers.com";[123.206.6.193:80];1;3434491053;[];0;0
"tinkoff.ru";[178.248.236.218:80];1;1350754119;[];0;0
"emalls.ir";[5.144.131.174:80];1;2381118616;[];0;0
"hotels.com";[];0;0;[];0;0
"kohls.com";[104.108.144.115:80];1;1321208347;[[2a02:26f0:300:199::eaf]:80, [2a02:26f0:300:1a4::eaf]:80];2;1217498314
"mhlw.go.jp";[];0;0;[];0;0
"cimaclub.cc";[104.21.27.95:80, 172.67.142.35:80];2;1929543115;[[2606:4700:3031::6815:1b5f]:80, [2606:4700:3036::ac43:8e23]:80];2;711546651
"youku.com";[106.11.43.158:80];1;2518701057;[[2408:4001:f00::3a]:80, [2408:4001:f00::1af]:80, [2408:4001:f10::8]:80, [2408:4001:f10::fd]:80];4;958196293
"coinbase.com";[104.18.6.10:80, 104.18.7.10:80];2;1848410873;[[2606:4700::6812:60a]:80, [2606:4700::6812:70a]:80];2;87711517
"newegg.com";[104.108.144.232:80];1;1320580573;[];0;0
"hilton.com";[167.187.200.23:80];1;3383612403;[];0;0
"gap.com";[];0;0;[];0;0
"banggood.com";[148.153.55.244:80];1;3780421419;[];0;0
"files.wordpress.com";[];0;0;[];0;0
"nownews.com";[107.167.188.74:80];1;532669752;[];0;0
"rakuten-sec.co.jp";[124.215.210.14:80];1;525186545;[];0;0
"pchome.com.tw";[210.59.230.39:80];1;548653116;[];0;0
"asmag.com.cn";[];0;0;[];0;0
"szu.edu.cn";[210.39.4.1:80];1;3994371091;[];0;0
"gittigidiyor.com";[93.187.67.10:80];1;3323984553;[];0;0
"sozcu.com.tr";[34.77.181.136:80];1;1348719315;[];0;0
"autotrader.com";[98.175.77.200:80];1;3365765935;[];0;0
"topfo.com";[];0;0;[];0;0
"freevpn.win";[104.21.88.157:80, 172.67.185.200:80];2;1922627940;[[2606:4700:3033::ac43:b9c8]:80, [2606:4700:3036::6815:589d]:80];2;726453380
"blackboardcdn.com";[99.84.144.40:80, 99.84.144.65:80, 99.84.144.66:80, 99.84.144.109:80];4;1294852247;[];0;0
"wish.com";[50.18.203.48:80, 50.18.205.177:80, 52.9.30.11:80, 52.52.58.28:80, 54.153.26.200:80, 54.176.195.206:80, 54.183.206.149:80, 54.193.0.34:80];8;486337711;[[2600:1f1c:822:5e00:2302:579c:9a7f:d43f]:80, [2600:1f1c:822:5e00:9486:eb82:dbe7:587]:80, [2600:1f1c:822:5e00:c4b6:c6f5:fb7d:81d4]:80, [2600:1f1c:822:5e00:c959:3308:e645:7ff1]:80, [2600:1f1c:822:5e01:c56:ebb7:3f01:5466]:80, [2600:1f1c:822:5e01:dd9:4154:f8c6:7e62]:80, [2600:1f1c:822:5e01:6355:b9aa:c496:b8e6]:80, [2600:1f1c:822:5e01:6e75:853b:a2e:f45f]:80];8;365704793
"mofidonline.com";[109.94.166.12:80];1;3338646688;[];0;0
"betfury.io";[104.18.20.209:80, 104.18.21.209:80];2;1835916214;[[2606:4700::6812:14d1]:80, [2606:4700::6812:15d1]:80];2;69244742
"sunporno.com";[];0;0;[];0;0
"gmanetwork.com";[13.251.82.77:80];1;2539802536;[];0;0
"finviz.com";[104.22.0.49:80, 104.22.1.49:80, 172.67.9.110:80];3;1309086994;[[2606:4700:10::6816:31]:80, [2606:4700:10::6816:131]:80, [2606:4700:10::ac43:96e]:80];3;576365594
"edx.org";[99.84.144.24:80, 99.84.144.60:80, 99.84.144.64:80, 99.84.144.99:80];4;1086926975;[];0;0
"cvs.com";[72.246.100.137:80];1;1347051052;[];0;0
"livescore.com";[34.107.203.190:80];1;2265683848;[];0;0
"realestate.com.au";[184.25.115.209:80];1;2377037105;[[2a02:26f0:7100:29d::3413]:80, [2a02:26f0:7100:2bf::3413]:80];2;597932968
"editor.wix.com";[185.230.60.182:80];1;3368444145;[];0;0
"qatarairways.com";[78.100.59.147:80];1;3418935723;[];0;0
"list-manage.com";[205.201.132.96:80];1;1783322345;[];0;0
"alicdn.com";[115.238.23.240:80, 140.205.77.240:80];2;0;[];0;0
"msi.com";[52.89.164.39:80];1;2489904197;[];0;0
"ancestry.com";[45.60.63.104:80, 45.60.108.104:80];2;794667859;[];0;0
"mit.edu";[23.37.44.254:80];1;1346589096;[[2a02:26f0:e200:185::255e]:80, [2a02:26f0:e200:187::255e]:80];2;1393540021
"yxdown.com";[180.188.20.43:80];1;0;[];0;0
"agah.com";[185.37.53.210:80];1;3363097070;[];0;0
"bhaskar.com";[3.6.133.86:80, 35.154.14.139:80, 35.154.194.123:80];3;1680229764;[];0;0
"constantcontact.com";[208.75.122.14:80];1;3375783086;[];0;0
"championat.com";[81.19.86.0:80, 81.19.86.1:80, 81.19.86.2:80, 81.19.86.3:80, 81.19.86.4:80, 81.19.86.5:80];6;769290704;[];0;0
"springer.com";[195.128.8.134:80];1;3309313209;[];0;0
"vistaprint.com";[104.86.50.180:80];1;1337528542;[];0;0
"mufg.jp";[];0;0;[];0;0
"douyu.com";[163.171.128.148:80, 163.171.133.124:80];2;369054127;[];0;0
"txxx.com";[];0;0;[];0;0
"mi.com";[161.117.94.231:80, 161.117.97.92:80];2;977792185;[];0;0
"picoworkers.com";[104.26.8.117:80, 104.26.9.117:80, 172.67.70.192:80];3;1230417899;[[2606:4700:20::681a:875]:80, [2606:4700:20::681a:975]:80, [2606:4700:20::ac43:46c0]:80];3;152998848
"znds.com";[];0;0;[];0;0
"isna.ir";[185.143.233.3:80, 185.143.234.3:80];2;1893110426;[[2a0c:a7c0::128b:4cd1]:80, [2a0c:a7c0:1::128b:4cd1]:80];2;221377974
"totaltopposts.com";[139.45.197.176:80];1;2279515449;[];0;0
"milliyet.com.tr";[];0;0;[];0;0
"rotabol.com";[109.206.162.83:80];1;2246644816;[];0;0
"iau.ac.ir";[];0;0;[];0;0
"itmedia.co.jp";[52.199.41.33:80, 54.65.86.98:80];2;979879784;[];0;0
"gst.gov.in";[103.83.76.18:80];1;3432367120;[];0;0
"nexusmods.com";[104.22.2.55:80, 104.22.3.55:80, 172.67.15.252:80];3;1239729954;[];0;0
"kdslife.com";[];0;0;[];0;0
"theverge.com";[151.101.1.52:80, 151.101.65.52:80, 151.101.129.52:80, 151.101.193.52:80];4;1387517288;[];0;0
"fararu.com";[94.182.146.222:80];1;1479374806;[];0;0
"trulia.com";[99.84.144.16:80, 99.84.144.70:80, 99.84.144.107:80, 99.84.144.117:80];4;1418399505;[];0;0
"hh.ru";[94.124.200.0:80];1;1353593552;[];0;0
"rbc.ru";[80.68.253.13:80, 185.72.229.13:80];2;2013204787;[];0;0
"wattpad.com";[99.84.144.50:80, 99.84.144.58:80, 99.84.144.60:80, 99.84.144.101:80];4;1085849215;[];0;0
"indiatoday.in";[23.2.13.201:80, 23.2.13.225:80];2;1943429555;[];0;0
"elephantbet.co.ao";[216.137.37.10:80, 216.137.37.46:80, 216.137.37.91:80, 216.137.37.129:80];4;1391191824;[];0;0
"wangdaidongfang.com";[];0;0;[];0;0
"yinyuetai.com";[];0;0;[];0;0
"vseigru.net";[178.162.215.85:80];1;1343053109;[];0;0
"sporx.com";[35.210.142.220:80];1;1352426824;[];0;0
"nur.kz";[91.215.139.234:80, 91.215.139.235:80];2;763621450;[];0;0
"shopee.sg";[103.115.76.67:80];1;2487249179;[];0;0
"vecteezy.com";[54.80.25.205:80, 100.25.5.21:80];2;1357816312;[];0;0
"subscene.com";[104.27.206.92:80, 104.27.207.92:80];2;1942758266;[];0;0
"cengage.com";[69.32.208.75:80];1;3453723402;[];0;0
"axisbank.com";[23.196.241.38:80];1;1351372286;[[2a02:26f0:1700:783::117]:80, [2a02:26f0:1700:78f::117]:80];2;1399554927
"motherless.com";[185.107.81.233:80, 185.107.81.234:80];2;1960289549;[];0;0
"time.ir";[185.13.228.162:80];1;3363191271;[];0;0
"epfindia.gov.in";[164.100.160.96:80];1;2679267535;[];0;0
"gazeta.pl";[];0;0;[];0;0
"pnc.com";[104.117.201.42:80];1;1361485004;[];0;0
"tsichuan.com";[];0;0;[];0;0
"kinopoisk.ru";[87.250.251.105:80, 213.180.193.105:80];2;1230844430;[[2a02:6b8::2:105]:80];1;1310047949
"intel.com";[13.91.95.74:80];1;2475659110;[];0;0
"makemytrip.com";[3.33.210.219:80, 15.197.238.104:80];2;1924955090;[];0;0
"cafe24.com";[14.128.128.241:80];1;566248330;[];0;0
"zingnews.vn";[118.102.1.111:80];1;616298534;[];0;0
"readmanganato.com";[104.26.10.16:80, 104.26.11.16:80, 172.67.75.100:80];3;1285884486;[[2606:4700:20::681a:a10]:80, [2606:4700:20::681a:b10]:80, [2606:4700:20::ac43:4b64]:80];3;393425899
"odoo.com";[178.33.40.43:80];1;1350416682;[[2001:41d0:203:61d5::]:80];1;2543682374
"southwest.com";[];0;0;[];0;0
"download-adblock.com";[172.64.96.13:80, 172.64.97.13:80];2;1940356065;[[2606:4700:e0::ac40:600d]:80, [2606:4700:e0::ac40:610d]:80];2;261417369
"agacelebir.com";[139.45.197.238:80];1;1360201431;[];0;0
"scarlet-clicks.info";[104.21.80.8:80, 172.67.172.143:80];2;1941488534;[[2606:4700:3033::6815:5008]:80, [2606:4700:3034::ac43:ac8f]:80];2;260032890
"ajio.com";[116.50.83.240:80];1;3444590589;[];0;0
"perfectmoney.com";[93.115.95.83:80];1;1382374078;[];0;0
"shahed4u.onl";[104.21.46.237:80, 172.67.143.41:80];2;1303358658;[];0;0
"audible.com";[52.94.224.232:80, 54.239.29.73:80, 54.239.31.60:80];3;1382585821;[];0;0
"olymptrade.com";[185.104.210.32:80];1;1359121615;[];0;0
"kp.ru";[95.163.94.199:80, 95.163.94.239:80, 95.163.95.9:80, 95.163.95.29:80, 95.163.95.59:80, 95.163.95.109:80, 95.163.95.129:80, 95.163.95.149:80, 95.163.95.169:80];9;256309236;[];0;0
"tamildhool.net";[172.64.196.16:80, 172.64.197.16:80];2;1940158897;[[2606:4700:e6::ac40:c410]:80, [2606:4700:e6::ac40:c510]:80];2;570280527
"cracked.com";[];0;0;[];0;0
"zappos.com";[35.155.160.203:80, 35.163.241.93:80];2;908685823;[];0;0
"porntop.com";[104.21.14.97:80, 172.67.158.155:80];2;1952694825;[[2606:4700:3030::6815:e61]:80, [2606:4700:3031::ac43:9e9b]:80];2;586829644
"zee5.com";[3.6.97.109:80];1;3412555734;[];0;0
"chrono24.com";[104.17.217.13:80, 104.17.218.13:80];2;1253326402;[];0;0
"xbox.com";[13.77.161.179:80, 40.76.4.15:80, 40.112.72.205:80, 40.113.200.201:80, 104.215.148.63:80];5;1185310447;[];0;0
"asriran.com";[94.182.146.195:80];1;1772162770;[];0;0
"houzz.com";[151.101.0.93:80, 151.101.64.93:80, 151.101.128.93:80, 151.101.192.93:80];4;708728578;[];0;0
"kino-teatr.ru";[178.218.212.59:80];1;1386102740;[];0;0
"mehrnews.com";[185.143.233.102:80, 185.143.234.102:80];2;1386247393;[];0;0
"258.com";[117.25.149.206:80];1;531549184;[];0;0
"azure.com";[20.37.196.198:80, 20.43.132.131:80, 20.49.104.40:80, 20.50.2.51:80, 40.74.100.137:80, 40.112.243.51:80, 191.235.228.36:80];7;919154195;[];0;0
"xozilla.com";[31.220.24.117:80];1;1369164572;[[2a02:b4a:1:1::9507:1]:80];1;1381300730
"pixiv.net";[];0;0;[];0;0
"depositphotos.com";[135.84.52.6:80];1;1450858709;[];0;0
"gamer.com.tw";[104.16.181.30:80, 104.16.182.30:80];2;1893560534;[];0;0
"kinogo.biz";[];0;0;[];0;0
"gumtree.com";[91.195.49.249:80, 91.211.73.249:80];2;1944642411;[];0;0
"google.com.pe";[142.250.185.163:80];1;2333907311;[[2a00:1450:4016:80a::2003]:80];1;240094401
"eastmoney.com";[61.152.229.228:80];1;510076026;[];0;0
"gmw.cn";[];0;0;[];0;0
"maisonmargiela.com";[];0;0;[];0;0
"wired.com";[151.101.2.194:80, 151.101.66.194:80, 151.101.130.194:80, 151.101.194.194:80];4;1259369061;[];0;0
"surveymonkey.com";[99.84.144.36:80, 99.84.144.37:80, 99.84.144.87:80, 99.84.144.102:80];4;1353685143;[];0;0
"lyst.com";[34.240.209.40:80, 52.16.180.84:80, 54.76.240.185:80];3;1749969688;[];0;0
"faucetpay.io";[104.26.14.248:80, 104.26.15.248:80, 172.67.73.108:80];3;1406082297;[[2606:4700:20::681a:ef8]:80, [2606:4700:20::681a:ff8]:80, [2606:4700:20::ac43:496c]:80];3;93730357
"dafont.com";[];0;0;[];0;0
"myanimelist.net";[99.84.144.8:80, 99.84.144.46:80, 99.84.144.71:80, 99.84.144.92:80];4;1102703965;[];0;0
"jugantor.com";[104.22.12.40:80, 104.22.13.40:80, 172.67.14.228:80];3;1436123030;[];0;0
"aweber.com";[204.194.222.28:80];1;3413784068;[];0;0
"qoo10.jp";[35.213.108.43:80];1;547941389;[];0;0
"cfsbcn.com";[61.188.39.228:80];1;545810840;[];0;0
"wowhead.com";[99.84.144.5:80, 99.84.144.33:80, 99.84.144.78:80, 99.84.144.112:80];4;1102638972;[];0;0
"dogeminingpaid.com";[185.186.53.195:80];1;466679902;[];0;0
"t-mobile.com";[45.60.11.176:80];1;2454691216;[];0;0
"mega.nz";[66.203.127.18:80];1;1375049745;[[2a0b:e40:3::18]:80];1;2409559455
"xmnn.cn";[203.107.42.43:80];1;536205730;[];0;0
"visualstudio.com";[];0;0;[];0;0
"popads.net";[216.21.13.12:80, 216.21.13.13:80];2;2007790206;[];0;0
"dior.com";[184.25.239.129:80, 184.25.239.176:80];2;1938517314;[];0;0
"leetcode.com";[104.26.8.101:80, 104.26.9.101:80, 172.67.72.213:80];3;1366990838;[[2606:4700:20::681a:865]:80, [2606:4700:20::681a:965]:80, [2606:4700:20::ac43:48d5]:80];3;513555600
"kinogo.la";[104.21.85.181:80, 172.67.208.225:80];2;1737541728;[[2606:4700:3035::ac43:d0e1]:80, [2606:4700:3037::6815:55b5]:80];2;12572965
"upbit.com";[104.17.185.185:80, 104.17.186.185:80];2;1361234784;[];0;0
"u.gg";[3.120.52.29:80, 3.120.105.74:80, 52.57.164.210:80];3;933861554;[];0;0
"urbandictionary.com";[151.101.0.207:80, 151.101.64.207:80, 151.101.128.207:80, 151.101.192.207:80];4;1301867018;[[2a04:4e42::207]:80, [2a04:4e42:200::207]:80, [2a04:4e42:400::207]:80, [2a04:4e42:600::207]:80, [2a04:4e42:800::207]:80, [2a04:4e42:a00::207]:80, [2a04:4e42:c00::207]:80, [2a04:4e42:e00::207]:80];8;97685208
"elsevier.com";[43.245.43.18:80];1;1593306461;[];0;0
"pinterest.jp";[151.101.0.84:80, 151.101.64.84:80, 151.101.128.84:80, 151.101.192.84:80];4;1034482077;[];0;0
"manyvids.com";[99.84.144.16:80, 99.84.144.33:80, 99.84.144.76:80, 99.84.144.96:80];4;889771031;[];0;0
"techgeek.digital";[104.26.6.109:80, 104.26.7.109:80, 172.67.68.142:80];3;1355374813;[[2606:4700:20::681a:66d]:80, [2606:4700:20::681a:76d]:80, [2606:4700:20::ac43:448e]:80];3;483812279
"5acbd.com";[119.37.199.219:80];1;3548757008;[];0;0
"americanas.com.br";[3.85.179.206:80, 34.206.205.158:80, 54.235.94.62:80];3;955940271;[];0;0
"otomoto.pl";[75.2.8.141:80];1;1361998108;[];0;0
"skippyads.com";[];0;0;[[2606:4700:20::681a:8c1]:80, [2606:4700:20::681a:9c1]:80, [2606:4700:20::ac43:4bb2]:80];3;1307832162
