"google.com";[142.250.184.238:80];1;5954253;[[2a00:1450:4001:801::200e]:80];1;3986224
"youtube.com";[142.250.185.206:80];1;3123940;[[2a00:1450:4001:812::200e]:80];1;2289183
"tmall.com";[140.205.94.193:80, 140.205.130.99:80];2;202868107;[];0;0
"qq.com";[61.129.7.47:80, 123.151.137.18:80, 183.3.226.35:80, 203.205.254.157:80];4;189435229;[];0;0
"baidu.com";[220.181.38.148:80, 220.181.38.251:80];2;158058632;[];0;0
"sohu.com";[211.159.191.77:80];1;171724087;[];0;0
"facebook.com";[157.240.20.35:80];1;1538003;[[2a03:2880:f11c:8183:face:b00c:0:25de]:80];1;1672528
"taobao.com";[140.205.94.189:80, 140.205.220.96:80];2;205583687;[];0;0
"360.cn";[36.99.170.84:80, 36.110.213.10:80];2;163480890;[];0;0
"jd.com";[111.13.149.108:80, 118.193.98.63:80, 211.144.24.218:80, 211.144.27.126:80];4;263266170;[];0;0
"amazon.com";[54.239.28.85:80, 176.32.103.205:80, 205.251.242.103:80];3;89257514;[];0;0
"yahoo.com";[74.6.143.25:80, 74.6.143.26:80, 74.6.231.20:80, 74.6.231.21:80, 98.137.11.163:80, 98.137.11.164:80];6;126835998;[[2001:4998:24:120d::1:0]:80, [2001:4998:24:120d::1:1]:80, [2001:4998:44:3507::8000]:80, [2001:4998:44:3507::8001]:80, [2001:4998:124:1507::f000]:80, [2001:4998:124:1507::f001]:80];6;126335572
"weibo.com";[36.51.254.228:80, 36.51.254.229:80];2;196257710;[];0;0
"sina.com.cn";[49.7.37.133:80, 123.125.104.150:80, 123.126.45.205:80];3;264464210;[];0;0
"wikipedia.org";[91.198.174.192:80];1;7797813;[[2620:0:862:ed1a::1]:80];1;9002059
"xinhuanet.com";[202.108.119.193:80, 202.108.119.194:80];2;246945166;[];0;0
"netflix.com";[18.200.8.190:80, 54.73.148.110:80, 54.155.246.232:80];3;27444657;[[2a05:d018:76c:b683:a2cd:4240:8669:6d4]:80, [2a05:d018:76c:b684:8ab7:ac02:667b:e863]:80, [2a05:d018:76c:b685:e8ab:afd3:af51:3aed]:80];3;27981350
"reddit.com";[151.101.1.140:80, 151.101.65.140:80, 151.101.129.140:80, 151.101.193.140:80];4;1006576;[];0;0
"live.com";[204.79.197.212:80];1;1328461;[];0;0
"instagram.com";[31.13.71.174:80];1;86212296;[[2a03:2880:f211:e5:face:b00c:0:4420]:80];1;105548643
"bing.com";[13.107.21.200:80, 204.79.197.200:80];2;1729321;[[2620:1ec:c11::200]:80];1;2747187
"alipay.com";[110.75.129.5:80, 110.75.139.5:80];2;216091757;[];0;0
"google.com.hk";[142.250.185.227:80];1;1171903;[[2a00:1450:4001:80e::2003]:80];1;1047361
"panda.tv";[185.199.111.153:80];1;471842;[];0;0
"zhanqi.tv";[112.124.44.92:80];1;216494073;[];0;0
"vk.com";[87.240.137.158:80, 87.240.139.194:80, 87.240.190.67:80, 87.240.190.72:80, 87.240.190.78:80, 93.186.225.208:80];6;49062319;[];0;0
"canva.com";[104.17.114.17:80, 104.17.115.17:80];2;1055635;[[2606:4700::6811:7211]:80, [2606:4700::6811:7311]:80];2;1141303
"zoom.us";[52.202.62.232:80];1;89389322;[];0;0
"csdn.net";[39.106.226.142:80];1;163977254;[];0;0
"microsoft.com";[13.77.161.179:80, 40.76.4.15:80, 40.112.72.205:80, 40.113.200.201:80, 104.215.148.63:80];5;113031863;[];0;0
"yahoo.co.jp";[182.22.16.251:80, 182.22.25.124:80, 182.22.28.252:80, 183.79.217.124:80, 183.79.219.252:80, 183.79.250.123:80, 183.79.250.251:80];7;252494274;[];0;0
"myshopify.com";[23.227.38.32:80];1;786336;[];0;0
"twitch.tv";[151.101.2.167:80, 151.101.66.167:80, 151.101.130.167:80, 151.101.194.167:80];4;1231034;[];0;0
"bongacams.com";[195.85.23.88:80, 195.85.23.89:80];2;1049681;[];0;0
"tianya.cn";[124.225.206.22:80];1;208765289;[];0;0
"twitter.com";[104.244.42.1:80, 104.244.42.129:80];2;17732967;[];0;0
"aparat.com";[185.147.178.11:80, 185.147.178.12:80, 185.147.178.13:80, 185.147.178.14:80];4;16461851;[];0;0
"okezone.com";[104.22.48.68:80, 104.22.49.68:80, 172.67.41.152:80];3;1414499;[[2606:4700:10::6816:3044]:80, [2606:4700:10::6816:3144]:80, [2606:4700:10::ac43:2998]:80];3;2714393
"office.com";[13.107.6.156:80];1;7215871;[[2620:1ec:a92::156]:80];1;9970877
"naver.com";[125.209.222.141:80, 125.209.222.142:80, 223.130.195.95:80, 223.130.195.200:80];4;232295259;[];0;0
"amazon.in";[52.95.116.115:80, 52.95.120.67:80, 54.239.33.92:80];3;25079786;[];0;0
"ebay.com";[64.4.253.77:80, 66.211.172.37:80, 66.211.175.229:80, 209.140.148.143:80, 216.113.179.53:80, 216.113.181.253:80];6;146888909;[];0;0
"amazon.co.jp";[52.119.161.5:80, 52.119.164.121:80, 52.119.168.48:80];3;144423761;[];0;0
"aliexpress.com";[47.254.177.101:80];1;2530552;[];0;0
"so.com";[104.192.110.226:80];1;154419321;[];0;0
"chaturbate.com";[104.18.100.40:80, 104.18.101.40:80];2;1217833;[[2606:4700::6812:6428]:80, [2606:4700::6812:6528]:80];2;2033216
"apple.com";[17.253.144.10:80];1;1701736;[];0;0
"yandex.ru";[5.255.255.60:80, 5.255.255.70:80, 77.88.55.66:80, 77.88.55.70:80];4;37980705;[[2a02:6b8:a::a]:80];1;40493348
"huanqiu.com";[49.51.65.59:80];1;154755572;[];0;0
"yy.com";[14.17.109.66:80, 103.227.121.100:80, 120.195.158.46:80, 163.177.156.228:80, 183.240.168.210:80, 221.228.79.225:80];6;252355344;[];0;0
"adobe.com";[23.213.161.27:80, 23.213.161.30:80];2;2662978;[[2a02:26f0:ab00::b819:32b2]:80, [2a02:26f0:ab00::b819:32b3]:80];2;3106076
"coinmarketcap.com";[104.17.137.178:80, 104.17.138.178:80, 104.17.139.178:80, 104.17.140.178:80, 104.17.141.178:80];5;2870760;[];0;0
"linkedin.com";[13.107.42.14:80];1;2605845;[[2620:1ec:21::14]:80];1;3161462
"microsoftonline.com";[];0;0;[];0;0
"msn.com";[13.82.28.61:80];1;88558625;[];0;0
"ok.ru";[5.61.23.11:80, 217.20.147.1:80, 217.20.155.13:80];3;40956519;[];0;0
"17ok.com";[120.133.17.148:80];1;0;[];0;0
"whatsapp.com";[157.240.20.52:80];1;2567980;[[2a03:2880:f21c:81c5:face:b00c:0:167]:80];1;2341528
"wordpress.com";[192.0.78.9:80, 192.0.78.17:80];2;2536518;[];0;0
"mail.ru";[94.100.180.200:80, 94.100.180.201:80, 217.69.139.200:80, 217.69.139.202:80];4;42439098;[[2a00:1148:db00:0:b0b0::1]:80];1;43265372
"xvideos.com";[185.88.181.2:80, 185.88.181.3:80, 185.88.181.4:80, 185.88.181.5:80, 185.88.181.6:80, 185.88.181.7:80, 185.88.181.8:80, 185.88.181.9:80, 185.88.181.10:80, 185.88.181.11:80];10;9633908;[];0;0
"google.co.in";[142.250.186.163:80];1;2052447;[[2a00:1450:4001:800::2003]:80];1;2225699
"imdb.com";[52.94.225.248:80, 52.94.228.167:80, 52.94.237.74:80];3;89723901;[];0;0
"xhamster.com";[104.18.155.3:80, 104.18.156.3:80];2;1907334;[[2606:4700::6812:9b03]:80, [2606:4700::6812:9c03]:80];2;2476158
"pornhub.com";[66.254.114.41:80];1;1503978;[];0;0
"tiktok.com";[103.136.220.180:80, 103.136.220.181:80, 103.136.221.164:80, 103.136.221.168:80];4;246113177;[];0;0
"etsy.com";[151.101.1.224:80, 151.101.65.224:80, 151.101.129.224:80, 151.101.193.224:80];4;2304242;[];0;0
"rakuten.co.jp";[133.237.16.234:80];1;237544070;[];0;0
"indeed.com";[169.45.207.200:80];1;87372375;[];0;0
"tradingview.com";[35.83.127.50:80];1;146978075;[];0;0
"google.com.br";[142.250.184.227:80];1;2666473;[[2a00:1450:4001:80f::2003]:80];1;2570073
"alibaba.com";[47.246.136.141:80, 47.246.137.183:80];2;90404830;[];0;0
"chase.com";[159.53.42.11:80, 159.53.44.60:80, 159.53.84.126:80, 159.53.85.137:80, 159.53.113.168:80, 159.53.116.62:80, 159.53.224.21:80];7;105101319;[];0;0
"spotify.com";[35.186.224.25:80];1;1760038;[[2600:1901:1:c36::]:80];1;2689582
"booking.com";[5.57.16.220:80];1;15835347;[];0;0
"pikiran-rakyat.com";[18.66.112.17:80, 18.66.112.28:80, 18.66.112.33:80, 18.66.112.62:80];4;2137469;[[2600:9000:223f:1000:6:62af:7d80:93a1]:80, [2600:9000:223f:5800:6:62af:7d80:93a1]:80, [2600:9000:223f:5c00:6:62af:7d80:93a1]:80, [2600:9000:223f:6e00:6:62af:7d80:93a1]:80, [2600:9000:223f:ae00:6:62af:7d80:93a1]:80, [2600:9000:223f:b000:6:62af:7d80:93a1]:80, [2600:9000:223f:b400:6:62af:7d80:93a1]:80, [2600:9000:223f:c200:6:62af:7d80:93a1]:80];8;4195328
"tribunnews.com";[143.204.98.17:80, 143.204.98.36:80, 143.204.98.38:80, 143.204.98.106:80];4;1980107;[];0;0
"espn.com";[52.222.214.5:80, 52.222.214.32:80, 52.222.214.54:80, 52.222.214.72:80];4;2124302;[[2600:9000:223d:600:d:ac18:e2c0:93a1]:80, [2600:9000:223d:4600:d:ac18:e2c0:93a1]:80, [2600:9000:223d:4a00:d:ac18:e2c0:93a1]:80, [2600:9000:223d:5c00:d:ac18:e2c0:93a1]:80, [2600:9000:223d:7200:d:ac18:e2c0:93a1]:80, [2600:9000:223d:8800:d:ac18:e2c0:93a1]:80, [2600:9000:223d:c200:d:ac18:e2c0:93a1]:80, [2600:9000:223d:c800:d:ac18:e2c0:93a1]:80];8;3945339
"paypal.com";[64.4.250.36:80, 64.4.250.37:80];2;19097050;[];0;0
"livejasmin.com";[109.71.161.200:80];1;5868627;[];0;0
"fandom.com";[151.101.0.194:80, 151.101.64.194:80, 151.101.128.194:80, 151.101.192.194:80];4;2759373;[];0;0
"haosou.com";[104.192.110.226:80];1;152033724;[];0;0
"roblox.com";[128.116.123.3:80];1;2354620;[];0;0
"flipkart.com";[163.53.76.86:80];1;122100082;[];0;0
"dropbox.com";[162.125.248.18:80];1;2703817;[[2620:100:6040:18::a27d:f812]:80];1;10351372
"google.de";[172.217.16.131:80];1;1763766;[[2a00:1450:4001:82f::2003]:80];1;2200244
"google.co.jp";[142.250.186.35:80];1;2114378;[[2a00:1450:4001:800::2003]:80];1;2457060
"hao123.com";[39.156.68.154:80, 110.242.69.86:80, 124.237.176.248:80];3;249228037;[];0;0
"walmart.com";[161.170.230.170:80, 161.170.232.170:80];2;124168296;[];0;0
"cnblogs.com";[121.40.43.188:80];1;200429986;[];0;0
"telegram.org";[149.154.167.99:80];1;8335469;[[2001:67c:4e8:1033:1:100:0:a]:80, [2001:67c:4e8:1033:2:100:0:a]:80, [2001:67c:4e8:1033:4:100:0:a]:80, [2001:67c:4e8:1033:5:100:0:a]:80];4;10974906
"1688.com";[42.156.140.12:80, 140.205.174.2:80];2;212084953;[];0;0
"github.com";[140.82.121.4:80];1;1988382;[];0;0
"savefrom.net";[95.216.227.160:80];1;27554208;[];0;0
"zoho.com";[204.141.42.155:80];1;143973915;[];0;0
"ettoday.net";[219.85.79.131:80];1;265996258;[];0;0
"bbc.com";[151.101.0.81:80, 151.101.64.81:80, 151.101.128.81:80, 151.101.192.81:80];4;3146095;[[2a04:4e42::81]:80, [2a04:4e42:200::81]:80, [2a04:4e42:400::81]:80, [2a04:4e42:600::81]:80];4;4264225
"udemy.com";[104.16.65.85:80, 104.16.66.85:80];2;2459847;[[2606:4700::6810:4155]:80, [2606:4700::6810:4255]:80];2;3782690
"instructure.com";[54.165.95.219:80, 54.191.191.127:80];2;115139543;[];0;0
"stackoverflow.com";[151.101.1.69:80, 151.101.65.69:80, 151.101.129.69:80, 151.101.193.69:80];4;3007969;[];0;0
"163.com";[123.58.180.7:80, 123.58.180.8:80];2;0;[];0;0
"primevideo.com";[18.66.97.41:80, 18.66.97.97:80, 18.66.97.121:80, 18.66.97.123:80];4;3133202;[];0;0
"babytree.com";[60.205.255.187:80];1;154182622;[[2408:4000:300::ee]:80];1;238155387
"amazon.co.uk";[54.239.33.58:80, 54.239.34.171:80, 178.236.7.220:80];3;25758932;[];0;0
"google.ru";[142.250.181.227:80];1;2230344;[[2a00:1450:4001:80e::2003]:80];1;2556028
"google.it";[172.217.18.99:80];1;3646179;[[2a00:1450:4001:829::2003]:80];1;2657742
"pinterest.com";[151.101.0.84:80, 151.101.64.84:80, 151.101.128.84:80, 151.101.192.84:80];4;3911046;[];0;0
"godaddy.com";[208.109.192.70:80];1;143816113;[];0;0
"kompas.com";[52.76.9.57:80, 52.220.212.34:80];2;160458965;[];0;0
"digikala.com";[185.188.104.10:80];1;77626979;[];0;0
"rednet.cn";[112.53.1.229:80, 121.14.78.67:80];2;216868883;[];0;0
"6.cn";[59.149.248.110:80];1;189298368;[];0;0
"imgur.com";[151.101.60.193:80];1;14397425;[];0;0
"amazonaws.com";[72.21.206.80:80, 72.21.210.29:80, 207.171.166.22:80];3;90527262;[];0;0
"tumblr.com";[74.114.154.17:80, 74.114.154.21:80];2;96755765;[];0;0
"t.me";[149.154.167.99:80];1;9059852;[[2001:67c:4e8:1033:3:100:0:a]:80, [2001:67c:4e8:1033:4:100:0:a]:80, [2001:67c:4e8:1033:5:100:0:a]:80];3;12663970
"gome.com.cn";[115.182.14.162:80];1;259343139;[];0;0
"cnn.com";[151.101.1.67:80, 151.101.65.67:80, 151.101.129.67:80, 151.101.193.67:80];4;3330211;[[2a04:4e42::323]:80, [2a04:4e42:200::323]:80, [2a04:4e42:400::323]:80, [2a04:4e42:600::323]:80];4;3875077
"onlinesbi.com";[103.68.221.190:80];1;279076976;[[2405:a700:14:13b::148]:80];1;173880427
"ilovepdf.com";[104.20.0.94:80, 104.20.1.94:80];2;2718749;[[2606:4700:10::6814:5e]:80, [2606:4700:10::6814:15e]:80];2;3868215
"nytimes.com";[151.101.1.164:80, 151.101.65.164:80, 151.101.129.164:80, 151.101.193.164:80];4;3358182;[];0;0
"force.com";[23.1.35.132:80, 23.1.99.130:80, 23.1.106.133:80, 104.109.10.129:80, 104.109.11.129:80, 184.25.179.132:80, 184.31.3.130:80, 184.31.10.133:80];8;139370032;[];0;0
"zillow.com";[13.32.99.6:80, 13.32.99.53:80, 13.32.99.66:80, 13.32.99.100:80];4;3197566;[];0;0
"grammarly.com";[3.229.229.229:80, 34.227.156.134:80, 100.26.88.168:80];3;89910171;[];0;0
"google.es";[142.250.74.195:80];1;3180679;[[2a00:1450:4001:812::2003]:80];1;3878967
"google.com.sg";[142.250.185.67:80];1;2608643;[[2a00:1450:4001:801::2003]:80];1;3754381
"detik.com";[103.49.221.211:80, 203.190.242.211:80];2;190368267;[];0;0
"soundcloud.com";[143.204.207.10:80, 143.204.207.32:80, 143.204.207.60:80, 143.204.207.125:80];4;4314610;[];0;0
"coingecko.com";[104.18.4.127:80, 104.18.5.127:80];2;3195935;[[2606:4700::6812:47f]:80, [2606:4700::6812:57f]:80];2;4289358
"stackexchange.com";[151.101.1.69:80, 151.101.65.69:80, 151.101.129.69:80, 151.101.193.69:80];4;3405712;[];0;0
"amazon.de";[52.95.120.34:80, 54.239.39.102:80, 176.32.108.185:80];3;26011455;[];0;0
"nih.gov";[54.235.145.223:80];1;90197173;[];0;0
"archive.org";[207.241.224.2:80];1;150244434;[];0;0
"daum.net";[203.133.167.16:80, 203.133.167.81:80, 211.231.99.17:80, 211.231.99.80:80];4;263755415;[];0;0
"shutterstock.com";[75.2.58.105:80, 99.83.219.164:80];2;3136752;[];0;0
"jiameng.com";[127.0.0.1:80];1;0;[];0;0
"bestbuy.com";[2.16.208.227:80];1;10608335;[];0;0
"salesforce.com";[23.1.35.132:80, 23.1.99.130:80, 23.1.106.133:80, 104.109.10.129:80, 104.109.11.129:80, 184.25.179.132:80, 184.31.3.130:80, 184.31.10.133:80];8;139070631;[];0;0
"w3schools.com";[13.248.240.135:80, 76.223.115.82:80];2;3076767;[];0;0
"google.fr";[142.250.186.67:80];1;4097272;[[2a00:1450:4001:809::2003]:80];1;4632151
"bilibili.com";[110.43.34.66:80, 119.3.70.188:80, 119.3.238.64:80, 120.92.78.97:80, 120.92.174.135:80, 139.159.241.37:80];6;248750583;[];0;0
"pixnet.net";[103.23.108.107:80];1;236860941;[];0;0
"metropoles.com";[104.18.24.118:80, 104.18.25.118:80];2;4244753;[[2606:4700::6812:1876]:80, [2606:4700::6812:1976]:80];2;3817473
"aliyun.com";[106.11.172.9:80, 106.11.172.51:80, 106.11.172.56:80, 106.11.248.144:80, 106.11.248.146:80, 106.11.249.99:80, 106.11.253.83:80, 106.11.253.86:80, 140.205.60.46:80, 140.205.135.3:80];10;210428553;[[2401:b180:1:50::f]:80, [2401:b180:1:60::6]:80];2;256210200
"speedtest.net";[151.101.2.219:80, 151.101.66.219:80, 151.101.130.219:80, 151.101.194.219:80];4;3976766;[[2a04:4e42::731]:80, [2a04:4e42:200::731]:80, [2a04:4e42:400::731]:80, [2a04:4e42:600::731]:80];4;4908992
"xnxx.com";[185.88.181.53:80, 185.88.181.54:80, 185.88.181.55:80, 185.88.181.56:80, 185.88.181.57:80, 185.88.181.58:80, 185.88.181.59:80, 185.88.181.60:80];8;9546675;[];0;0
"pixabay.com";[104.18.20.183:80, 104.18.21.183:80];2;4250047;[[2606:4700::6812:14b7]:80, [2606:4700::6812:15b7]:80];2;4240423
"bitly.com";[67.199.248.14:80, 67.199.248.15:80];2;4247882;[];0;0
"envato.com";[104.18.252.82:80, 104.18.253.82:80];2;4279711;[];0;0
"zhihu.com";[103.41.167.234:80];1;252252610;[];0;0
"google.co.uk";[142.250.186.99:80];1;3567779;[[2a00:1450:4001:829::2003]:80];1;5034283
"varzesh3.com";[94.182.163.51:80, 94.182.163.52:80];2;85006309;[];0;0
"wetransfer.com";[52.49.104.71:80, 52.208.26.141:80, 54.194.101.87:80];3;27757822;[];0;0
"amazon.ca";[52.94.225.242:80, 54.239.18.172:80, 54.239.19.238:80];3;90984187;[];0;0
"grid.id";[18.141.78.84:80, 52.74.157.7:80];2;161620424;[];0;0
"kumparan.com";[104.18.129.231:80, 104.18.130.231:80];2;4192145;[[2606:4700::6812:81e7]:80, [2606:4700::6812:82e7]:80];2;3975113
"tistory.com";[121.53.105.234:80];1;267385207;[];0;0
"bbc.co.uk";[151.101.0.81:80, 151.101.64.81:80, 151.101.128.81:80, 151.101.192.81:80];4;4134276;[[2a04:4e42::81]:80, [2a04:4e42:200::81]:80, [2a04:4e42:400::81]:80, [2a04:4e42:600::81]:80];4;4546001
"wellsfargo.com";[159.45.2.143:80, 159.45.66.143:80];2;107867222;[];0;0
"disneyplus.com";[34.218.145.143:80, 54.71.61.241:80, 54.218.188.255:80];3;148023032;[];0;0
"hulu.com";[23.217.250.252:80];1;12421077;[];0;0
"indiatimes.com";[95.101.44.69:80];1;3925741;[[2a02:26f0:1700:788::3621]:80, [2a02:26f0:1700:78c::3621]:80];2;4806817
"ikea.com";[104.117.218.67:80];1;3918495;[[2a02:26f0:2b00:39d::2eb6]:80, [2a02:26f0:2b00:3af::2eb6]:80, [2a02:26f0:2b00:3b7::2eb6]:80];3;12351665
"wix.com";[185.230.63.164:80];1;28138619;[];0;0
"homedepot.com";[35.201.95.83:80];1;4213208;[];0;0
"bet365.com";[5.226.176.16:80];1;22248961;[];0;0
"vimeo.com";[151.101.0.217:80, 151.101.64.217:80, 151.101.128.217:80, 151.101.192.217:80];4;4065228;[];0;0
"google.com.tw";[142.250.186.99:80];1;4421541;[[2a00:1450:4001:829::2003]:80];1;4029466
"intuit.com";[104.111.239.94:80];1;4131784;[];0;0
"mediafire.com";[104.16.202.237:80, 104.16.203.237:80];2;5301474;[];0;0
"bet9ja.com";[185.179.62.2:80];1;17272605;[];0;0
"chess.com";[34.117.44.137:80];1;5525640;[];0;0
"51.la";[183.131.207.66:80];1;225517855;[];0;0
"sogou.com";[118.191.216.57:80, 119.28.109.132:80];2;226514577;[];0;0
"lazada.sg";[47.89.75.205:80, 47.89.75.209:80, 47.89.88.80:80, 47.89.88.84:80];4;238922909;[];0;0
"hdfcbank.com";[104.16.107.25:80, 104.16.108.25:80];2;4661992;[[2606:4700::6810:6b19]:80, [2606:4700::6810:6c19]:80];2;3462476
"videocampaign.co";[138.128.241.162:80];1;85520444;[];0;0
"craigslist.org";[208.82.237.129:80];1;90049225;[];0;0
"mozilla.org";[44.235.246.155:80, 44.236.48.31:80, 44.236.72.93:80];3;146736000;[];0;0
"ebay.de";[64.4.253.29:80, 64.4.253.77:80, 66.211.172.37:80, 66.211.175.229:80, 209.140.148.143:80, 216.113.179.53:80, 216.113.181.253:80];7;144092343;[];0;0
"healthline.com";[65.9.71.40:80, 65.9.71.44:80, 65.9.71.73:80, 65.9.71.112:80];4;4095534;[];0;0
"suara.com";[143.204.98.3:80, 143.204.98.52:80, 143.204.98.55:80, 143.204.98.85:80];4;3918821;[];0;0
"theguardian.com";[151.101.1.111:80, 151.101.65.111:80, 151.101.129.111:80, 151.101.193.111:80];4;4327966;[];0;0
"momoshop.com.tw";[219.87.9.143:80];1;225574944;[];0;0
"mercari.com";[18.66.122.5:80, 18.66.122.52:80, 18.66.122.106:80, 18.66.122.111:80];4;3868482;[];0;0
"avito.ru";[146.158.52.21:80, 146.158.52.22:80, 146.158.52.23:80, 146.158.52.24:80, 146.158.54.21:80, 146.158.54.22:80, 146.158.54.23:80, 146.158.54.24:80];8;22496517;[];0;0
"duckduckgo.com";[40.114.177.156:80];1;11897684;[];0;0
"fiverr.com";[104.16.154.71:80, 104.18.254.23:80];2;5267368;[];0;0
"capitalone.com";[204.63.40.34:80, 204.63.41.34:80];2;122762438;[];0;0
"cnet.com";[34.95.96.50:80];1;5573905;[];0;0
"cricbuzz.com";[35.200.167.142:80];1;136578566;[];0;0
"trendyol.com";[104.17.133.16:80, 104.17.134.16:80];2;5066471;[];0;0
"line.me";[203.104.138.138:80];1;234731828;[];0;0
"farfetch.com";[104.108.99.163:80];1;88514144;[];0;0
"usps.com";[56.0.134.100:80];1;112428027;[];0;0
"soso.com";[118.191.216.57:80, 119.28.109.132:80];2;229514740;[];0;0
"americanexpress.com";[88.221.206.182:80];1;32360392;[];0;0
"telewebion.com";[188.0.241.27:80, 188.0.241.28:80];2;83669079;[];0;0
"washingtonpost.com";[23.79.130.154:80];1;5469393;[];0;0
"bscscan.com";[104.26.12.158:80, 104.26.13.158:80, 172.67.72.93:80];3;4106597;[[2606:4700:20::681a:c9e]:80, [2606:4700:20::681a:d9e]:80, [2606:4700:20::ac43:485d]:80];3;4605478
"ltn.com.tw";[218.211.33.75:80];1;235297155;[];0;0
"google.ca";[142.250.185.163:80];1;5853836;[[2a00:1450:4001:808::2003]:80];1;4995094
"hotstar.com";[18.66.97.12:80, 18.66.97.59:80, 18.66.97.61:80, 18.66.97.62:80];4;4319607;[];0;0
"steamcommunity.com";[92.122.104.90:80];1;4691410;[];0;0
"smallpdf.com";[52.222.208.66:80];1;4643138;[];0;0
"deepl.com";[172.65.196.44:80];1;5192606;[];0;0
"t.co";[104.244.42.5:80, 104.244.42.69:80, 104.244.42.133:80, 104.244.42.197:80];4;18685214;[];0;0
"spankbang.com";[104.19.136.100:80, 104.19.137.100:80];2;5168246;[[2606:4700:1::6813:8864]:80, [2606:4700:1::6813:8964]:80];2;12299440
"coursera.org";[143.204.207.7:80, 143.204.207.51:80, 143.204.207.67:80, 143.204.207.85:80];4;5106184;[];0;0
"youm7.com";[104.18.6.4:80, 104.18.7.4:80];2;4675867;[[2606:4700::6812:604]:80, [2606:4700::6812:704]:80];2;4773986
"google.com.tr";[142.250.186.163:80];1;5523543;[[2a00:1450:4001:831::2003]:80];1;4509814
"hostinger.com";[104.18.113.100:80, 104.18.114.100:80];2;4833422;[[2606:4700::6812:7164]:80, [2606:4700::6812:7264]:80];2;4533787
"target.com";[151.101.2.187:80, 151.101.66.187:80, 151.101.130.187:80, 151.101.194.187:80];4;4108274;[];0;0
"forbes.com";[151.101.2.49:80, 151.101.66.49:80, 151.101.130.49:80, 151.101.194.49:80];4;3986487;[];0;0
"google.com.mx";[172.217.23.99:80];1;5839849;[[2a00:1450:4001:828::2003]:80];1;4489879
"redd.it";[151.101.1.140:80, 151.101.65.140:80, 151.101.129.140:80, 151.101.193.140:80];4;4086661;[];0;0
"icicibank.com";[203.27.235.25:80];1;134850673;[[2001:df0:2fd:1::1]:80];1;129586123
"researchgate.net";[104.17.32.105:80, 104.17.33.105:80];2;5010661;[];0;0
"wikihow.com";[151.101.2.137:80, 151.101.66.137:80, 151.101.130.137:80, 151.101.194.137:80];4;4929734;[[2a04:4e42::649]:80, [2a04:4e42:200::649]:80, [2a04:4e42:400::649]:80, [2a04:4e42:600::649]:80, [2a04:4e42:800::649]:80, [2a04:4e42:a00::649]:80, [2a04:4e42:c00::649]:80, [2a04:4e42:e00::649]:80];8;3945092
"realtor.com";[206.131.180.21:80];1;171476337;[];0;0
"google.cn";[142.250.186.163:80];1;4423362;[[2a00:1450:4001:813::2003]:80];1;4367897
"remove.bg";[104.26.2.68:80, 104.26.3.68:80, 172.67.71.36:80];3;4855031;[[2606:4700:20::681a:244]:80, [2606:4700:20::681a:344]:80, [2606:4700:20::ac43:4724]:80];3;4084696
"neobux.com";[104.16.11.101:80, 104.16.12.101:80, 104.16.13.101:80, 104.16.14.101:80, 104.16.15.101:80];5;4586417;[];0;0
"shaparak.ir";[185.167.73.34:80];1;0;[];0;0
"scribd.com";[151.101.2.152:80, 151.101.66.152:80, 151.101.130.152:80, 151.101.194.152:80];4;4769408;[];0;0
"manoramaonline.com";[23.210.125.200:80];1;18978153;[];0;0
"airbnb.com";[3.226.33.7:80, 34.230.243.170:80, 52.206.209.39:80];3;91993590;[];0;0
"rezka.ag";[82.221.104.145:80];1;48684619;[[2a02:29b8:dc01:345::2]:80];1;13894120
"rctiplus.com";[104.22.44.211:80, 104.22.45.211:80, 172.67.7.252:80];3;4393481;[[2606:4700:10::6816:2cd3]:80, [2606:4700:10::6816:2dd3]:80, [2606:4700:10::ac43:7fc]:80];3;4964695
"gosuslugi.ru";[109.207.1.97:80];1;39666114;[];0;0
"google.com.sa";[172.217.18.99:80];1;4358008;[[2a00:1450:4001:80f::2003]:80];1;4807313
"yelp.com";[151.101.36.116:80];1;10969369;[];0;0
"blogger.com";[142.250.185.73:80];1;4687902;[[2a00:1450:4001:82f::2009]:80];1;4655811
"binance.com";[54.168.181.47:80, 54.248.65.205:80];2;229394064;[];0;0
"sahibinden.com";[85.111.30.111:80];1;54182408;[];0;0
"wildberries.ru";[185.62.200.225:80, 185.62.200.235:80, 185.62.200.245:80];3;39355440;[[2a03:720:4::600:2]:80, [2a03:720:8::600:2]:80, [2a03:720:18::600:2]:80];3;40521502
"chouftv.ma";[104.22.62.192:80, 104.22.63.192:80, 172.67.29.78:80];3;4680352;[[2606:4700:10::6816:3ec0]:80, [2606:4700:10::6816:3fc0]:80, [2606:4700:10::ac43:1d4e]:80];3;4338541
"pancakeswap.finance";[104.26.2.169:80, 104.26.3.169:80, 172.67.75.76:80];3;4669510;[[2606:4700:20::681a:2a9]:80, [2606:4700:20::681a:3a9]:80, [2606:4700:20::ac43:4b4c]:80];3;4402724
"fedex.com";[204.135.8.50:80, 204.135.8.155:80, 204.135.8.175:80, 204.135.13.50:80, 204.135.13.155:80, 204.135.13.175:80];6;137488636;[];0;0
"sonhoo.com";[150.138.151.133:80];1;213095551;[[2409:8c54:b000:701::85]:80];1;271886730
"globo.com";[186.192.90.12:80];1;201410569;[];0;0
"setn.com";[54.238.119.86:80];1;230339610;[];0;0
"googlevideo.com";[142.250.185.196:80];1;4333541;[[2a00:1450:4001:82a::2004]:80];1;4462255
"investopedia.com";[151.101.2.137:80, 151.101.66.137:80, 151.101.130.137:80, 151.101.194.137:80];4;4647099;[[2a04:4e42::649]:80, [2a04:4e42:200::649]:80, [2a04:4e42:400::649]:80, [2a04:4e42:600::649]:80];4;4091079
"redfin.com";[216.211.130.168:80];1;149373063;[];0;0
"jawapos.com";[52.74.159.66:80, 52.76.167.38:80];2;161309119;[];0;0
"linktr.ee";[151.101.2.133:80, 151.101.66.133:80, 151.101.130.133:80, 151.101.194.133:80];4;4621138;[];0;0
"albawabhnews.com";[104.21.70.135:80, 172.67.223.207:80];2;4378907;[[2606:4700:3035::6815:4687]:80, [2606:4700:3036::ac43:dfcf]:80];2;4781783
"ih5.cn";[161.189.151.162:80];1;308121072;[];0;0
"bluehost.com";[35.153.7.161:80];1;92139124;[];0;0
"aliexpress.ru";[62.128.97.7:80];1;42506350;[];0;0
"y2mate.com";[141.101.121.237:80, 141.101.121.238:80];2;4349629;[[2606:4700:11::8d65:79ed]:80, [2606:4700:11::8d65:79ee]:80];2;12925645
"discord.com";[162.159.128.233:80, 162.159.135.232:80, 162.159.136.232:80, 162.159.137.232:80, 162.159.138.232:80];5;4829594;[];0;0
"cnzz.com";[203.119.169.9:80, 203.119.169.41:80, 203.119.169.43:80, 203.119.169.82:80, 203.119.169.84:80, 203.119.169.175:80, 203.119.169.207:80, 203.119.169.238:80];8;170061508;[];0;0
"in.gr";[213.133.127.245:80, 213.133.127.247:80];2;8934151;[];0;0
"amazon.it";[52.95.116.114:80, 52.95.120.36:80, 54.239.33.83:80];3;25983354;[];0;0
"mercadolibre.com.mx";[18.66.139.31:80, 18.66.139.44:80, 18.66.139.58:80, 18.66.139.114:80];4;4410731;[];0;0
"ask.com";[151.101.38.114:80];1;10269551;[];0;0
"bankofamerica.com";[171.159.228.150:80, 171.161.148.150:80];2;109779612;[];0;0
"uol.com.br";[200.147.3.157:80];1;199136118;[[2804:49c:3101:401:ffff:ffff:ffff:45]:80, [2804:49c:3102:401:ffff:ffff:ffff:36]:80];2;365026546
"evernote.com";[35.190.29.187:80];1;3922998;[];0;0
"foxnews.com";[104.78.177.82:80];1;18184396;[];0;0
"taboola.com";[151.101.2.132:80, 151.101.66.132:80, 151.101.130.132:80, 151.101.194.132:80];4;4482988;[[2a04:4e42::644]:80, [2a04:4e42:200::644]:80, [2a04:4e42:400::644]:80, [2a04:4e42:600::644]:80, [2a04:4e42:800::644]:80, [2a04:4e42:a00::644]:80, [2a04:4e42:c00::644]:80, [2a04:4e42:e00::644]:80];8;3948601
"geeksforgeeks.org";[34.218.62.116:80];1;146144903;[];0;0
"samsung.com";[211.45.27.231:80];1;323766504;[];0;0
"indiamart.com";[34.228.182.47:80, 184.72.86.44:80];2;93488738;[];0;0
"rokna.net";[45.159.197.227:80];1;83504846;[];0;0
"cnnic.cn";[159.226.6.133:80, 182.131.26.231:80];2;232840380;[[2001:dc7:cd1a:0:182:131:26:231]:80, [2001:dc7:dd01:0:218:241:97:42]:80];2;272285528
"dailymail.co.uk";[23.210.252.151:80];1;4290234;[[2a02:26f0:1700:18a::16c2]:80, [2a02:26f0:1700:1a6::16c2]:80];2;4885538
"ca.gov";[13.87.221.220:80];1;161235658;[];0;0
"aol.com";[74.6.136.150:80, 98.136.103.23:80, 106.10.248.150:80, 124.108.115.100:80, 212.82.100.150:80];5;185042797;[];0;0
"deviantart.com";[13.32.121.35:80, 13.32.121.40:80, 13.32.121.79:80, 13.32.121.113:80];4;4591628;[];0;0
"istockphoto.com";[52.222.236.7:80, 52.222.236.27:80, 52.222.236.69:80, 52.222.236.129:80];4;4562853;[];0;0
"investing.com";[104.18.10.215:80, 104.18.11.215:80];2;5120670;[[2606:4700::6812:ad7]:80, [2606:4700::6812:bd7]:80];2;4528494
"thepiratebay.org";[162.159.136.6:80, 162.159.137.6:80];2;5307119;[[2606:4700:7::a29f:8806]:80, [2606:4700:7::a29f:8906]:80];2;4680014
"google.co.th";[216.58.212.163:80];1;5599921;[[2a00:1450:4001:802::2003]:80];1;5596308
"secureserver.net";[208.109.192.71:80];1;151915607;[];0;0
"onlyfans.com";[34.237.216.32:80, 35.174.123.226:80, 50.16.102.100:80, 52.45.130.75:80, 54.81.252.139:80, 54.161.168.192:80, 54.205.86.232:80, 107.21.52.176:80];8;90251091;[];0;0
"58.com";[115.159.231.173:80];1;161634037;[];0;0
"premierbet.co.ao";[104.21.10.64:80, 172.67.144.183:80];2;5138081;[[2606:4700:3034::ac43:90b7]:80, [2606:4700:3036::6815:a40]:80];2;4725526
"skype.com";[40.115.34.155:80, 40.121.80.200:80, 104.40.50.126:80];3;89420105;[];0;0
"allegro.pl";[185.31.27.161:80];1;27478489;[];0;0
"ibicn.com";[39.106.98.245:80];1;162926622;[];0;0
"quizlet.com";[104.16.14.221:80, 104.16.15.221:80, 104.16.16.221:80, 104.16.17.221:80, 104.16.18.221:80];5;4827811;[];0;0
"merdeka.com";[35.240.232.145:80];1;208167419;[];0;0
"mailchimp.com";[72.246.93.153:80];1;3885535;[];0;0
"kakao.com";[211.249.221.27:80];1;261466844;[];0;0
"patreon.com";[104.16.6.49:80, 104.16.7.49:80];2;5871525;[[2606:4700::6810:631]:80, [2606:4700::6810:731]:80];2;4635962
"weather.com";[104.111.237.34:80];1;3745103;[];0;0
"manage.wix.com";[185.230.60.105:80];1;90149554;[];0;0
"ups.com";[153.2.224.50:80, 153.2.228.50:80];2;103482142;[];0;0
"nicovideo.jp";[133.152.43.29:80];1;249557241;[];0;0
"espncricinfo.com";[13.213.115.169:80, 13.228.173.39:80];2;162058527;[];0;0
"oberlo.com";[75.2.60.5:80];1;3468358;[];0;0
"etoro.com";[104.111.253.162:80];1;5007849;[];0;0
"amazon.es";[52.95.116.112:80, 52.95.120.38:80, 54.239.33.90:80];3;27292641;[];0;0
"iqiyi.com";[111.206.13.63:80, 111.206.13.64:80];2;328013757;[];0;0
"shein.com";[35.166.17.60:80, 35.166.139.52:80];2;146107714;[];0;0
"ozon.ru";[45.60.34.164:80, 45.60.40.164:80];2;11171325;[];0;0
"op.gg";[143.204.98.29:80, 143.204.98.69:80, 143.204.98.71:80, 143.204.98.128:80];4;4306145;[];0;0
"proiezionidiborsa.it";[62.149.173.4:80];1;14959580;[];0;0
"slideshare.net";[3.215.34.223:80, 34.225.68.33:80, 34.236.231.23:80, 52.22.26.201:80, 52.203.102.153:80];5;90909989;[];0;0
"zol.com.cn";[110.43.213.6:80];1;207639449;[];0;0
"fidelity.com";[88.221.62.219:80];1;3763123;[];0;0
"google.com.eg";[142.250.186.35:80];1;4002093;[[2a00:1450:4001:800::2003]:80];1;7736190
"ai.marketing";[104.26.4.193:80, 104.26.5.193:80, 172.67.69.84:80];3;4872633;[[2606:4700:20::681a:4c1]:80, [2606:4700:20::681a:5c1]:80, [2606:4700:20::ac43:4554]:80];3;4174624
"dailymotion.com";[195.8.215.136:80];1;12400908;[];0;0
"amazon.com.mx";[52.94.225.241:80, 52.94.239.35:80, 54.239.18.174:80];3;91793090;[];0;0
"mercadolibre.com.ar";[18.66.139.35:80, 18.66.139.41:80, 18.66.139.56:80, 18.66.139.97:80];4;4212813;[];0;0
"alnaharegypt.com";[104.21.8.96:80, 172.67.157.69:80];2;5793315;[[2606:4700:3031::6815:860]:80, [2606:4700:3035::ac43:9d45]:80];2;4028639
"bukalapak.com";[34.120.254.97:80];1;6475897;[];0;0
"iyiou.com";[47.104.92.218:80];1;251929087;[];0;0
"yts.mx";[104.31.16.9:80, 104.31.16.120:80];2;5494163;[];0;0
"freepik.com";[51.210.235.65:80];1;13523969;[];0;0
"freelancer.com";[18.211.127.248:80, 35.153.220.227:80, 52.200.142.203:80];3;92324726;[];0;0
"wordpress.org";[198.143.164.252:80];1;106331218;[];0;0
"liputan6.com";[35.190.21.225:80];1;6628467;[];0;0
"donya-e-eqtesad.com";[45.159.197.11:80];1;87247758;[];0;0
"liansuo.com";[];0;0;[];0;0
"reverso.net";[54.36.69.215:80];1;13231568;[];0;0
"citi.com";[192.193.102.176:80, 192.193.218.80:80];2;125911232;[];0;0
"fast.com";[104.111.234.82:80];1;5164176;[[2a02:26f0:6a:181::24fe]:80, [2a02:26f0:6a:19e::24fe]:80];2;6451116
"line.biz";[147.92.146.112:80];1;0;[];0;0
"worldometers.info";[104.26.4.2:80, 104.26.5.2:80, 172.67.70.249:80];3;5549184;[[2606:4700:20::681a:402]:80, [2606:4700:20::681a:502]:80, [2606:4700:20::ac43:46f9]:80];3;3792852
"rakuten.com";[216.238.190.102:80, 216.238.190.103:80];2;151838215;[];0;0
"rottentomatoes.com";[104.117.202.71:80];1;6426733;[];0;0
"cloudfront.net";[];0;0;[];0;0
"lowes.com";[23.210.252.210:80];1;6945325;[];0;0
"shopee.co.id";[143.92.81.70:80];1;194971863;[];0;0
"gusuwang.com";[116.211.155.174:80, 183.222.96.158:80];2;231833022;[];0;0
"themeforest.net";[104.18.30.233:80, 104.18.31.233:80];2;5639110;[];0;0
"flickr.com";[143.204.201.183:80];1;6305023;[];0;0
"wayfair.com";[151.101.1.252:80, 151.101.65.252:80, 151.101.129.252:80, 151.101.193.252:80];4;4540691;[];0;0
"google.com.ar";[142.250.186.131:80];1;5202107;[[2a00:1450:4001:801::2003]:80];1;5191802
"blackboard.com";[104.209.183.225:80];1;94889164;[];0;0
"shopee.com.my";[143.92.81.70:80];1;172570043;[];0;0
"sindonews.com";[103.144.190.2:80, 103.144.190.3:80, 103.144.190.123:80];3;174711588;[];0;0
"coupang.com";[143.204.98.25:80, 143.204.98.26:80, 143.204.98.100:80, 143.204.98.121:80];4;4458695;[];0;0
"jocial.com";[95.179.238.72:80];1;19139670;[];0;0
"iqbroker.com";[185.117.134.136:80];1;5324822;[];0;0
"quora.com";[3.218.146.244:80, 3.227.82.68:80, 3.228.199.81:80, 3.230.98.64:80, 34.194.85.163:80, 34.237.36.29:80, 54.80.90.154:80, 100.25.123.88:80];8;90148119;[];0;0
"namasha.com";[77.238.123.22:80];1;87641621;[];0;0
"ninisite.com";[82.99.244.106:80];1;123860202;[];0;0
"shopee.tw";[103.117.4.129:80];1;180885611;[];0;0
"inquirer.net";[104.22.54.197:80, 104.22.55.197:80, 172.67.40.157:80];3;4999890;[[2606:4700:10::6816:36c5]:80, [2606:4700:10::6816:37c5]:80, [2606:4700:10::ac43:289d]:80];3;3462565
"cowin.gov.in";[3.6.46.116:80, 15.206.64.166:80, 15.206.215.241:80];3;117360628;[];0;0
"sberbank.ru";[194.54.14.168:80];1;43485417;[];0;0
"namu.wiki";[104.16.180.45:80, 104.16.181.45:80];2;5201633;[[2606:4700::6810:b42d]:80, [2606:4700::6810:b52d]:80];2;4275470
"crowdworks.jp";[54.65.162.109:80, 54.150.93.97:80];2;230766273;[];0;0
"xiaoman.cn";[101.37.96.156:80];1;225025055;[];0;0
"amazon.fr";[52.95.116.113:80, 52.95.120.39:80, 54.239.33.91:80];3;25532599;[];0;0
"eghtesadnews.com";[45.159.197.123:80];1;84908100;[];0;0
"rt.com";[82.202.189.164:80, 82.202.190.84:80, 207.244.80.170:80, 207.244.80.179:80];4;68932600;[[2001:1af8:4700:b220::112]:80, [2604:9a00:2100:a017::170]:80, [2604:9a00:2100:a017::179]:80];3;61645284
"dribbble.com";[192.229.220.206:80];1;4760112;[];0;0
"ouedkniss.com";[51.38.63.232:80, 51.38.63.233:80, 51.38.63.234:80];3;12907969;[];0;0
"gismeteo.ru";[185.134.201.5:80, 185.134.201.6:80, 185.134.202.21:80, 185.134.202.22:80, 185.134.203.107:80, 185.134.203.108:80, 185.134.203.243:80, 185.134.203.245:80];8;40792879;[];0;0
"xfinity.com";[68.87.41.40:80, 96.114.14.140:80, 96.114.21.40:80];3;115006695;[];0;0
"hotmart.com";[65.9.71.17:80, 65.9.71.93:80, 65.9.71.104:80, 65.9.71.117:80];4;4365656;[];0;0
"poste.it";[62.241.12.20:80, 62.241.12.21:80, 62.241.12.24:80, 62.241.12.25:80, 62.241.12.27:80, 62.241.13.20:80, 62.241.13.21:80, 62.241.13.24:80, 62.241.13.25:80, 62.241.13.27:80];10;24544354;[];0;0
"clickbank.com";[35.237.37.107:80];1;101945363;[];0;0
"filimo.com";[185.147.178.23:80];1;15021449;[];0;0
"japanpost.jp";[];0;0;[];0;0
"cnbc.com";[50.234.250.31:80, 50.234.250.32:80];2;86406097;[];0;0
"tudou.com";[106.11.43.246:80];1;168394814;[];0;0
"goodreads.com";[52.94.226.87:80, 52.94.237.126:80, 54.239.26.220:80];3;92317915;[];0;0
"1337x.to";[104.31.16.11:80, 104.31.16.118:80];2;4767720;[];0;0
"hp.com";[15.72.164.74:80, 15.72.228.83:80, 15.73.104.147:80, 15.73.192.108:80];4;127043547;[];0;0
"zerodha.com";[104.17.217.15:80, 104.17.218.15:80];2;4707755;[[2606:4700::6811:d90f]:80, [2606:4700::6811:da0f]:80];2;4233897
"axieinfinity.com";[104.22.46.116:80, 104.22.47.116:80, 172.67.21.163:80];3;4527882;[[2606:4700:10::6816:2e74]:80, [2606:4700:10::6816:2f74]:80, [2606:4700:10::ac43:15a3]:80];3;3487459
"tripadvisor.com";[192.229.162.112:80, 192.229.182.112:80, 192.229.189.15:80];3;83032564;[];0;0
"dell.com";[143.166.135.105:80, 143.166.147.101:80];2;127201518;[];0;0
"eatthis.com";[192.0.66.80:80];1;5928598;[];0;0
"mlb.com";[34.102.169.19:80];1;5298875;[];0;0
"91jm.com";[127.0.0.1:80];1;0;[];0;0
"mercadolivre.com.br";[18.66.139.78:80, 18.66.139.89:80, 18.66.139.93:80, 18.66.139.103:80];4;3628684;[];0;0
"twimg.com";[];0;0;[];0;0
"wsj.com";[13.32.121.33:80, 13.32.121.49:80, 13.32.121.115:80, 13.32.121.116:80];4;4013929;[];0;0
"youporn.com";[66.254.114.79:80];1;4956091;[];0;0
"divar.ir";[79.175.141.110:80, 79.175.141.111:80, 79.175.141.112:80];3;79126893;[];0;0
"softonic.com";[35.227.233.104:80];1;4703138;[];0;0
"poocoin.app";[104.22.4.222:80, 104.22.5.222:80, 172.67.27.213:80];3;4932764;[[2606:4700:10::6816:4de]:80, [2606:4700:10::6816:5de]:80, [2606:4700:10::ac43:1bd5]:80];3;4360979
"zendesk.com";[34.206.241.1:80, 34.225.199.37:80, 54.172.126.223:80];3;92503687;[];0;0
"wikimedia.org";[91.198.174.192:80];1;11642675;[[2620:0:862:ed1a::1]:80];1;10553729
"tokopedia.com";[47.74.234.244:80];1;237150650;[];0;0
"www.gov.uk";[151.101.112.144:80];1;4461097;[[2a04:4e42:1b::144]:80];1;4679026
"web.de";[82.165.229.138:80, 82.165.230.17:80];2;8010416;[];0;0
"qoo10.sg";[52.74.251.10:80, 52.220.217.108:80];2;161496890;[];0;0
"macys.com";[104.87.16.178:80];1;12516146;[];0;0
"elmogaz.com";[104.21.14.90:80, 172.67.158.137:80];2;4276794;[[2606:4700:3033::ac43:9e89]:80, [2606:4700:3037::6815:e5a]:80];2;3847793
"dbs.com.sg";[103.7.8.138:80, 110.4.47.190:80];2;215506481;[];0;0
"protonmail.com";[185.70.42.12:80];1;10379437;[];0;0
"ndtv.com";[23.37.44.140:80];1;4929668;[[2a02:26f0:1700:782::24e8]:80, [2a02:26f0:1700:799::24e8]:80];2;4643813
"google.com.ua";[142.250.186.163:80];1;5485549;[[2a00:1450:4001:82b::2003]:80];1;3936767
"google.pt";[142.250.186.35:80];1;5669866;[[2a00:1450:4001:812::2003]:80];1;3820413
"glassdoor.com";[104.17.90.51:80, 104.17.91.51:80];2;5102185;[];0;0
"hurirk.net";[104.21.41.48:80, 172.67.159.248:80];2;5059864;[];0;0
"livejournal.com";[81.19.74.1:80];1;45365391;[];0;0
"marca.com";[52.174.157.78:80];1;11595922;[[2001:67c:2294:1000::f199]:80];1;0
"padlet.com";[104.18.30.36:80, 104.18.31.36:80];2;5510234;[[2606:4700::6812:1e24]:80, [2606:4700::6812:1f24]:80];2;3523916
"costco.com";[23.201.171.161:80];1;5009387;[];0;0
"google.pl";[142.250.185.99:80];1;4724215;[[2a00:1450:4001:831::2003]:80];1;4206053
"kakaku.com";[103.70.243.165:80];1;256870483;[];0;0
"pinimg.com";[151.101.0.84:80, 151.101.64.84:80, 151.101.128.84:80, 151.101.192.84:80];4;4208504;[];0;0
"outbrain.com";[192.82.210.254:80];1;109666600;[];0;0
"rutracker.org";[195.82.146.214:80];1;35725139;[[2a03:42e0::214]:80];1;34039693
"td.com";[192.229.162.193:80];1;79837630;[];0;0
"squarespace.com";[198.49.23.176:80, 198.49.23.177:80, 198.185.159.176:80, 198.185.159.177:80];4;105487391;[];0;0
"ebay.co.uk";[64.4.253.29:80, 64.4.253.77:80, 66.211.172.37:80, 66.211.175.229:80, 209.140.148.143:80, 216.113.179.53:80];6;143339331;[];0;0
"issuu.com";[3.229.161.7:80, 34.227.62.60:80, 52.87.40.237:80, 54.92.159.96:80, 54.164.62.82:80, 107.21.172.254:80];6;90424434;[];0;0
"sq.cn";[];0;0;[];0;0
"google.co.id";[142.250.184.227:80];1;4877563;[[2a00:1450:4001:810::2003]:80];1;4321404
"51yes.com";[];0;0;[];0;0
"rambler.ru";[81.19.82.98:80];1;42635614;[];0;0
"ensonhaber.com";[104.22.72.231:80, 104.22.73.231:80, 172.67.4.66:80];3;4835447;[[2606:4700:10::6816:48e7]:80, [2606:4700:10::6816:49e7]:80, [2606:4700:10::ac43:442]:80];3;3658654
"star-clicks.com";[172.66.40.140:80, 172.66.43.116:80];2;4340117;[[2606:4700:3108::ac42:288c]:80, [2606:4700:3108::ac42:2b74]:80];2;4351291
"att.com";[144.160.36.42:80, 144.160.155.43:80];2;134586275;[];0;0
"weebly.com";[74.115.50.109:80, 74.115.50.110:80];2;157718702;[];0;0
"wise.com";[104.18.30.50:80, 104.18.31.50:80];2;4495975;[];0;0
"expedia.com";[104.117.210.51:80];1;4370267;[];0;0
"smallseotools.com";[104.22.68.66:80, 104.22.69.66:80, 172.67.38.25:80];3;3891747;[[2606:4700:10::6816:4442]:80, [2606:4700:10::6816:4542]:80, [2606:4700:10::ac43:2619]:80];3;3827463
"formula1.com";[75.2.124.44:80, 99.83.136.94:80];2;4051974;[];0;0
"360.com";[104.192.110.203:80];1;147336882;[];0;0
"fc2.com";[44.237.191.118:80, 52.11.75.29:80];2;147199061;[];0;0
"vnexpress.net";[111.65.250.2:80];1;221967598;[];0;0
"genius.com";[104.18.18.96:80, 104.18.19.96:80];2;5024346;[[2606:4700::6812:1260]:80, [2606:4700::6812:1360]:80];2;4043587
"house365.com";[212.129.162.135:80];1;199714898;[];0;0
"tencent.com";[109.244.194.121:80];1;203704595;[];0;0
"focus.cn";[115.159.241.109:80];1;156733733;[];0;0
"chegg.com";[18.66.139.53:80, 18.66.139.77:80, 18.66.139.109:80, 18.66.139.122:80];4;3972093;[];0;0
"mathrubhumi.com";[13.232.249.206:80];1;115337796;[];0;0
"naukri.com";[104.104.52.120:80, 104.104.54.171:80];2;14095558;[];0;0
"torob.com";[91.99.72.4:80];1;99421582;[];0;0
"shopee.co.th";[143.92.81.70:80];1;170844038;[];0;0
"bloomberg.com";[69.187.24.15:80, 69.191.252.15:80];2;86237587;[];0;0
"elwatannews.com";[104.22.58.215:80, 104.22.59.215:80, 172.67.31.142:80];3;4866914;[];0;0
"usatoday.com";[151.101.38.62:80];1;10049407;[];0;0
"bp.blogspot.com";[];0;0;[];0;0
"alodokter.com";[172.66.40.67:80, 172.66.43.189:80];2;4211211;[[2606:4700:3108::ac42:2843]:80, [2606:4700:3108::ac42:2bbd]:80];2;4199886
"meituan.com";[162.14.3.226:80];1;134008346;[];0;0
"shimo.im";[47.243.25.188:80];1;0;[];0;0
"ameblo.jp";[151.101.2.133:80, 151.101.66.133:80, 151.101.130.133:80, 151.101.194.133:80];4;4144694;[];0;0
"sciencedirect.com";[162.159.129.81:80, 162.159.130.81:80];2;4950600;[];0;0
"stripchat.com";[104.19.182.41:80, 104.19.183.41:80];2;4989265;[[2606:4700::6813:b629]:80, [2606:4700::6813:b729]:80];2;4259060
"yoox.com";[184.24.12.84:80];1;5125609;[];0;0
"banvenez.com";[];0;0;[];0;0
"norton.com";[23.99.92.83:80, 40.69.201.11:80];2;91595250;[];0;0
"hm.com";[104.111.225.156:80];1;5197235;[[2a02:26f0:1700:180::6ae]:80, [2a02:26f0:1700:1b8::6ae]:80];2;4121700
"dcard.tw";[104.16.105.87:80, 104.16.204.58:80];2;4542703;[[2606:4700::6810:6957]:80, [2606:4700::6810:cc3a]:80];2;4264194
"hootsuite.com";[18.66.112.39:80, 18.66.112.47:80, 18.66.112.49:80, 18.66.112.74:80];4;4325476;[];0;0
"prnt.sc";[104.26.14.80:80, 104.26.15.80:80, 172.67.72.27:80];3;4416968;[];0;0
"hostgator.com";[3.22.190.13:80];1;101814915;[];0;0
"google.co.kr";[172.217.16.131:80];1;5016430;[[2a00:1450:4001:801::2003]:80];1;3786722
"utorrent.com";[98.143.146.7:80];1;142084593;[];0;0
"patria.org.ve";[190.205.112.89:80];1;183215736;[];0;0
"matchesfashion.com";[104.22.18.150:80, 104.22.19.150:80, 172.67.23.94:80];3;3988553;[[2606:4700:10::6816:1296]:80, [2606:4700:10::6816:1396]:80, [2606:4700:10::ac43:175e]:80];3;3136200
"dhl.com";[165.72.192.33:80];1;16313245;[];0;0
"myntra.com";[23.211.4.125:80];1;9803981;[];0;0
"medium.com";[162.159.152.4:80, 162.159.153.4:80];2;4125583;[[2606:4700:7::a29f:9804]:80, [2606:4700:7::a29f:9904]:80];2;3665078
"canada.ca";[160.106.123.29:80, 167.40.79.24:80, 205.193.117.159:80, 205.193.215.159:80];4;103411791;[];0;0
"9gag.com";[104.16.103.144:80, 104.16.104.144:80, 104.16.105.144:80, 104.16.106.144:80, 104.16.107.144:80];5;3727621;[];0;0
"strava.com";[23.21.53.103:80, 34.199.169.228:80, 44.195.56.39:80, 52.0.47.160:80, 54.166.36.228:80, 54.173.223.28:80];6;90143823;[];0;0
"idntimes.com";[103.5.51.123:80, 103.5.51.124:80, 163.53.193.44:80];3;179482737;[];0;0
"appsumo.com";[35.166.24.54:80, 52.26.228.80:80];2;146144900;[];0;0
"payu.in";[15.206.57.235:80, 65.1.36.157:80];2;113421646;[];0;0
"mytheresa.com";[18.66.112.43:80, 18.66.112.48:80, 18.66.112.101:80, 18.66.112.106:80];4;3805074;[];0;0
"stormgain.com";[104.17.27.34:80, 104.17.28.34:80];2;3937778;[[2606:4700::6811:1b22]:80, [2606:4700::6811:1c22]:80];2;4320569
"google.com.vn";[142.250.181.227:80];1;4383887;[[2a00:1450:4001:828::2003]:80];1;6195112
"infobae.com";[184.86.103.136:80, 184.86.103.140:80];2;3791521;[];0;0
"shippingchina.com";[106.75.95.220:80];1;234123753;[];0;0
"reuters.com";[52.2.61.110:80];1;91453807;[];0;0
"mihoyo.com";[221.230.245.240:80, 221.230.245.241:80, 221.230.245.242:80, 221.230.245.243:80, 221.230.245.244:80, 221.230.245.248:80, 221.230.245.249:80, 221.230.245.250:80];8;2148178155;[];0;0
"chinanetrank.com";[47.90.61.157:80];1;210184372;[];0;0
"cnnindonesia.com";[104.18.0.76:80, 104.18.1.76:80];2;3966255;[[2606:4700::6812:4c]:80, [2606:4700::6812:14c]:80];2;4108241
"crunchyroll.com";[104.18.22.9:80, 104.18.23.9:80];2;5000065;[];0;0
"lenovo.com";[23.65.195.244:80];1;12100786;[];0;0
"cnbcindonesia.com";[104.18.22.187:80, 104.18.23.187:80];2;5020954;[[2606:4700::6812:16bb]:80, [2606:4700::6812:17bb]:80];2;3536390
"nfl.com";[151.101.1.153:80, 151.101.65.153:80, 151.101.129.153:80, 151.101.193.153:80];4;4073848;[];0;0
"thesaurus.com";[151.101.2.133:80, 151.101.66.133:80, 151.101.130.133:80, 151.101.194.133:80];4;4088982;[[2a04:4e42::645]:80, [2a04:4e42:200::645]:80, [2a04:4e42:400::645]:80, [2a04:4e42:600::645]:80];4;3089552
"clickpost.jp";[52.192.5.237:80, 52.198.75.156:80];2;229634189;[];0;0
"webmd.com";[207.231.204.56:80];1;88510417;[];0;0
"ssense.com";[104.16.103.92:80, 104.16.104.92:80];2;5115022;[];0;0
"discordapp.com";[162.159.129.233:80, 162.159.130.233:80, 162.159.133.233:80, 162.159.134.233:80, 162.159.135.233:80];5;4100282;[];0;0
"breitbart.com";[35.241.35.213:80];1;6506192;[];0;0
"upwork.com";[104.18.89.237:80, 104.18.90.237:80];2;4986250;[];0;0
"vidio.com";[18.66.112.27:80, 18.66.112.86:80, 18.66.112.88:80, 18.66.112.104:80];4;4021061;[];0;0
"sonyliv.com";[52.77.194.240:80];1;162213379;[];0;0
"gstatic.com";[142.250.186.163:80];1;4763486;[[2a00:1450:4001:810::2003]:80];1;5505043
"cnbeta.com";[125.90.93.20:80];1;229253927;[];0;0
"vvvdj.com";[203.107.42.43:80];1;233206267;[];0;0
"trustpilot.com";[34.248.108.219:80, 34.252.19.121:80, 54.76.38.213:80];3;26338861;[];0;0
"irctc.co.in";[103.252.142.18:80, 103.252.142.19:80, 103.252.142.21:80];3;160441489;[];0;0
"elintransigente.com";[143.198.117.23:80];1;85288333;[];0;0
"google.com.au";[142.250.185.99:80];1;6376904;[[2a00:1450:4001:831::2003]:80];1;4610730
"t66y.com";[104.26.10.160:80, 104.26.11.160:80, 172.67.74.241:80];3;4324209;[[2606:4700:20::681a:aa0]:80, [2606:4700:20::681a:ba0]:80, [2606:4700:20::ac43:4af1]:80];3;3944156
"ebay.com.au";[64.4.253.29:80, 64.4.253.77:80, 66.211.172.37:80, 66.211.175.229:80, 209.140.148.143:80, 216.113.179.53:80, 216.113.181.253:80];7;147918573;[];0;0
"robinhood.com";[3.220.229.55:80, 52.2.96.80:80, 52.73.242.87:80, 52.207.70.140:80, 54.211.34.221:80, 184.73.18.18:80];6;90454603;[];0;0
"dmm.co.jp";[13.248.196.236:80];1;3708786;[];0;0
"businessinsider.com";[151.101.1.171:80, 151.101.65.171:80, 151.101.129.171:80, 151.101.193.171:80];4;4039559;[];0;0
"cbssports.com";[151.101.1.188:80, 151.101.65.188:80, 151.101.129.188:80, 151.101.193.188:80];4;3926951;[];0;0
"ebay-kleinanzeigen.de";[34.107.128.149:80];1;3841642;[[2600:1901:0:5e49::]:80];1;5190976
"avg.com";[69.94.64.29:80, 185.189.92.41:80];2;24707504;[];0;0
"cuevana3.io";[104.26.6.61:80, 104.26.7.61:80, 172.67.73.111:80];3;4261796;[[2606:4700:20::681a:63d]:80, [2606:4700:20::681a:73d]:80, [2606:4700:20::ac43:496f]:80];3;3136030
"plantvsundead.com";[104.22.78.111:80, 104.22.79.111:80, 172.67.42.39:80];3;4321273;[[2606:4700:10::6816:4e6f]:80, [2606:4700:10::6816:4f6f]:80, [2606:4700:10::ac43:2a27]:80];3;3237083
"tejaratnews.com";[172.64.204.19:80, 172.64.205.19:80];2;5028890;[[2606:4700:e6::ac40:cc13]:80, [2606:4700:e6::ac40:cd13]:80];2;3485481
"oschina.net";[212.64.62.183:80];1;194530062;[];0;0
"amazon.com.au";[52.119.167.231:80, 52.119.171.206:80, 52.119.174.16:80];3;146160625;[];0;0
"asus.com";[103.10.4.216:80];1;243374663;[];0;0
"go.com";[23.236.60.174:80];1;109773151;[];0;0
"news18.com";[180.179.160.115:80];1;116106058;[];0;0
"custhelp.com";[74.117.206.70:80];1;104037258;[];0;0
"it168.com";[42.62.98.171:80];1;171057463;[];0;0
"gate.io";[35.72.139.44:80, 54.65.45.3:80];2;229232381;[];0;0
"xhamsterlive.com";[104.16.84.97:80, 104.16.85.97:80];2;4458152;[[2606:4700::6810:5461]:80, [2606:4700::6810:5561]:80];2;3926977
"turkiye.gov.tr";[94.55.118.33:80];1;60606141;[[2a00:1d58:0:1902:94:55:118:33]:80];1;59502541
"zippyshare.com";[145.239.9.15:80];1;13005377;[];0;0
"academia.edu";[52.222.236.40:80, 52.222.236.49:80, 52.222.236.123:80, 52.222.236.127:80];4;4092987;[];0;0
"mileroticos.com";[51.255.62.123:80, 185.206.63.13:80];2;15827110;[];0;0
"douban.com";[162.14.6.67:80];1;128274814;[];0;0
"google.be";[142.250.186.131:80];1;4796345;[[2a00:1450:4001:800::2003]:80];1;4554854
"louisvuitton.com";[104.127.23.192:80];1;21017534;[];0;0
"ebc.net.tw";[18.66.139.22:80, 18.66.139.68:80, 18.66.139.107:80, 18.66.139.111:80];4;3832263;[];0;0
"hindustantimes.com";[23.201.183.169:80];1;3327883;[];0;0
"gmx.net";[82.165.229.87:80];1;6729653;[];0;0
"hbomax.com";[35.167.130.181:80, 52.4.94.166:80, 52.24.41.24:80, 52.87.8.153:80, 52.205.19.251:80, 54.200.108.238:80];6;117616416;[];0;0
"ivi.ru";[80.67.43.1:80, 80.67.43.33:80, 80.67.43.65:80];3;41348146;[];0;0
"incometax.gov.in";[];0;0;[];0;0
"kapanlagi.com";[35.247.145.125:80];1;205661352;[];0;0
"patch.com";[151.101.2.133:80, 151.101.66.133:80, 151.101.130.133:80, 151.101.194.133:80];4;3663975;[];0;0
"ojooo.com";[104.26.4.139:80, 104.26.5.139:80, 172.67.72.83:80];3;3936983;[[2606:4700:20::681a:48b]:80, [2606:4700:20::681a:58b]:80, [2606:4700:20::ac43:4853]:80];3;3350326
"cambridge.org";[204.74.99.103:80];1;4681003;[];0;0
"iherb.com";[3.10.35.129:80, 18.169.108.95:80, 18.170.164.171:80];3;17015384;[];0;0
"thehotposts.com";[139.45.197.162:80];1;10514381;[];0;0
"nypost.com";[192.0.66.32:80];1;4901828;[];0;0
"dianping.com";[203.76.216.1:80];1;242490313;[];0;0
"ria.ru";[178.248.233.32:80];1;4841677;[];0;0
"bola.com";[35.190.21.225:80];1;4992470;[];0;0
"coursehero.com";[104.17.92.47:80, 104.17.93.47:80];2;4129823;[];0;0
"huawei.com";[121.37.49.12:80];1;287150522;[[2407:c080:17ef:ffff::7274:d206]:80];1;270622407
"messenger.com";[157.240.20.15:80];1;5158927;[[2a03:2880:f01c:800e:face:b00c:0:2]:80];1;3884137
"ytmp3.cc";[194.163.163.226:80];1;7125649;[];0;0
"srvtrck.com";[104.19.168.96:80, 104.19.169.96:80];2;4555948;[[2606:4700::6813:a860]:80, [2606:4700::6813:a960]:80];2;3209038
"shareasale.com";[104.16.226.72:80, 104.16.227.72:80];2;4563003;[];0;0
"babyschool.com.cn";[];0;0;[];0;0
"laodong.vn";[171.244.32.23:80];1;196070314;[];0;0
"match.com";[208.83.240.49:80];1;122178228;[];0;0
"boc.cn";[];0;0;[];0;0
"goo.ne.jp";[114.179.184.93:80];1;278258388;[];0;0
"home77.com";[203.107.43.165:80];1;210683118;[];0;0
"adbtc.top";[104.22.34.100:80, 104.22.35.100:80, 172.67.4.177:80];3;4066680;[[2606:4700:10::6816:2264]:80, [2606:4700:10::6816:2364]:80, [2606:4700:10::ac43:4b1]:80];3;3222163
"merriam-webster.com";[52.222.214.7:80, 52.222.214.15:80, 52.222.214.23:80, 52.222.214.76:80];4;3761380;[];0;0
"discover.com";[23.63.132.247:80];1;15189338;[];0;0
"creditchina.gov.cn";[];0;0;[];0;0
"eghtesadonline.com";[45.159.197.243:80];1;81731777;[];0;0
"squareup.com";[151.101.1.49:80, 151.101.65.49:80, 151.101.129.49:80, 151.101.193.49:80];4;3861916;[];0;0
"beeg.com";[104.21.32.25:80, 172.67.182.85:80];2;3170908;[[2606:4700:3033::ac43:b655]:80, [2606:4700:3036::6815:2019]:80];2;3418526
"tsetmc.com";[46.102.143.209:80, 46.102.143.221:80, 86.104.39.97:80, 86.104.39.109:80, 94.182.184.229:80, 94.182.184.233:80, 94.182.184.237:80, 185.117.204.245:80, 185.117.205.245:80, 185.117.206.245:80];10;82527562;[];0;0
"aa.com";[173.223.169.237:80];1;5673749;[];0;0
"marriott.com";[23.13.248.113:80];1;21150573;[];0;0
"livedoor.jp";[];0;0;[];0;0
"meesho.com";[3.1.66.39:80, 13.251.200.151:80, 46.51.223.3:80, 52.76.62.55:80, 52.76.131.90:80, 52.77.122.217:80, 52.220.109.18:80, 54.254.146.205:80];8;160503407;[];0;0
"iweihai.cn";[202.102.144.76:80];1;320028663;[];0;0
"biobiochile.cl";[190.153.209.180:80];1;223640064;[];0;0
"quillbot.com";[104.21.92.248:80, 172.67.201.1:80];2;4606685;[[2606:4700:3030::ac43:c901]:80, [2606:4700:3033::6815:5cf8]:80];2;3289191
"ebay.it";[64.4.253.29:80, 64.4.253.77:80, 66.211.172.37:80, 66.211.175.229:80, 209.140.148.143:80, 216.113.179.53:80, 216.113.181.253:80];7;147190150;[];0;0
"jpnn.com";[104.26.8.3:80, 104.26.9.3:80, 172.67.71.239:80];3;3998113;[[2606:4700:20::681a:803]:80, [2606:4700:20::681a:903]:80, [2606:4700:20::ac43:47ef]:80];3;3129410
"uidai.gov.in";[103.57.226.101:80, 103.58.114.101:80];2;0;[];0;0
"orange.fr";[193.252.117.145:80, 193.252.133.20:80, 193.252.148.192:80];3;15932530;[];0;0
"onmarshtompor.com";[139.45.197.243:80];1;9540305;[];0;0
"marketwatch.com";[18.66.139.14:80, 18.66.139.17:80, 18.66.139.23:80, 18.66.139.86:80];4;2749985;[];0;0
"ukr.net";[212.42.76.252:80, 212.42.76.253:80];2;4256525;[];0;0
"storage.googleapis.com";[142.250.184.208:80, 142.250.184.240:80, 142.250.185.80:80, 142.250.185.112:80, 142.250.185.144:80, 142.250.185.176:80, 142.250.185.208:80, 142.250.185.240:80, 142.250.186.48:80, 142.250.186.80:80, 142.250.186.112:80, 142.250.186.144:80, 142.250.186.176:80, 172.217.18.112:80, 172.217.23.112:80, 216.58.212.144:80];16;5226553;[[2a00:1450:4001:827::2010]:80, [2a00:1450:4001:828::2010]:80, [2a00:1450:4001:829::2010]:80, [2a00:1450:4001:82a::2010]:80];4;2399551
"biblegateway.com";[13.32.121.3:80, 13.32.121.25:80, 13.32.121.40:80, 13.32.121.129:80];4;3586426;[[2600:9000:2240:400:1f:9383:73c0:93a1]:80, [2600:9000:2240:3400:1f:9383:73c0:93a1]:80, [2600:9000:2240:3a00:1f:9383:73c0:93a1]:80, [2600:9000:2240:6c00:1f:9383:73c0:93a1]:80, [2600:9000:2240:7e00:1f:9383:73c0:93a1]:80, [2600:9000:2240:8e00:1f:9383:73c0:93a1]:80, [2600:9000:2240:bc00:1f:9383:73c0:93a1]:80, [2600:9000:2240:e400:1f:9383:73c0:93a1]:80];8;2059141
"runoob.com";[203.107.42.43:80];1;209985865;[];0;0
"ngacn.cc";[47.74.224.40:80];1;241172788;[];0;0
"tinder.com";[52.222.236.19:80, 52.222.236.42:80, 52.222.236.93:80, 52.222.236.116:80];4;2895086;[];0;0
"dw.com";[194.55.26.46:80, 194.55.30.46:80];2;8940367;[];0;0
"justdial.com";[23.36.238.85:80];1;3511302;[[2a02:26f0:1700:79a::174d]:80, [2a02:26f0:1700:79b::174d]:80];2;3317981
"nhk.or.jp";[];0;0;[];0;0
"dangdang.com";[120.133.46.125:80];1;258800737;[];0;0
"blockchain.com";[104.16.40.77:80, 104.18.93.71:80];2;3189295;[];0;0
"doordash.com";[104.18.10.161:80, 104.18.11.161:80];2;3811617;[[2606:4700::6812:aa1]:80, [2606:4700::6812:ba1]:80];2;2866171
"kooora.com";[45.60.63.37:80, 45.60.65.37:80];2;49136670;[];0;0
"dreamstime.com";[169.62.154.242:80];1;126411134;[];0;0
"google.ro";[142.250.185.163:80];1;3428648;[[2a00:1450:4001:80e::2003]:80];1;3296703
"elpais.com";[95.101.82.195:80, 95.101.82.210:80];2;3389880;[[2a02:26f0:1700:11::b856:6795]:80, [2a02:26f0:1700:11::b856:6796]:80];2;3162051
"activehosted.com";[18.211.217.65:80, 34.200.171.82:80, 34.204.128.19:80, 35.171.14.223:80, 52.7.79.178:80, 52.72.112.65:80, 54.86.84.175:80, 107.20.28.123:80];8;89193303;[];0;0
"inb.network";[104.26.4.181:80, 104.26.5.181:80, 172.67.68.43:80];3;3603666;[[2606:4700:20::681a:4b5]:80, [2606:4700:20::681a:5b5]:80, [2606:4700:20::ac43:442b]:80];3;2470234
"addthis.com";[23.38.84.123:80];1;116829100;[];0;0
"360doc.com";[39.106.173.98:80, 47.93.194.183:80];2;163526186;[];0;0
"aajtak.in";[2.21.22.107:80, 2.21.22.113:80];2;8541571;[];0;0
"oeeee.com";[222.186.184.3:80];1;169267824;[];0;0
"9384.com";[];0;0;[];0;0
"medicalnewstoday.com";[99.86.4.68:80, 99.86.4.73:80, 99.86.4.79:80, 99.86.4.114:80];4;2748069;[];0;0
"onet.pl";[75.2.92.173:80, 99.83.207.202:80];2;3299528;[];0;0
"taleo.net";[68.233.77.233:80];1;102551132;[];0;0
"saednews.com";[217.172.98.78:80];1;88077379;[];0;0
"heavy.com";[192.0.66.32:80];1;3348353;[];0;0
"buzzfeed.com";[143.204.98.63:80, 143.204.98.104:80, 143.204.98.111:80, 143.204.98.126:80];4;2509610;[];0;0
"feedly.com";[104.20.59.241:80, 104.20.60.241:80];2;2923740;[];0;0
"52pk.com";[43.132.137.109:80];1;227536863;[];0;0
"nordstrom.com";[151.101.2.132:80, 151.101.66.132:80, 151.101.130.132:80, 151.101.194.132:80];4;2861890;[];0;0
"huya.com";[8.134.11.130:80, 106.55.80.57:80, 139.196.40.122:80, 150.158.217.209:80];4;203861723;[];0;0
"ultimate-guitar.com";[178.18.22.152:80];1;9940839;[];0;0
"arynews.tv";[141.193.213.20:80, 141.193.213.21:80];2;3572324;[];0;0
"yjc.news";[94.182.146.12:80];1;83084742;[];0;0
"abs-cbn.com";[2.21.34.25:80, 2.21.34.75:80];2;11004008;[[2a02:26f0:3000::215:166b]:80, [2a02:26f0:3000::215:167b]:80];2;11391135
"moneycontrol.com";[2.22.8.241:80, 2.22.9.27:80];2;3458510;[[2a02:26f0:cf::216:8f1]:80, [2a02:26f0:cf::216:91b]:80];2;2385599
"nextdoor.com";[52.222.214.9:80, 52.222.214.30:80, 52.222.214.63:80, 52.222.214.113:80];4;2964609;[];0;0
"binomo-web.com";[104.18.16.194:80, 104.18.17.194:80];2;3664115;[[2606:4700::6812:10c2]:80, [2606:4700::6812:11c2]:80];2;2367126
"tempo.co";[13.251.82.126:80, 13.251.168.238:80];2;160813897;[];0;0
"verizon.com";[192.16.31.89:80];1;94895209;[];0;0
"irs.gov";[152.216.7.110:80, 152.216.11.110:80];2;115482022;[[2610:30:2000:402::110]:80, [2610:30:4000:402::110]:80];2;105555019
"sourceforge.net";[204.68.111.105:80];1;149810456;[];0;0
"kemdikbud.go.id";[118.98.227.101:80];1;192705307;[];0;0
"usnews.com";[104.111.244.25:80];1;4005103;[];0;0
"cloudflare.com";[104.16.132.229:80, 104.16.133.229:80];2;2642133;[[2606:4700::6810:84e5]:80, [2606:4700::6810:85e5]:80];2;2814201
"tutorialspoint.com";[157.90.94.102:80];1;7974259;[];0;0
"nikkei.com";[13.248.148.206:80, 76.223.28.162:80];2;2928264;[];0;0
"prothomalo.com";[104.16.67.37:80, 104.16.68.37:80];2;2376045;[[2606:4700::6810:4325]:80, [2606:4700::6810:4425]:80];2;3241100
"thethao247.vn";[42.112.24.66:80, 42.112.24.72:80, 42.112.24.118:80, 42.112.24.119:80];4;221759721;[];0;0
"51auto.com";[];0;0;[];0;0
"eqxiu.com";[118.25.167.48:80, 172.81.232.157:80, 212.64.45.27:80];3;221960421;[[2402:4e00:31:801::521]:80];1;291062309
"chsi.com.cn";[36.110.136.74:80];1;207356788;[];0;0
"trello.com";[185.166.143.0:80, 185.166.143.1:80, 185.166.143.2:80];3;2609390;[];0;0
"leboncoin.fr";[13.32.99.14:80, 13.32.99.42:80, 13.32.99.71:80, 13.32.99.110:80];4;2008444;[];0;0
"udn.com";[23.32.8.95:80];1;8678858;[];0;0
"renren.com";[120.133.2.241:80, 120.133.2.242:80];2;47520980038;[];0;0
"akamaized.net";[];0;0;[];0;0
"ign.com";[151.101.1.135:80, 151.101.65.135:80, 151.101.129.135:80, 151.101.193.135:80];4;2680364;[];0;0
"pcmag.com";[104.17.101.99:80, 104.17.142.99:80];2;2530980;[[2606:4700::6811:6563]:80, [2606:4700::6811:8e63]:80];2;3148757
"google.gr";[142.250.184.195:80];1;2238586;[[2a00:1450:4001:830::2003]:80];1;2432419
"pngtree.com";[104.18.2.157:80, 104.18.3.157:80];2;2366705;[[2606:4700::6812:29d]:80, [2606:4700::6812:39d]:80];2;3570783
"51sole.com";[150.109.68.232:80];1;193524525;[];0;0
"emofid.com";[109.94.166.97:80];1;75159548;[];0;0
"accuweather.com";[104.111.214.80:80];1;2933474;[];0;0
"mheducation.com";[3.209.89.97:80, 54.211.191.121:80, 107.20.229.89:80];3;89281193;[];0;0
"techcrunch.com";[212.82.100.163:80];1;27463532;[[2a00:1288:110:c104::a000]:80];1;32237362
"india.com";[54.173.62.149:80];1;90237730;[];0;0
"rarbg.to";[185.37.100.122:80];1;73690164;[];0;0
"wp.pl";[212.77.98.9:80];1;27309609;[];0;0
"user-shield-check.com";[104.21.74.27:80, 172.67.153.113:80];2;2852350;[[2606:4700:3031::6815:4a1b]:80, [2606:4700:3032::ac43:9971]:80];2;3643805
"pcbaby.com.cn";[219.136.244.85:80];1;200141927;[];0;0
"creditkarma.com";[2.20.193.218:80];1;2590442;[];0;0
"atlassian.com";[185.166.143.3:80, 185.166.143.4:80, 185.166.143.5:80];3;3152485;[];0;0
"elbalad.news";[104.26.10.149:80, 104.26.11.149:80, 172.67.70.13:80];3;2485851;[];0;0
"trknex.com";[95.128.201.171:80];1;10335185;[];0;0
"0123movie.net";[104.31.16.3:80, 104.31.16.126:80];2;2482107;[];0;0
"steampowered.com";[2.17.182.211:80];1;2044941;[];0;0
"bc.game";[18.66.139.8:80, 18.66.139.19:80, 18.66.139.81:80, 18.66.139.82:80];4;2634530;[];0;0
"sograuko.net";[188.42.224.40:80, 188.42.224.61:80];2;8467327;[];0;0
"gogoanime.pe";[104.26.8.6:80, 104.26.9.6:80, 172.67.69.54:80];3;3472522;[[2606:4700:20::681a:806]:80, [2606:4700:20::681a:906]:80, [2606:4700:20::ac43:4536]:80];3;3589925
"typeform.com";[18.66.139.55:80, 18.66.139.81:80, 18.66.139.87:80, 18.66.139.111:80];4;2064070;[];0;0
"w3school.com.cn";[120.55.40.41:80];1;214037053;[];0;0
"ftx.com";[104.18.26.153:80, 104.18.27.153:80];2;3120466;[[2606:4700::6812:1a99]:80, [2606:4700::6812:1b99]:80];2;4015836
"xabbs.com";[118.107.40.56:80];1;311881013;[];0;0
"ecosia.org";[3.64.35.128:80, 35.156.117.240:80, 35.158.150.207:80];3;3335798;[];0;0
"gyazo.com";[35.186.213.112:80];1;2531166;[];0;0
"telugu360.com";[174.138.121.208:80];1;143619916;[];0;0
"sxyprn.com";[104.21.55.204:80, 172.67.172.199:80];2;3223604;[];0;0
"rakuten-bank.co.jp";[220.213.225.92:80];1;256283549;[];0;0
"rakuten.ne.jp";[];0;0;[];0;0
"parsfootball.com";[87.107.113.21:80];1;89597639;[];0;0
"newsearnmoney.com";[104.22.0.197:80, 104.22.1.197:80, 172.67.15.90:80];3;3301952;[[2606:4700:10::6816:c5]:80, [2606:4700:10::6816:1c5]:80, [2606:4700:10::ac43:f5a]:80];3;5412290
"timebucks.com";[151.139.128.10:80];1;3230852;[];0;0
"11st.co.kr";[113.217.247.90:80];1;244590417;[];0;0
"kuronekoyamato.co.jp";[];0;0;[];0;0
"mos.ru";[212.11.155.165:80];1;39391710;[];0;0
"gsmarena.com";[148.251.96.211:80];1;7375104;[];0;0
"google.co.ve";[142.250.185.67:80];1;3779767;[[2a00:1450:4001:830::2003]:80];1;3768530
"alimama.com";[106.11.19.78:80, 140.205.243.64:80];2;216316784;[];0;0
"lazada.co.th";[47.89.75.205:80, 47.89.75.209:80, 47.89.88.80:80, 47.89.88.84:80];4;238396988;[];0;0
"uptodown.com";[23.34.182.238:80];1;9560172;[];0;0
"bhphotovideo.com";[104.18.24.211:80, 104.18.25.211:80];2;2919512;[];0;0
"redtube.com";[66.254.114.238:80];1;3879575;[];0;0
"fantasypros.com";[35.170.16.179:80, 107.20.116.50:80];2;89965069;[];0;0
"lenta.ru";[81.19.72.32:80, 81.19.72.33:80, 81.19.72.56:80, 81.19.72.57:80, 81.19.72.58:80, 81.19.72.59:80];6;43084205;[];0;0
"ecer.com";[75.126.242.100:80];1;124824914;[];0;0
"redgifs.com";[104.18.4.207:80, 104.18.5.207:80];2;3881353;[[2606:4700::6812:4cf]:80, [2606:4700::6812:5cf]:80];2;5158134
"cdc.gov";[198.246.102.49:80, 198.246.106.49:80];2;108427881;[];0;0
"duolingo.com";[54.165.40.136:80];1;90436063;[];0;0
"tap.az";[104.26.12.26:80, 104.26.13.26:80, 172.67.75.5:80];3;4444254;[[2606:4700:20::681a:c1a]:80, [2606:4700:20::681a:d1a]:80, [2606:4700:20::ac43:4b05]:80];3;7365775
"4chan.org";[104.19.128.108:80, 104.19.129.108:80];2;3884301;[];0;0
"opensooq.com";[34.251.119.3:80, 52.49.137.62:80, 54.171.212.134:80];3;27422946;[];0;0
"free.fr";[212.27.48.10:80];1;11753159;[[2a01:e0c:1::1]:80];1;14735393
"agoda.com";[103.6.182.20:80];1;256437724;[];0;0
"xjtu.edu.cn";[];0;0;[];0;0
"lordfilms-s.biz";[31.13.86.100:80];1;0;[];0;0
"bestlifeonline.com";[192.0.66.80:80];1;3369275;[];0;0
"royalbank.com";[204.74.99.100:80];1;3436188;[];0;0
"adp.com";[170.146.93.56:80];1;108646552;[];0;0
"olx.pl";[13.32.22.28:80, 13.32.22.65:80, 13.32.22.84:80, 13.32.22.109:80];4;4354430;[];0;0
"trontv.com";[143.204.207.21:80, 143.204.207.26:80, 143.204.207.88:80, 143.204.207.123:80];4;4947844;[];0;0
"poki.com";[104.16.208.71:80, 104.16.209.71:80];2;3806360;[[2606:4700::6810:d047]:80, [2606:4700::6810:d147]:80];2;5068663
"shopee.ph";[143.92.75.65:80];1;186070010;[];0;0
"npr.org";[216.35.221.76:80];1;98793840;[];0;0
"ameba.jp";[27.133.212.123:80];1;234844369;[];0;0
"javatpoint.com";[104.21.79.8:80, 172.67.139.79:80];2;3882078;[[2606:4700:3035::ac43:8b4f]:80, [2606:4700:3037::6815:4f08]:80];2;5925252
"epicgames.com";[3.92.114.137:80, 3.215.157.41:80, 3.228.136.8:80, 18.207.87.91:80, 52.2.252.95:80, 52.4.211.136:80, 52.202.166.248:80, 54.225.62.204:80];8;89445544;[];0;0
"amazon.cn";[54.222.60.218:80];1;258448592;[];0;0
"online-convert.com";[104.22.58.173:80, 104.22.59.173:80, 172.67.4.125:80];3;4240876;[[2606:4700:10::6816:3aad]:80, [2606:4700:10::6816:3bad]:80, [2606:4700:10::ac43:47d]:80];3;7106455
"rakuten-card.co.jp";[210.162.157.12:80, 210.252.23.76:80];2;268297531;[];0;0
"eventbrite.com";[18.214.254.157:80, 18.215.76.51:80, 18.235.224.167:80, 34.197.148.4:80, 34.204.250.133:80, 34.205.126.7:80, 34.224.9.38:80, 52.22.172.91:80];8;89537116;[];0;0
"samsclub.com";[161.170.232.150:80, 161.170.238.150:80];2;121719444;[];0;0
"endclothing.com";[35.210.35.139:80];1;11442555;[];0;0
"livedoor.com";[147.92.184.22:80];1;241889068;[];0;0
"wondershare.com";[203.130.48.144:80, 203.130.48.145:80];2;153271563;[];0;0
"thestartmagazine.com";[151.101.2.132:80, 151.101.66.132:80, 151.101.130.132:80, 151.101.194.132:80];4;4535062;[[2a04:4e42::644]:80, [2a04:4e42:200::644]:80, [2a04:4e42:400::644]:80, [2a04:4e42:600::644]:80, [2a04:4e42:800::644]:80, [2a04:4e42:a00::644]:80, [2a04:4e42:c00::644]:80, [2a04:4e42:e00::644]:80];8;5536616
"convertio.co";[143.204.207.19:80, 143.204.207.37:80, 143.204.207.48:80, 143.204.207.89:80];4;5067986;[];0;0
"chooseauto.com.cn";[];0;0;[];0;0
"flightradar24.com";[104.17.42.52:80, 104.17.43.52:80, 104.17.44.52:80, 104.17.45.52:80, 104.17.46.52:80];5;5517541;[[2606:4700::6811:2a34]:80, [2606:4700::6811:2b34]:80, [2606:4700::6811:2c34]:80, [2606:4700::6811:2d34]:80, [2606:4700::6811:2e34]:80];5;6007586
"noon.com";[104.17.92.32:80, 104.17.93.32:80, 104.17.94.32:80, 104.17.95.32:80, 104.17.96.32:80];5;5543003;[[2606:4700::6811:5c20]:80, [2606:4700::6811:5d20]:80, [2606:4700::6811:5e20]:80, [2606:4700::6811:5f20]:80, [2606:4700::6811:6020]:80];5;6239520
"axisbank.co.in";[];0;0;[];0;0
"sendinblue.com";[104.17.9.12:80, 104.17.10.12:80];2;4213858;[[2606:4700::6811:90c]:80, [2606:4700::6811:a0c]:80];2;6113802
"iliangcang.com";[123.57.212.84:80];1;174557578;[];0;0
"slickdeals.net";[95.101.82.195:80, 95.101.82.217:80];2;4030581;[];0;0
"indianexpress.com";[23.201.189.48:80];1;4234031;[];0;0
"worldsources.com";[58.177.176.164:80];1;201364192;[];0;0
"vaghtesobh.com";[185.18.213.180:80];1;87543498;[];0;0
"ouo.io";[104.22.22.162:80, 104.22.23.162:80, 172.67.6.151:80];3;4235094;[[2606:4700:10::6816:16a2]:80, [2606:4700:10::6816:17a2]:80, [2606:4700:10::ac43:697]:80];3;7454400
"fool.com";[151.101.1.143:80, 151.101.65.143:80, 151.101.129.143:80, 151.101.193.143:80];4;4635592;[];0;0
"wplay.co";[134.213.78.185:80];1;21148763;[];0;0
"a8.net";[54.64.5.247:80, 54.168.49.184:80];2;229376815;[];0;0
"tvphapluat.vn";[103.229.192.151:80];1;270426169;[];0;0
"kontan.co.id";[18.136.95.137:80, 52.220.232.83:80];2;160931833;[];0;0
"rumble.com";[169.55.146.12:80, 169.59.64.184:80];2;95578769;[];0;0
"overstock.com";[173.241.154.15:80];1;137931408;[];0;0
"fandango.com";[204.74.99.100:80];1;3278198;[];0;0
"cardinalcommerce.com";[198.217.251.250:80, 198.217.251.251:80];2;4139426;[[2606:4700::c6d9:fbfa]:80, [2606:4700::c6d9:fbfb]:80];2;6132002
"notion.so";[104.18.22.110:80, 104.18.23.110:80];2;4089149;[[2606:4700::6812:166e]:80, [2606:4700::6812:176e]:80];2;6113670
"shopee.vn";[103.117.240.34:80];1;327901539;[];0;0
"crjugate.com";[93.93.51.223:80];1;8031502;[];0;0
"noaa.gov";[137.75.88.7:80, 137.75.88.52:80];2;90745936;[[2610:20:8000:8c04::24]:80, [2610:20:8800:8c00::24]:80];2;111648206
"t-online.de";[62.138.238.100:80, 62.138.239.100:80];2;10915561;[];0;0
"chron.com";[98.129.228.59:80];1;120566773;[];0;0
"jianshu.com";[47.88.14.163:80];1;0;[];0;0
"olx.ua";[18.66.112.26:80, 18.66.112.35:80, 18.66.112.48:80, 18.66.112.66:80];4;5017881;[];0;0
"hurriyet.com.tr";[83.66.162.26:80];1;55543584;[];0;0
"morningpost.com.cn";[];0;0;[];0;0
"dazn.com";[18.66.139.10:80, 18.66.139.16:80, 18.66.139.95:80, 18.66.139.122:80];4;6777558;[[2600:9000:2156:4600:5:6660:98c0:93a1]:80, [2600:9000:2156:5200:5:6660:98c0:93a1]:80, [2600:9000:2156:5c00:5:6660:98c0:93a1]:80, [2600:9000:2156:b200:5:6660:98c0:93a1]:80, [2600:9000:2156:bc00:5:6660:98c0:93a1]:80, [2600:9000:2156:ce00:5:6660:98c0:93a1]:80, [2600:9000:2156:f800:5:6660:98c0:93a1]:80, [2600:9000:2156:fc00:5:6660:98c0:93a1]:80];8;2832384
"billdesk.com";[210.210.24.66:80];1;259242025;[[2001:e48:22:2::4]:80];1;131691992
"exoclick.com";[94.23.144.230:80];1;12274262;[[2001:41d0:2:f292::226]:80];1;16445649
"eporner.com";[82.192.65.76:80];1;11130514;[[2001:1af8:4100:a01c:2:0:babe:1]:80];1;13807837
"ny.gov";[107.20.176.212:80];1;91804347;[];0;0
"southcn.com";[119.29.123.156:80];1;197447469;[];0;0
"mercadolibre.com.co";[143.204.98.13:80, 143.204.98.39:80, 143.204.98.63:80, 143.204.98.80:80];4;6676488;[];0;0
"mydramalist.com";[104.26.10.48:80, 104.26.11.48:80, 172.67.70.171:80];3;5261988;[];0;0
"chaduo.com";[117.27.138.114:80];1;226859328;[];0;0
"usbank.com";[170.135.184.254:80, 170.135.223.254:80];2;110925291;[];0;0
"wiley.com";[63.97.118.67:80];1;123705795;[];0;0
"zara.com";[95.101.83.56:80, 95.101.83.200:80];2;4534466;[[2a02:26f0:3400::1703:5813]:80, [2a02:26f0:3400::1703:5830]:80];2;7341629
"hangseng.com";[203.112.92.8:80];1;268765752;[];0;0
"mpnrc.org";[104.26.12.213:80, 104.26.13.213:80, 172.67.68.1:80];3;5830154;[[2606:4700:20::681a:cd5]:80, [2606:4700:20::681a:dd5]:80, [2606:4700:20::ac43:4401]:80];3;6506472
"opensea.io";[104.18.16.184:80, 104.18.17.184:80];2;4631753;[[2606:4700::6812:10b8]:80, [2606:4700::6812:11b8]:80];2;7911039
"ticketmaster.com";[151.101.2.87:80, 151.101.66.87:80, 151.101.130.87:80, 151.101.194.87:80];4;5869885;[];0;0
"nyaa.si";[185.178.208.182:80];1;10631375;[];0;0
"schwab.com";[162.93.215.103:80, 162.93.229.103:80];2;144203211;[];0;0
"drudgereport.com";[104.22.4.207:80, 104.22.5.207:80, 172.67.12.140:80];3;5731452;[[2606:4700:10::6816:4cf]:80, [2606:4700:10::6816:5cf]:80, [2606:4700:10::ac43:c8c]:80];3;6884242
"business.site";[216.239.32.29:80];1;4917163;[];0;0
"ebrun.com";[129.226.102.194:80];1;192521498;[];0;0
"onlinesbi.sbi";[103.68.221.190:80];1;264698165;[[2405:a700:14:13b::148]:80];1;176456647
"walgreens.com";[23.1.99.98:80, 23.1.106.101:80, 184.31.3.98:80, 184.31.10.101:80];4;9825782;[];0;0
"ameritrade.com";[198.200.171.204:80];1;137378998;[];0;0
"cj.com";[159.127.40.163:80];1;145548543;[];0;0
"rediff.com";[84.53.185.169:80, 84.53.185.208:80];2;11686688;[];0;0
"google.az";[142.250.184.196:80];1;4806788;[[2a00:1450:4001:810::2004]:80];1;6278279
"huim.com";[120.55.248.182:80];1;210614410;[];0;0
"spiegel.de";[128.65.210.8:80];1;4881707;[];0;0
"filmix.ac";[185.238.169.142:80];1;12789428;[];0;0
"dmm.com";[13.248.196.236:80];1;3627270;[];0;0
"ibm.com";[23.201.168.37:80];1;3906902;[[2a02:26f0:1700:781::3831]:80, [2a02:26f0:1700:782::3831]:80];2;6661478
"docusign.com";[151.101.2.133:80];1;3891028;[];0;0
"enimerotiko.gr";[136.243.34.164:80];1;8829548;[];0;0
"olx.in";[204.74.99.100:80];1;4589093;[];0;0
"oracle.com";[137.254.120.50:80];1;125528607;[];0;0
"note.com";[13.32.121.29:80, 13.32.121.40:80, 13.32.121.103:80, 13.32.121.106:80];4;6216865;[];0;0
"animeflv.net";[104.26.0.100:80, 104.26.1.100:80, 172.67.70.233:80];3;6905762;[];0;0
"zhibo8.cc";[101.37.178.168:80];1;220131715;[];0;0
"realsrv.com";[];0;0;[];0;0
"europa.eu";[147.67.34.45:80, 147.67.210.45:80];2;48643540;[[2a01:7080:14:100::666:45]:80, [2a01:7080:24:100::666:45]:80];2;10699773
"mayoclinic.org";[129.176.1.88:80];1;116657183;[];0;0
"khanacademy.org";[52.222.214.40:80, 52.222.214.92:80, 52.222.214.94:80, 52.222.214.125:80];4;6808665;[];0;0
"delta.com";[204.74.99.103:80];1;4635824;[];0;0
"yektanet.com";[185.120.221.247:80];1;88956615;[];0;0
"slack.com";[3.123.248.34:80];1;4615475;[];0;0
"sarkariresult.com";[104.18.18.133:80, 104.18.19.133:80];2;6236670;[[2606:4700::6812:1285]:80, [2606:4700::6812:1385]:80];2;7007497
"shopify.com";[34.73.153.179:80];1;101039781;[];0;0
"eksisozluk.com";[104.22.24.137:80, 104.22.25.137:80, 172.67.38.42:80];3;6862917;[[2606:4700:10::6816:1889]:80, [2606:4700:10::6816:1989]:80, [2606:4700:10::ac43:262a]:80];3;7030534
"asos.com";[95.101.82.130:80, 95.101.82.185:80];2;6424082;[[2a02:26f0:b200::58dd:1893]:80, [2a02:26f0:b200::58dd:18d9]:80];2;19870864
"ionos.com";[74.208.255.134:80];1;131911431;[];0;0
"kafan.cn";[103.215.36.93:80];1;232779558;[];0;0
"ynet.com";[101.201.103.96:80];1;158369499;[];0;0
"theepochtimes.com";[34.107.251.210:80];1;4781753;[];0;0
"viicopy.com";[31.220.27.134:80];1;11213753;[];0;0
"myworkdayjobs.com";[127.0.0.1:80];1;0;[];0;0
"net-a-porter.com";[23.201.173.88:80];1;4784847;[];0;0
"kayak.com";[151.101.1.29:80, 151.101.65.29:80, 151.101.129.29:80, 151.101.193.29:80];4;6986176;[[2a04:4e42::285]:80, [2a04:4e42:200::285]:80, [2a04:4e42:400::285]:80, [2a04:4e42:600::285]:80];4;5793339
"ea.com";[104.111.215.157:80];1;4613704;[];0;0
"mabanque.bnpparibas";[104.70.81.123:80];1;6370386;[];0;0
"sputniknews.com";[178.248.233.26:80];1;5947923;[];0;0
"mining.online";[190.115.31.29:80];1;12627810;[];0;0
"kickstarter.com";[151.101.2.217:80, 151.101.66.217:80, 151.101.130.217:80, 151.101.194.217:80];4;7014528;[];0;0
"almaghreb24.com";[104.21.24.209:80, 172.67.220.205:80];2;7209538;[[2606:4700:3033::6815:18d1]:80, [2606:4700:3034::ac43:dccd]:80];2;7055477
"uber.com";[34.98.127.226:80];1;7539940;[];0;0
"rahavard365.com";[94.232.172.202:80];1;82501615;[];0;0
"nairaland.com";[104.20.248.29:80, 104.20.249.29:80, 172.67.18.142:80];3;7324031;[];0;0
"getpocket.com";[143.204.98.79:80, 143.204.98.100:80, 143.204.98.120:80, 143.204.98.129:80];4;6505317;[];0;0
"cloudinary.com";[162.159.137.83:80, 162.159.138.83:80];2;7204705;[];0;0
"khabarvarzeshi.com";[185.49.84.76:80];1;91420033;[];0;0
"gotporn.com";[104.26.0.144:80, 104.26.1.144:80, 172.67.69.67:80];3;7324064;[[2606:4700:20::681a:90]:80, [2606:4700:20::681a:190]:80, [2606:4700:20::ac43:4543]:80];3;6273047
"uptobox.com";[104.22.52.218:80, 104.22.53.218:80, 172.67.40.210:80];3;6888944;[];0;0
"sears.com";[23.201.178.119:80];1;6947965;[];0;0
"box.com";[185.235.236.201:80];1;5903809;[];0;0
"lifo.gr";[168.119.45.52:80];1;8697670;[];0;0
"storm.mg";[54.65.246.243:80];1;235683259;[];0;0
"gov.ao";[154.116.255.34:80];1;246353812;[];0;0
"google.ch";[142.250.185.163:80];1;7133564;[[2a00:1450:4001:811::2003]:80];1;7477484
"goldcarpet.cn";[60.10.2.27:80];1;309542535;[];0;0
"honeygain.com";[104.26.12.56:80, 104.26.13.56:80, 172.67.71.181:80];3;6842096;[];0;0
"gtmetrix.com";[204.187.14.69:80];1;161860790;[[2607:fcc0:6::2]:80];1;160571101
"cima4u.ws";[104.26.10.177:80, 104.26.11.177:80, 172.67.71.248:80];3;6785277;[[2606:4700:20::681a:ab1]:80, [2606:4700:20::681a:bb1]:80, [2606:4700:20::ac43:47f8]:80];3;6667789
"statcounter.com";[104.22.52.65:80, 104.22.53.65:80, 172.67.38.97:80];3;7269698;[];0;0
"disqus.com";[151.101.0.134:80, 151.101.64.134:80, 151.101.128.134:80, 151.101.192.134:80];4;6853117;[];0;0
"thegatewaypundit.com";[104.22.4.85:80, 104.22.5.85:80, 172.67.41.88:80];3;6835423;[[2606:4700:10::6816:455]:80, [2606:4700:10::6816:555]:80, [2606:4700:10::ac43:2958]:80];3;6712740
"twinrdsrv.com";[172.66.40.197:80, 172.66.43.59:80];2;7193732;[[2606:4700:3108::ac42:28c5]:80, [2606:4700:3108::ac42:2b3b]:80];2;7006845
"jw.org";[104.125.25.124:80];1;7230052;[];0;0
"brilio.net";[35.229.226.215:80, 104.199.214.191:80, 104.199.248.22:80];3;264359024;[];0;0
"104.com.tw";[122.147.53.67:80];1;234512349;[];0;0
"buffer.com";[104.16.140.52:80, 104.16.141.52:80];2;7461285;[[2606:4700::6810:8c34]:80, [2606:4700::6810:8d34]:80];2;6632095
"amazon.com.br";[52.94.225.243:80, 54.239.26.87:80, 72.21.203.171:80];3;90292454;[];0;0
"flashscore.com";[34.96.84.62:80];1;7206801;[];0;0
"omgfin.com";[104.21.49.53:80, 172.67.159.10:80];2;7945174;[[2606:4700:3034::ac43:9f0a]:80, [2606:4700:3035::6815:3135]:80];2;6694446
"visitbeijing.com.cn";[49.51.65.59:80];1;160411782;[];0;0
"seznam.cz";[77.75.74.172:80, 77.75.74.176:80, 77.75.75.172:80, 77.75.75.176:80];4;17783841;[[2a02:598:3333:1::1]:80, [2a02:598:3333:1::2]:80, [2a02:598:4444:1::1]:80, [2a02:598:4444:1::2]:80];4;14158842
"zalo.me";[49.213.114.149:80];1;221183483;[];0;0
"techradar.com";[199.232.194.114:80, 199.232.198.114:80];2;7391173;[];0;0
"bancodevenezuela.com";[200.44.45.8:80];1;192692454;[];0;0
"united.com";[184.50.171.109:80];1;14566140;[];0;0
"soft98.ir";[79.127.127.35:80];1;85588060;[];0;0
"seekingalpha.com";[151.101.2.2:80, 151.101.66.2:80, 151.101.130.2:80, 151.101.194.2:80];4;7329065;[[2a04:4e42::514]:80, [2a04:4e42:200::514]:80, [2a04:4e42:400::514]:80, [2a04:4e42:600::514]:80];4;4898890
"live.net";[];0;0;[];0;0
"syf.com";[23.37.34.188:80];1;8285323;[];0;0
"mydrivers.com";[123.206.6.193:80];1;166526987;[];0;0
"tinkoff.ru";[178.248.236.218:80];1;7201681;[];0;0
"emalls.ir";[5.144.131.174:80];1;94720757;[];0;0
"hotels.com";[2.20.193.152:80];1;8059121;[[2a02:26f0:7100:183::277d]:80, [2a02:26f0:7100:1bd::277d]:80];2;7312476
"kohls.com";[23.210.252.206:80];1;7738260;[[2a02:26f0:1700:386::eaf]:80, [2a02:26f0:1700:393::eaf]:80];2;6466028
"mhlw.go.jp";[];0;0;[];0;0
"cimaclub.cc";[104.21.27.95:80, 172.67.142.35:80];2;7463074;[[2606:4700:3031::6815:1b5f]:80, [2606:4700:3036::ac43:8e23]:80];2;6118676
"youku.com";[106.11.43.158:80];1;176322780;[[2408:4001:f00::3a]:80, [2408:4001:f00::1af]:80, [2408:4001:f10::8]:80, [2408:4001:f10::fd]:80];4;227247368
"coinbase.com";[104.18.6.10:80, 104.18.7.10:80];2;7599985;[[2606:4700::6812:60a]:80, [2606:4700::6812:70a]:80];2;6653469
"newegg.com";[104.75.88.232:80];1;8053228;[];0;0
"hilton.com";[167.187.200.23:80];1;110265676;[];0;0
"gap.com";[23.38.70.53:80];1;15425504;[];0;0
"banggood.com";[148.153.55.244:80];1;126793168;[];0;0
"files.wordpress.com";[192.0.72.2:80];1;7934493;[];0;0
"nownews.com";[107.167.188.74:80];1;267429044;[];0;0
"rakuten-sec.co.jp";[124.215.210.14:80];1;249436556;[];0;0
"pchome.com.tw";[210.59.230.39:80];1;282390171;[];0;0
"asmag.com.cn";[112.74.142.41:80];1;204487270;[];0;0
"szu.edu.cn";[210.39.4.1:80];1;3418963296;[];0;0
"gittigidiyor.com";[93.187.67.10:80];1;56960995;[];0;0
"sozcu.com.tr";[34.77.181.136:80];1;17773676;[];0;0
"autotrader.com";[98.175.77.200:80];1;105197914;[];0;0
"topfo.com";[];0;0;[];0;0
"freevpn.win";[104.21.88.157:80, 172.67.185.200:80];2;7731740;[[2606:4700:3033::ac43:b9c8]:80, [2606:4700:3036::6815:589d]:80];2;6605088
"blackboardcdn.com";[99.86.4.34:80, 99.86.4.78:80, 99.86.4.109:80, 99.86.4.122:80];4;6664201;[];0;0
"wish.com";[50.18.205.177:80, 52.9.30.11:80, 52.9.168.113:80, 52.52.35.241:80, 52.52.58.28:80, 52.52.224.147:80, 54.183.177.201:80, 54.215.234.61:80];8;150935857;[[2600:1f1c:822:5e00:5f4:1483:67ec:6fb2]:80, [2600:1f1c:822:5e00:2302:579c:9a7f:d43f]:80, [2600:1f1c:822:5e00:3766:7246:d0af:40b6]:80, [2600:1f1c:822:5e00:5554:3cee:2aa5:bfd5]:80, [2600:1f1c:822:5e00:6397:3663:5803:44fd]:80, [2600:1f1c:822:5e00:9995:616:ef99:65c0]:80, [2600:1f1c:822:5e00:9de5:5886:d31e:41a5]:80, [2600:1f1c:822:5e00:c959:3308:e645:7ff1]:80];8;149613738
"mofidonline.com";[109.94.166.12:80];1;80204804;[];0;0
"betfury.io";[104.18.20.209:80, 104.18.21.209:80];2;7227432;[[2606:4700::6812:14d1]:80, [2606:4700::6812:15d1]:80];2;7251335
"sunporno.com";[46.229.171.171:80];1;91309824;[];0;0
"gmanetwork.com";[13.251.82.77:80];1;166700497;[];0;0
"finviz.com";[104.22.0.49:80, 104.22.1.49:80, 172.67.9.110:80];3;7329728;[[2606:4700:10::6816:31]:80, [2606:4700:10::6816:131]:80, [2606:4700:10::ac43:96e]:80];3;5619994
"edx.org";[18.66.122.60:80, 18.66.122.64:80, 18.66.122.70:80, 18.66.122.101:80];4;6147526;[];0;0
"cvs.com";[23.46.213.55:80];1;13819323;[];0;0
"livescore.com";[34.107.203.190:80];1;8583099;[];0;0
"realestate.com.au";[184.25.115.209:80];1;7610915;[[2a02:26f0:7100:29d::3413]:80, [2a02:26f0:7100:2bf::3413]:80];2;6929761
"editor.wix.com";[185.230.60.166:80];1;94389118;[];0;0
"qatarairways.com";[78.100.59.147:80];1;137019916;[];0;0
"list-manage.com";[205.201.132.96:80];1;109703616;[];0;0
"alicdn.com";[115.238.23.240:80, 140.205.77.240:80];2;0;[];0;0
"msi.com";[52.89.164.39:80];1;153668025;[];0;0
"ancestry.com";[45.60.63.104:80, 45.60.108.104:80];2;93765551;[];0;0
"mit.edu";[23.201.253.95:80];1;13732044;[[2a02:26f0:300:190::255e]:80, [2a02:26f0:300:19a::255e]:80];2;18948031
"yxdown.com";[180.188.20.43:80];1;0;[];0;0
"agah.com";[185.37.53.210:80];1;80739657;[];0;0
"bhaskar.com";[3.6.133.86:80, 35.154.14.139:80, 35.154.194.123:80];3;117236408;[];0;0
"constantcontact.com";[208.75.122.14:80];1;90168736;[];0;0
"championat.com";[81.19.86.0:80, 81.19.86.1:80, 81.19.86.2:80, 81.19.86.3:80, 81.19.86.4:80, 81.19.86.5:80];6;44617166;[];0;0
"springer.com";[195.128.8.134:80];1;17879351;[];0;0
"vistaprint.com";[23.201.167.95:80];1;7534414;[];0;0
"mufg.jp";[];0;0;[];0;0
"douyu.com";[157.185.169.206:80];1;234610689;[];0;0
"txxx.com";[104.21.234.32:80, 104.21.234.33:80];2;7221215;[[2606:4700:3038::6815:ea20]:80, [2606:4700:3038::6815:ea21]:80];2;12689441
"mi.com";[161.117.94.231:80, 161.117.97.92:80];2;236564312;[];0;0
"picoworkers.com";[104.26.8.117:80, 104.26.9.117:80, 172.67.70.192:80];3;7247265;[[2606:4700:20::681a:875]:80, [2606:4700:20::681a:975]:80, [2606:4700:20::ac43:46c0]:80];3;5212287
"znds.com";[114.215.191.157:80];1;207560110;[];0;0
"isna.ir";[185.143.233.3:80, 185.143.234.3:80];2;7339846;[[2a0c:a7c0::128b:4cd1]:80, [2a0c:a7c0:1::128b:4cd1]:80];2;6987777
"totaltopposts.com";[139.45.197.176:80];1;13281765;[];0;0
"milliyet.com.tr";[83.66.162.26:80];1;65999758;[];0;0
"rotabol.com";[109.206.162.83:80];1;13644473;[];0;0
"iau.ac.ir";[91.98.97.162:80];1;129371489;[];0;0
"itmedia.co.jp";[52.199.41.33:80, 54.65.86.98:80];2;231222247;[];0;0
"gst.gov.in";[103.83.76.18:80];1;145302906;[];0;0
"nexusmods.com";[104.22.2.55:80, 104.22.3.55:80, 172.67.15.252:80];3;7087182;[];0;0
"kdslife.com";[106.14.236.64:80];1;223923651;[];0;0
"theverge.com";[151.101.1.52:80, 151.101.65.52:80, 151.101.129.52:80, 151.101.193.52:80];4;6894965;[];0;0
"fararu.com";[94.182.146.222:80];1;84475290;[];0;0
"trulia.com";[52.222.236.29:80, 52.222.236.32:80, 52.222.236.61:80, 52.222.236.73:80];4;6803135;[];0;0
"hh.ru";[94.124.200.0:80];1;44542153;[];0;0
"rbc.ru";[80.68.253.13:80, 185.72.229.13:80];2;41973844;[];0;0
"wattpad.com";[99.86.4.27:80, 99.86.4.30:80, 99.86.4.101:80, 99.86.4.114:80];4;6525212;[];0;0
"indiatoday.in";[92.123.77.17:80, 92.123.77.50:80];2;13708586;[];0;0
"elephantbet.co.ao";[52.84.174.31:80, 52.84.174.99:80, 52.84.174.101:80, 52.84.174.111:80];4;11856656;[];0;0
"wangdaidongfang.com";[];0;0;[];0;0
"yinyuetai.com";[39.106.161.87:80];1;159448276;[];0;0
"vseigru.net";[178.162.215.85:80];1;7155612;[];0;0
"sporx.com";[35.210.142.220:80];1;16288831;[];0;0
"nur.kz";[91.215.139.234:80, 91.215.139.235:80];2;99937141;[];0;0
"shopee.sg";[103.115.76.67:80];1;189488487;[];0;0
"vecteezy.com";[54.80.25.205:80, 100.25.5.21:80];2;91672471;[];0;0
"subscene.com";[104.27.206.92:80, 104.27.207.92:80];2;6890866;[];0;0
"cengage.com";[69.32.208.75:80];1;105472589;[];0;0
"axisbank.com";[23.217.134.76:80];1;14821776;[[2a02:26f0:d7:3a2::117]:80, [2a02:26f0:d7:3bf::117]:80];2;11335088
"motherless.com";[185.107.81.233:80, 185.107.81.234:80];2;15297779;[];0;0
"time.ir";[185.13.228.162:80];1;93675463;[];0;0
"epfindia.gov.in";[164.100.160.96:80];1;209349330;[];0;0
"gazeta.pl";[80.252.0.145:80];1;24571687;[];0;0
"pnc.com";[23.51.234.120:80];1;33730040;[];0;0
"tsichuan.com";[];0;0;[];0;0
"kinopoisk.ru";[87.250.251.105:80, 213.180.193.105:80];2;37616796;[[2a02:6b8::2:105]:80];1;36726615
"intel.com";[13.91.95.74:80];1;165045121;[];0;0
"makemytrip.com";[3.33.210.219:80, 15.197.238.104:80];2;7029534;[];0;0
"cafe24.com";[14.128.128.241:80];1;289373456;[];0;0
"zingnews.vn";[118.102.1.111:80];1;245921734;[];0;0
"readmanganato.com";[104.26.10.16:80, 104.26.11.16:80, 172.67.75.100:80];3;6978410;[[2606:4700:20::681a:a10]:80, [2606:4700:20::681a:b10]:80, [2606:4700:20::ac43:4b64]:80];3;4455006
"odoo.com";[178.33.40.43:80];1;15328448;[[2001:41d0:203:61d5::]:80];1;16402522
"southwest.com";[66.150.1.229:80, 208.94.153.99:80];2;123271896;[];0;0
"download-adblock.com";[172.64.96.13:80, 172.64.97.13:80];2;6969736;[[2606:4700:e0::ac40:600d]:80, [2606:4700:e0::ac40:610d]:80];2;6458675
"agacelebir.com";[139.45.197.238:80];1;12795417;[];0;0
"scarlet-clicks.info";[104.21.80.8:80, 172.67.172.143:80];2;6946749;[[2606:4700:3033::6815:5008]:80, [2606:4700:3034::ac43:ac8f]:80];2;7073890
"ajio.com";[116.50.83.240:80];1;128430881;[];0;0
"perfectmoney.com";[93.115.95.83:80];1;32792490;[];0;0
"shahed4u.onl";[104.21.46.237:80, 172.67.143.41:80];2;7567598;[[2606:4700:3030::6815:2eed]:80, [2606:4700:3033::ac43:8f29]:80];2;6451491
"audible.com";[52.94.224.232:80, 54.239.29.73:80, 54.239.31.60:80];3;90942570;[];0;0
"olymptrade.com";[185.104.210.32:80];1;7906553;[];0;0
"kp.ru";[95.163.94.199:80, 95.163.94.239:80, 95.163.95.9:80, 95.163.95.29:80, 95.163.95.59:80, 95.163.95.109:80, 95.163.95.129:80, 95.163.95.149:80, 95.163.95.169:80];9;39390985;[];0;0
"tamildhool.net";[172.64.196.16:80, 172.64.197.16:80];2;7230874;[[2606:4700:e6::ac40:c410]:80, [2606:4700:e6::ac40:c510]:80];2;6465485
"cracked.com";[18.66.122.21:80, 18.66.122.30:80, 18.66.122.94:80, 18.66.122.113:80];4;6243696;[];0;0
"zappos.com";[35.155.160.203:80, 35.163.241.93:80];2;148616412;[];0;0
"porntop.com";[104.21.14.97:80, 172.67.158.155:80];2;7865104;[[2606:4700:3030::6815:e61]:80, [2606:4700:3031::ac43:9e9b]:80];2;5521942
"zee5.com";[3.6.97.109:80];1;120469590;[];0;0
"chrono24.com";[104.17.217.13:80, 104.17.218.13:80];2;6769069;[];0;0
"xbox.com";[13.77.161.179:80, 40.76.4.15:80, 40.112.72.205:80, 40.113.200.201:80, 104.215.148.63:80];5;115602935;[];0;0
"asriran.com";[94.182.146.195:80];1;86302775;[];0;0
"houzz.com";[151.101.0.93:80, 151.101.64.93:80, 151.101.128.93:80, 151.101.192.93:80];4;6305743;[];0;0
"kino-teatr.ru";[178.218.212.59:80];1;42489139;[];0;0
"mehrnews.com";[185.143.233.102:80, 185.143.234.102:80];2;6899010;[];0;0
"258.com";[117.25.149.206:80];1;225102910;[];0;0
"azure.com";[20.37.196.198:80, 20.43.132.131:80, 20.49.104.40:80, 20.50.2.51:80, 40.74.100.137:80, 40.112.243.51:80, 191.235.228.36:80];7;159860343;[];0;0
"xozilla.com";[31.220.24.117:80];1;13049785;[[2a02:b4a:1:1::9507:1]:80];1;12797207
"pixiv.net";[210.140.131.200:80, 210.140.131.202:80, 210.140.131.219:80, 210.140.131.223:80];4;253415378;[];0;0
"depositphotos.com";[135.84.52.6:80];1;12425959;[];0;0
"gamer.com.tw";[104.16.181.30:80, 104.16.182.30:80];2;6847639;[];0;0
"kinogo.biz";[172.66.40.204:80, 172.66.43.52:80];2;6810425;[[2606:4700:3108::ac42:28cc]:80, [2606:4700:3108::ac42:2b34]:80];2;5965776
"gumtree.com";[91.195.49.249:80, 91.211.73.249:80];2;26176499;[];0;0
"google.com.pe";[142.250.181.227:80];1;6098455;[[2a00:1450:4001:812::2003]:80];1;7489791
"eastmoney.com";[61.152.229.228:80];1;198350993;[];0;0
"gmw.cn";[123.56.255.157:80];1;164484354;[[2408:400a:38:400:df2e:c0f8:764e:7f21]:80];1;189942265
"maisonmargiela.com";[23.64.47.73:80];1;18724599;[];0;0
"wired.com";[151.101.2.194:80, 151.101.66.194:80, 151.101.130.194:80, 151.101.194.194:80];4;6141896;[];0;0
"surveymonkey.com";[18.66.112.26:80, 18.66.112.30:80, 18.66.112.77:80, 18.66.112.88:80];4;6032126;[];0;0
"lyst.com";[34.240.209.40:80, 52.16.180.84:80, 54.76.240.185:80];3;25757801;[];0;0
"faucetpay.io";[104.26.14.248:80, 104.26.15.248:80, 172.67.73.108:80];3;6839119;[[2606:4700:20::681a:ef8]:80, [2606:4700:20::681a:ff8]:80, [2606:4700:20::ac43:496c]:80];3;3567423
"dafont.com";[51.91.129.67:80];1;14290600;[];0;0
"myanimelist.net";[65.9.71.32:80, 65.9.71.34:80, 65.9.71.82:80, 65.9.71.117:80];4;6190419;[];0;0
"jugantor.com";[104.22.12.40:80, 104.22.13.40:80, 172.67.14.228:80];3;7292758;[[2606:4700:10::6816:c28]:80, [2606:4700:10::6816:d28]:80, [2606:4700:10::ac43:ee4]:80];3;3147367
"aweber.com";[204.194.222.28:80];1;104606073;[];0;0
"qoo10.jp";[35.213.108.43:80];1;240958829;[];0;0
"cfsbcn.com";[61.188.39.228:80];1;255442262;[];0;0
"wowhead.com";[13.32.99.39:80, 13.32.99.78:80, 13.32.99.89:80, 13.32.99.127:80];4;5858044;[];0;0
"dogeminingpaid.com";[185.186.53.195:80];1;159068851;[];0;0
"t-mobile.com";[45.60.11.176:80];1;111891611;[];0;0
"mega.nz";[66.203.127.18:80];1;13254676;[[2a0b:e40:3::18]:80];1;12302993
"xmnn.cn";[203.107.42.43:80];1;235249857;[];0;0
"visualstudio.com";[13.107.42.18:80];1;9012573;[];0;0
"popads.net";[216.21.13.12:80, 216.21.13.13:80];2;14847019;[];0;0
"dior.com";[95.101.82.218:80, 95.101.83.65:80];2;7129428;[];0;0
"leetcode.com";[104.26.8.101:80, 104.26.9.101:80, 172.67.72.213:80];3;6796949;[[2606:4700:20::681a:865]:80, [2606:4700:20::681a:965]:80, [2606:4700:20::ac43:48d5]:80];3;3141785
"kinogo.la";[104.21.85.181:80, 172.67.208.225:80];2;6517355;[[2606:4700:3035::ac43:d0e1]:80, [2606:4700:3037::6815:55b5]:80];2;6016919
"upbit.com";[104.17.185.185:80, 104.17.186.185:80];2;6740354;[];0;0
"u.gg";[3.120.52.29:80, 3.120.105.74:80, 52.57.164.210:80];3;6523318;[];0;0
"urbandictionary.com";[151.101.0.207:80, 151.101.64.207:80, 151.101.128.207:80, 151.101.192.207:80];4;6255255;[[2a04:4e42::207]:80, [2a04:4e42:200::207]:80, [2a04:4e42:400::207]:80, [2a04:4e42:600::207]:80, [2a04:4e42:800::207]:80, [2a04:4e42:a00::207]:80, [2a04:4e42:c00::207]:80, [2a04:4e42:e00::207]:80];8;1484492
"elsevier.com";[43.245.43.18:80];1;24488009;[];0;0
"pinterest.jp";[151.101.0.84:80, 151.101.64.84:80, 151.101.128.84:80, 151.101.192.84:80];4;6390833;[];0;0
"manyvids.com";[65.9.71.4:80, 65.9.71.5:80, 65.9.71.40:80, 65.9.71.48:80];4;6082953;[];0;0
"techgeek.digital";[104.26.6.109:80, 104.26.7.109:80, 172.67.68.142:80];3;6908640;[[2606:4700:20::681a:66d]:80, [2606:4700:20::681a:76d]:80, [2606:4700:20::ac43:448e]:80];3;2869515
"5acbd.com";[119.37.199.219:80];1;224475906;[];0;0
"americanas.com.br";[3.85.179.206:80, 34.206.205.158:80, 54.235.94.62:80];3;90931237;[];0;0
"otomoto.pl";[75.2.8.141:80];1;6022965;[];0;0
"skippyads.com";[104.26.8.193:80, 104.26.9.193:80, 172.67.75.178:80];3;6924127;[[2606:4700:20::681a:8c1]:80, [2606:4700:20::681a:9c1]:80, [2606:4700:20::ac43:4bb2]:80];3;2779028
